[18-Nov-2025 17:36:52 America/Mexico_City] Sistema iniciado - 2025-11-18 17:36:52
[18-Nov-2025 17:36:52 America/Mexico_City] Script finalizado - Tiempo de ejecución: 0.052s
[18-Nov-2025 17:36:56 America/Mexico_City] Sistema iniciado - 2025-11-18 17:36:56
[18-Nov-2025 17:36:56 America/Mexico_City] Script finalizado - Tiempo de ejecución: 0.041s
[19-Nov-2025 09:26:30 America/Mexico_City] Sistema iniciado - 2025-11-19 09:26:30
[19-Nov-2025 09:26:30 America/Mexico_City] Script finalizado - Tiempo de ejecución: 0.074s
[19-Nov-2025 09:27:19 America/Mexico_City] Sistema iniciado - 2025-11-19 09:27:19
[19-Nov-2025 09:27:19 America/Mexico_City] Script finalizado - Tiempo de ejecución: 0.025s
[19-Nov-2025 09:27:22 America/Mexico_City] Sistema iniciado - 2025-11-19 09:27:22
[19-Nov-2025 09:27:22 America/Mexico_City] Script finalizado - Tiempo de ejecución: 0.039s
[19-Nov-2025 10:31:10 America/Mexico_City] Sistema iniciado - 2025-11-19 10:31:10
[19-Nov-2025 10:31:10 America/Mexico_City] Script finalizado - Tiempo de ejecución: 0.052s
[19-Nov-2025 11:58:00 America/Mexico_City] Sistema iniciado - 2025-11-19 11:58:00
[19-Nov-2025 11:58:00 America/Mexico_City] Script finalizado - Tiempo de ejecución: 0.051s
[19-Nov-2025 11:58:03 America/Mexico_City] Sistema iniciado - 2025-11-19 11:58:03
[19-Nov-2025 11:58:03 America/Mexico_City] Script finalizado - Tiempo de ejecución: 0.031s
[19-Nov-2025 11:58:28 America/Mexico_City] Sistema iniciado - 2025-11-19 11:58:28
[19-Nov-2025 11:58:28 America/Mexico_City] PHP Warning:  Undefined variable $cotizacion in C:\xampp\htdocs\P.V\views\clientes\listar.php on line 141
[19-Nov-2025 11:58:28 America/Mexico_City] PHP Warning:  Trying to access array offset on value of type null in C:\xampp\htdocs\P.V\views\clientes\listar.php on line 141
[19-Nov-2025 11:58:28 America/Mexico_City] PHP Warning:  Undefined variable $cotizacion in C:\xampp\htdocs\P.V\views\clientes\listar.php on line 141
[19-Nov-2025 11:58:28 America/Mexico_City] PHP Warning:  Trying to access array offset on value of type null in C:\xampp\htdocs\P.V\views\clientes\listar.php on line 141
[19-Nov-2025 11:58:28 America/Mexico_City] PHP Warning:  Undefined variable $cotizacion in C:\xampp\htdocs\P.V\views\clientes\listar.php on line 141
[19-Nov-2025 11:58:28 America/Mexico_City] PHP Warning:  Trying to access array offset on value of type null in C:\xampp\htdocs\P.V\views\clientes\listar.php on line 141
[19-Nov-2025 11:58:28 America/Mexico_City] PHP Warning:  Undefined variable $cotizacion in C:\xampp\htdocs\P.V\views\clientes\listar.php on line 141
[19-Nov-2025 11:58:28 America/Mexico_City] PHP Warning:  Trying to access array offset on value of type null in C:\xampp\htdocs\P.V\views\clientes\listar.php on line 141
[19-Nov-2025 11:58:28 America/Mexico_City] PHP Warning:  Undefined variable $cotizacion in C:\xampp\htdocs\P.V\views\clientes\listar.php on line 141
[19-Nov-2025 11:58:28 America/Mexico_City] PHP Warning:  Trying to access array offset on value of type null in C:\xampp\htdocs\P.V\views\clientes\listar.php on line 141
[19-Nov-2025 11:58:28 America/Mexico_City] PHP Warning:  Undefined variable $cotizacion in C:\xampp\htdocs\P.V\views\clientes\listar.php on line 141
[19-Nov-2025 11:58:28 America/Mexico_City] PHP Warning:  Trying to access array offset on value of type null in C:\xampp\htdocs\P.V\views\clientes\listar.php on line 141
[19-Nov-2025 11:58:28 America/Mexico_City] PHP Warning:  Undefined variable $cotizacion in C:\xampp\htdocs\P.V\views\clientes\listar.php on line 141
[19-Nov-2025 11:58:28 America/Mexico_City] PHP Warning:  Trying to access array offset on value of type null in C:\xampp\htdocs\P.V\views\clientes\listar.php on line 141
[19-Nov-2025 11:58:28 America/Mexico_City] PHP Warning:  Undefined variable $cotizacion in C:\xampp\htdocs\P.V\views\clientes\listar.php on line 141
[19-Nov-2025 11:58:28 America/Mexico_City] PHP Warning:  Trying to access array offset on value of type null in C:\xampp\htdocs\P.V\views\clientes\listar.php on line 141
[19-Nov-2025 11:58:28 America/Mexico_City] Script finalizado - Tiempo de ejecución: 0.117s
[19-Nov-2025 11:59:16 America/Mexico_City] Sistema iniciado - 2025-11-19 11:59:16
[19-Nov-2025 11:59:16 America/Mexico_City] Script finalizado - Tiempo de ejecución: 0.053s
[19-Nov-2025 11:59:18 America/Mexico_City] Sistema iniciado - 2025-11-19 11:59:18
[19-Nov-2025 11:59:18 America/Mexico_City] Script finalizado - Tiempo de ejecución: 0.016s
[19-Nov-2025 11:59:23 America/Mexico_City] Sistema iniciado - 2025-11-19 11:59:23
[19-Nov-2025 11:59:23 America/Mexico_City] Script finalizado - Tiempo de ejecución: 0.031s
[19-Nov-2025 11:59:24 America/Mexico_City] Sistema iniciado - 2025-11-19 11:59:24
[19-Nov-2025 11:59:24 America/Mexico_City] Script finalizado - Tiempo de ejecución: 0.026s
[19-Nov-2025 11:59:46 America/Mexico_City] Sistema iniciado - 2025-11-19 11:59:46
[19-Nov-2025 11:59:46 America/Mexico_City] Script finalizado - Tiempo de ejecución: 0.036s
[19-Nov-2025 11:59:50 America/Mexico_City] Sistema iniciado - 2025-11-19 11:59:50
[19-Nov-2025 11:59:50 America/Mexico_City] Script finalizado - Tiempo de ejecución: 0.037s
[19-Nov-2025 12:33:44 America/Mexico_City] Sistema iniciado - 2025-11-19 12:33:44
[19-Nov-2025 12:33:44 America/Mexico_City] Script finalizado - Tiempo de ejecución: 0.073s
[19-Nov-2025 14:00:22 America/Mexico_City] Sistema iniciado - 2025-11-19 14:00:22
[19-Nov-2025 14:00:22 America/Mexico_City] Script finalizado - Tiempo de ejecución: 0.031s
[19-Nov-2025 14:00:36 America/Mexico_City] Sistema iniciado - 2025-11-19 14:00:36
[19-Nov-2025 14:00:36 America/Mexico_City] Script finalizado - Tiempo de ejecución: 0.015s
[19-Nov-2025 14:03:21 America/Mexico_City] PHP Parse error:  syntax error, unexpected integer "50", expecting "]" in C:\xampp\htdocs\P.V\config\email.php on line 29
[19-Nov-2025 14:03:24 America/Mexico_City] PHP Parse error:  syntax error, unexpected integer "50", expecting "]" in C:\xampp\htdocs\P.V\config\email.php on line 29
[19-Nov-2025 14:03:29 America/Mexico_City] PHP Parse error:  syntax error, unexpected integer "50", expecting "]" in C:\xampp\htdocs\P.V\config\email.php on line 29
[19-Nov-2025 14:03:33 America/Mexico_City] PHP Parse error:  syntax error, unexpected integer "50", expecting "]" in C:\xampp\htdocs\P.V\config\email.php on line 29
[19-Nov-2025 14:04:07 America/Mexico_City] Sistema iniciado - 2025-11-19 14:04:07
[19-Nov-2025 14:04:07 America/Mexico_City] Script finalizado - Tiempo de ejecución: 0.02s
[19-Nov-2025 14:04:10 America/Mexico_City] Sistema iniciado - 2025-11-19 14:04:10
[19-Nov-2025 14:04:10 America/Mexico_City] Script finalizado - Tiempo de ejecución: 0.012s
[19-Nov-2025 16:00:26 America/Mexico_City] Sistema iniciado - 2025-11-19 16:00:26
[19-Nov-2025 16:00:26 America/Mexico_City] PHP Fatal error:  Uncaught Error: Call to undefined function imap_open() in C:\xampp\htdocs\P.V\config\email.php:444
Stack trace:
#0 C:\xampp\htdocs\P.V\config\email.php(652): IMAPService->connect()
#1 C:\xampp\htdocs\P.V\test_imap.php(104): get_imap_service()
#2 {main}
  thrown in C:\xampp\htdocs\P.V\config\email.php on line 444
[19-Nov-2025 16:00:26 America/Mexico_City] Script finalizado - Tiempo de ejecución: 0.164s
[19-Nov-2025 16:09:40 America/Mexico_City] Sistema iniciado - 2025-11-19 16:09:40
[19-Nov-2025 16:09:40 America/Mexico_City] PHP Fatal error:  Uncaught Error: PDOStatement::bindParam(): Argument #2 ($var) cannot be passed by reference in C:\xampp\htdocs\P.V\models\ConversacionCotizacion.php:26
Stack trace:
#0 C:\xampp\htdocs\P.V\controllers\crear_cotizacion.php(79): ConversacionCotizacion->crear(Array)
#1 {main}
  thrown in C:\xampp\htdocs\P.V\models\ConversacionCotizacion.php on line 26
[19-Nov-2025 16:09:40 America/Mexico_City] Script finalizado - Tiempo de ejecución: 0.076s
[19-Nov-2025 16:12:43 America/Mexico_City] Sistema iniciado - 2025-11-19 16:12:43
[19-Nov-2025 16:12:43 America/Mexico_City] PHP Fatal error:  Uncaught Error: PDOStatement::bindParam(): Argument #2 ($var) cannot be passed by reference in C:\xampp\htdocs\P.V\models\ConversacionCotizacion.php:26
Stack trace:
#0 C:\xampp\htdocs\P.V\controllers\crear_cotizacion.php(79): ConversacionCotizacion->crear(Array)
#1 {main}
  thrown in C:\xampp\htdocs\P.V\models\ConversacionCotizacion.php on line 26
[19-Nov-2025 16:12:43 America/Mexico_City] Script finalizado - Tiempo de ejecución: 0.115s
[19-Nov-2025 16:14:12 America/Mexico_City] Sistema iniciado - 2025-11-19 16:14:12
[19-Nov-2025 16:14:12 America/Mexico_City] PHP Fatal error:  Uncaught Error: PDOStatement::bindParam(): Argument #2 ($var) cannot be passed by reference in C:\xampp\htdocs\P.V\models\ConversacionCotizacion.php:26
Stack trace:
#0 C:\xampp\htdocs\P.V\controllers\crear_cotizacion.php(79): ConversacionCotizacion->crear(Array)
#1 {main}
  thrown in C:\xampp\htdocs\P.V\models\ConversacionCotizacion.php on line 26
[19-Nov-2025 16:14:12 America/Mexico_City] Script finalizado - Tiempo de ejecución: 0.083s
[19-Nov-2025 16:14:30 America/Mexico_City] Sistema iniciado - 2025-11-19 16:14:30
[19-Nov-2025 16:14:30 America/Mexico_City] PHP Fatal error:  Uncaught Error: PDOStatement::bindParam(): Argument #2 ($var) cannot be passed by reference in C:\xampp\htdocs\P.V\models\ConversacionCotizacion.php:26
Stack trace:
#0 C:\xampp\htdocs\P.V\controllers\crear_cotizacion.php(79): ConversacionCotizacion->crear(Array)
#1 {main}
  thrown in C:\xampp\htdocs\P.V\models\ConversacionCotizacion.php on line 26
[19-Nov-2025 16:14:30 America/Mexico_City] Script finalizado - Tiempo de ejecución: 0.093s
[19-Nov-2025 16:14:31 America/Mexico_City] Sistema iniciado - 2025-11-19 16:14:31
[19-Nov-2025 16:14:31 America/Mexico_City] PHP Fatal error:  Uncaught Error: PDOStatement::bindParam(): Argument #2 ($var) cannot be passed by reference in C:\xampp\htdocs\P.V\models\ConversacionCotizacion.php:26
Stack trace:
#0 C:\xampp\htdocs\P.V\controllers\crear_cotizacion.php(79): ConversacionCotizacion->crear(Array)
#1 {main}
  thrown in C:\xampp\htdocs\P.V\models\ConversacionCotizacion.php on line 26
[19-Nov-2025 16:14:31 America/Mexico_City] Script finalizado - Tiempo de ejecución: 0.101s
[19-Nov-2025 16:22:48 America/Mexico_City] Sistema iniciado - 2025-11-19 16:22:48
[19-Nov-2025 16:22:48 America/Mexico_City] Script finalizado - Tiempo de ejecución: 0.034s
[19-Nov-2025 16:22:59 America/Mexico_City] Sistema iniciado - 2025-11-19 16:22:59
[19-Nov-2025 16:22:59 America/Mexico_City] Script finalizado - Tiempo de ejecución: 0.103s
[19-Nov-2025 16:28:02 America/Mexico_City] Sistema iniciado - 2025-11-19 16:28:02
[19-Nov-2025 16:28:02 America/Mexico_City] PHP Fatal error:  Uncaught Error: PDOStatement::bindParam(): Argument #2 ($var) cannot be passed by reference in C:\xampp\htdocs\P.V\models\ConversacionCotizacion.php:26
Stack trace:
#0 C:\xampp\htdocs\P.V\controllers\crear_cotizacion.php(79): ConversacionCotizacion->crear(Array)
#1 C:\xampp\htdocs\P.V\test_crear_cotizacion_direct.php(26): include('C:\\xampp\\htdocs...')
#2 {main}
  thrown in C:\xampp\htdocs\P.V\models\ConversacionCotizacion.php on line 26
[19-Nov-2025 16:28:02 America/Mexico_City] Script finalizado - Tiempo de ejecución: 0.086s
[19-Nov-2025 16:29:52 America/Mexico_City] Sistema iniciado - 2025-11-19 16:29:52
[19-Nov-2025 16:29:54 America/Mexico_City] PHP Warning:  mail(): Failed to connect to mailserver at "localhost" port 25, verify your "SMTP" and "smtp_port" setting in php.ini or use ini_set() in C:\xampp\htdocs\P.V\models\Notificacion.php on line 108
[19-Nov-2025 16:29:54 America/Mexico_City] Output captured before JSON response in crear_cotizacion: 
Warning: mail(): Failed to connect to mailserver at "localhost" port 25, verify your "SMTP" and "smtp_port" setting in php.ini or use ini_set() in C:\xampp\htdocs\P.V\models\Notificacion.php on line 108

[19-Nov-2025 16:29:54 America/Mexico_City] Script finalizado - Tiempo de ejecución: 2.156s
[19-Nov-2025 16:39:00 America/Mexico_City] Sistema iniciado - 2025-11-19 16:39:01
[19-Nov-2025 16:39:03 America/Mexico_City] PHP Warning:  mail(): Failed to connect to mailserver at &quot;localhost&quot; port 25, verify your &quot;SMTP&quot; and &quot;smtp_port&quot; setting in php.ini or use ini_set() in C:\xampp\htdocs\P.V\models\Notificacion.php on line 108
[19-Nov-2025 16:39:03 America/Mexico_City] Output captured before JSON response in crear_cotizacion: <br />
<b>Warning</b>:  mail(): Failed to connect to mailserver at &quot;localhost&quot; port 25, verify your &quot;SMTP&quot; and &quot;smtp_port&quot; setting in php.ini or use ini_set() in <b>C:\xampp\htdocs\P.V\models\Notificacion.php</b> on line <b>108</b><br />

[19-Nov-2025 16:39:03 America/Mexico_City] Script finalizado - Tiempo de ejecución: 2.151s
[19-Nov-2025 16:41:51 America/Mexico_City] Sistema iniciado - 2025-11-19 16:41:51
[19-Nov-2025 16:41:53 America/Mexico_City] PHP Warning:  mail(): Failed to connect to mailserver at &quot;localhost&quot; port 25, verify your &quot;SMTP&quot; and &quot;smtp_port&quot; setting in php.ini or use ini_set() in C:\xampp\htdocs\P.V\models\Notificacion.php on line 108
[19-Nov-2025 16:41:53 America/Mexico_City] Output captured before JSON response in crear_cotizacion: <br />
<b>Warning</b>:  mail(): Failed to connect to mailserver at &quot;localhost&quot; port 25, verify your &quot;SMTP&quot; and &quot;smtp_port&quot; setting in php.ini or use ini_set() in <b>C:\xampp\htdocs\P.V\models\Notificacion.php</b> on line <b>108</b><br />

[19-Nov-2025 16:41:53 America/Mexico_City] Script finalizado - Tiempo de ejecución: 2.186s
[19-Nov-2025 16:45:53 America/Mexico_City] Sistema iniciado - 2025-11-19 16:45:53
[19-Nov-2025 16:45:53 America/Mexico_City] Script finalizado - Tiempo de ejecución: 0.029s
[19-Nov-2025 16:46:16 America/Mexico_City] Sistema iniciado - 2025-11-19 16:46:16
[19-Nov-2025 16:46:18 America/Mexico_City] PHP Warning:  mail(): Failed to connect to mailserver at &quot;localhost&quot; port 25, verify your &quot;SMTP&quot; and &quot;smtp_port&quot; setting in php.ini or use ini_set() in C:\xampp\htdocs\P.V\models\Notificacion.php on line 108
[19-Nov-2025 16:46:18 America/Mexico_City] Output captured before JSON response in crear_cotizacion: <br />
<b>Warning</b>:  mail(): Failed to connect to mailserver at &quot;localhost&quot; port 25, verify your &quot;SMTP&quot; and &quot;smtp_port&quot; setting in php.ini or use ini_set() in <b>C:\xampp\htdocs\P.V\models\Notificacion.php</b> on line <b>108</b><br />

[19-Nov-2025 16:46:18 America/Mexico_City] Script finalizado - Tiempo de ejecución: 2.169s
[19-Nov-2025 16:47:56 America/Mexico_City] Sistema iniciado - 2025-11-19 16:47:56
[19-Nov-2025 16:47:58 America/Mexico_City] PHP Warning:  mail(): Failed to connect to mailserver at &quot;localhost&quot; port 25, verify your &quot;SMTP&quot; and &quot;smtp_port&quot; setting in php.ini or use ini_set() in C:\xampp\htdocs\P.V\models\Notificacion.php on line 108
[19-Nov-2025 16:47:58 America/Mexico_City] Output captured before JSON response in crear_cotizacion: <br />
<b>Warning</b>:  mail(): Failed to connect to mailserver at &quot;localhost&quot; port 25, verify your &quot;SMTP&quot; and &quot;smtp_port&quot; setting in php.ini or use ini_set() in <b>C:\xampp\htdocs\P.V\models\Notificacion.php</b> on line <b>108</b><br />

[19-Nov-2025 16:47:58 America/Mexico_City] Script finalizado - Tiempo de ejecución: 2.15s
[19-Nov-2025 16:58:09 America/Mexico_City] Sistema iniciado - 2025-11-19 16:58:09
[19-Nov-2025 16:58:09 America/Mexico_City] PHP Notice:  session_start(): Ignoring session_start() because a session is already active in C:\xampp\htdocs\P.V\index.php on line 11
[19-Nov-2025 16:58:09 America/Mexico_City] Script finalizado - Tiempo de ejecución: 0.034s
[19-Nov-2025 16:58:09 America/Mexico_City] Sistema iniciado - 2025-11-19 16:58:09
[19-Nov-2025 16:58:09 America/Mexico_City] Script finalizado - Tiempo de ejecución: 0.034s
[19-Nov-2025 16:58:23 America/Mexico_City] Sistema iniciado - 2025-11-19 16:58:23
[19-Nov-2025 16:58:23 America/Mexico_City] Script finalizado - Tiempo de ejecución: 0.023s
[19-Nov-2025 16:58:39 America/Mexico_City] Sistema iniciado - 2025-11-19 16:58:39
[19-Nov-2025 16:58:39 America/Mexico_City] PHP Notice:  session_start(): Ignoring session_start() because a session is already active in C:\xampp\htdocs\P.V\index.php on line 11
[19-Nov-2025 16:58:39 America/Mexico_City] Script finalizado - Tiempo de ejecución: 0.02s
[19-Nov-2025 16:58:39 America/Mexico_City] Sistema iniciado - 2025-11-19 16:58:39
[19-Nov-2025 16:58:39 America/Mexico_City] Script finalizado - Tiempo de ejecución: 0.022s
[19-Nov-2025 17:18:58 America/Mexico_City] Sistema iniciado - 2025-11-19 17:18:58
[19-Nov-2025 17:18:58 America/Mexico_City] Script finalizado - Tiempo de ejecución: 0.105s
[19-Nov-2025 17:19:49 America/Mexico_City] Sistema iniciado - 2025-11-19 17:19:49
[19-Nov-2025 17:19:49 America/Mexico_City] Script finalizado - Tiempo de ejecución: 0.035s
[19-Nov-2025 17:21:07 America/Mexico_City] Sistema iniciado - 2025-11-19 17:21:07
[19-Nov-2025 17:21:07 America/Mexico_City] Script finalizado - Tiempo de ejecución: 0.028s
[19-Nov-2025 17:44:46 America/Mexico_City] Sistema iniciado - 2025-11-19 17:44:46
[19-Nov-2025 17:44:46 America/Mexico_City] Script finalizado - Tiempo de ejecución: 0.025s
[19-Nov-2025 17:44:51 America/Mexico_City] Sistema iniciado - 2025-11-19 17:44:51
[19-Nov-2025 17:44:51 America/Mexico_City] Script finalizado - Tiempo de ejecución: 0.04s
[19-Nov-2025 17:44:59 America/Mexico_City] Sistema iniciado - 2025-11-19 17:44:59
[19-Nov-2025 17:44:59 America/Mexico_City] Script finalizado - Tiempo de ejecución: 0.036s
[19-Nov-2025 17:45:01 America/Mexico_City] Sistema iniciado - 2025-11-19 17:45:01
[19-Nov-2025 17:45:01 America/Mexico_City] Script finalizado - Tiempo de ejecución: 0.033s
[19-Nov-2025 17:45:06 America/Mexico_City] Sistema iniciado - 2025-11-19 17:45:06
[19-Nov-2025 17:45:06 America/Mexico_City] Script finalizado - Tiempo de ejecución: 0.048s
[19-Nov-2025 17:46:22 America/Mexico_City] Sistema iniciado - 2025-11-19 17:46:22
[19-Nov-2025 17:46:22 America/Mexico_City] Script finalizado - Tiempo de ejecución: 0.041s
[19-Nov-2025 17:46:27 America/Mexico_City] Sistema iniciado - 2025-11-19 17:46:27
[19-Nov-2025 17:46:27 America/Mexico_City] Script finalizado - Tiempo de ejecución: 0.024s
[19-Nov-2025 17:46:29 America/Mexico_City] Sistema iniciado - 2025-11-19 17:46:29
[19-Nov-2025 17:46:29 America/Mexico_City] Script finalizado - Tiempo de ejecución: 0.026s
[19-Nov-2025 17:46:31 America/Mexico_City] Sistema iniciado - 2025-11-19 17:46:31
[19-Nov-2025 17:46:31 America/Mexico_City] Script finalizado - Tiempo de ejecución: 0.05s
[19-Nov-2025 17:46:35 America/Mexico_City] Sistema iniciado - 2025-11-19 17:46:35
[19-Nov-2025 17:46:35 America/Mexico_City] Script finalizado - Tiempo de ejecución: 0.03s
[19-Nov-2025 17:46:49 America/Mexico_City] Sistema iniciado - 2025-11-19 17:46:49
[19-Nov-2025 17:46:49 America/Mexico_City] Script finalizado - Tiempo de ejecución: 0.082s
[19-Nov-2025 17:46:51 America/Mexico_City] Sistema iniciado - 2025-11-19 17:46:51
[19-Nov-2025 17:46:51 America/Mexico_City] Script finalizado - Tiempo de ejecución: 0.024s
[19-Nov-2025 17:47:08 America/Mexico_City] Sistema iniciado - 2025-11-19 17:47:08
[19-Nov-2025 17:47:08 America/Mexico_City] Script finalizado - Tiempo de ejecución: 0.077s
[19-Nov-2025 17:47:09 America/Mexico_City] Sistema iniciado - 2025-11-19 17:47:09
[19-Nov-2025 17:47:09 America/Mexico_City] Script finalizado - Tiempo de ejecución: 0.03s
[19-Nov-2025 17:47:27 America/Mexico_City] Sistema iniciado - 2025-11-19 17:47:27
[19-Nov-2025 17:47:27 America/Mexico_City] Script finalizado - Tiempo de ejecución: 0.038s
[19-Nov-2025 17:47:50 America/Mexico_City] Sistema iniciado - 2025-11-19 17:47:50
[19-Nov-2025 17:47:50 America/Mexico_City] Script finalizado - Tiempo de ejecución: 0.025s
[19-Nov-2025 17:49:57 America/Mexico_City] Sistema iniciado - 2025-11-19 17:49:57
[19-Nov-2025 17:49:59 America/Mexico_City] PHP Warning:  mail(): Failed to connect to mailserver at &quot;localhost&quot; port 25, verify your &quot;SMTP&quot; and &quot;smtp_port&quot; setting in php.ini or use ini_set() in C:\xampp\htdocs\P.V\models\Notificacion.php on line 108
[19-Nov-2025 17:49:59 America/Mexico_City] Output captured before JSON response in crear_cotizacion: <br />
<b>Warning</b>:  mail(): Failed to connect to mailserver at &quot;localhost&quot; port 25, verify your &quot;SMTP&quot; and &quot;smtp_port&quot; setting in php.ini or use ini_set() in <b>C:\xampp\htdocs\P.V\models\Notificacion.php</b> on line <b>108</b><br />

[19-Nov-2025 17:49:59 America/Mexico_City] Script finalizado - Tiempo de ejecución: 2.194s
[19-Nov-2025 17:51:24 America/Mexico_City] Sistema iniciado - 2025-11-19 17:51:24
[19-Nov-2025 17:51:26 America/Mexico_City] PHP Warning:  mail(): Failed to connect to mailserver at &quot;localhost&quot; port 25, verify your &quot;SMTP&quot; and &quot;smtp_port&quot; setting in php.ini or use ini_set() in C:\xampp\htdocs\P.V\models\Notificacion.php on line 108
[19-Nov-2025 17:51:26 America/Mexico_City] Output captured before JSON response in crear_cotizacion: <br />
<b>Warning</b>:  mail(): Failed to connect to mailserver at &quot;localhost&quot; port 25, verify your &quot;SMTP&quot; and &quot;smtp_port&quot; setting in php.ini or use ini_set() in <b>C:\xampp\htdocs\P.V\models\Notificacion.php</b> on line <b>108</b><br />

[19-Nov-2025 17:51:26 America/Mexico_City] Script finalizado - Tiempo de ejecución: 2.132s
[19-Nov-2025 17:56:02 America/Mexico_City] Sistema iniciado - 2025-11-19 17:56:02
[19-Nov-2025 17:56:04 America/Mexico_City] PHP Warning:  mail(): Failed to connect to mailserver at "localhost" port 25, verify your "SMTP" and "smtp_port" setting in php.ini or use ini_set() in C:\xampp\htdocs\P.V\models\Notificacion.php on line 108
[19-Nov-2025 17:56:04 America/Mexico_City] Output captured before JSON response in crear_cotizacion: 
Warning: session_name(): Session name cannot be changed when a session is active in C:\xampp\htdocs\P.V\config\constants.php on line 270

Warning: session_set_cookie_params(): Session cookie parameters cannot be changed when a session is active in C:\xampp\htdocs\P.V\config\constants.php on line 271

Warning: mail(): Failed to connect to mailserver at "localhost" port 25, verify your "SMTP" and "smtp_port" setting in php.ini or use ini_set() in C:\xampp\htdocs\P.V\models\Notificacion.php on line 108

[19-Nov-2025 17:56:04 America/Mexico_City] Script finalizado - Tiempo de ejecución: 2.146s
[19-Nov-2025 17:59:21 America/Mexico_City] Sistema iniciado - 2025-11-19 17:59:21
[19-Nov-2025 17:59:23 America/Mexico_City] PHP Warning:  mail(): Failed to connect to mailserver at "localhost" port 25, verify your "SMTP" and "smtp_port" setting in php.ini or use ini_set() in C:\xampp\htdocs\P.V\models\Notificacion.php on line 108
[19-Nov-2025 17:59:23 America/Mexico_City] Output captured before JSON response in crear_cotizacion: 
Warning: mail(): Failed to connect to mailserver at "localhost" port 25, verify your "SMTP" and "smtp_port" setting in php.ini or use ini_set() in C:\xampp\htdocs\P.V\models\Notificacion.php on line 108

[19-Nov-2025 17:59:23 America/Mexico_City] Script finalizado - Tiempo de ejecución: 2.086s
[19-Nov-2025 18:00:10 America/Mexico_City] Sistema iniciado - 2025-11-19 18:00:10
[19-Nov-2025 18:00:12 America/Mexico_City] PHP Warning:  mail(): Failed to connect to mailserver at &quot;localhost&quot; port 25, verify your &quot;SMTP&quot; and &quot;smtp_port&quot; setting in php.ini or use ini_set() in C:\xampp\htdocs\P.V\models\Notificacion.php on line 108
[19-Nov-2025 18:00:12 America/Mexico_City] Output captured before JSON response in crear_cotizacion: <br />
<b>Warning</b>:  mail(): Failed to connect to mailserver at &quot;localhost&quot; port 25, verify your &quot;SMTP&quot; and &quot;smtp_port&quot; setting in php.ini or use ini_set() in <b>C:\xampp\htdocs\P.V\models\Notificacion.php</b> on line <b>108</b><br />

[19-Nov-2025 18:00:12 America/Mexico_City] Script finalizado - Tiempo de ejecución: 2.08s
[21-Nov-2025 09:05:40 America/Mexico_City] Sistema iniciado - 2025-11-21 09:05:40
[21-Nov-2025 09:05:40 America/Mexico_City] Script finalizado - Tiempo de ejecución: 0.055s
[21-Nov-2025 09:16:15 America/Mexico_City] Sistema iniciado - 2025-11-21 09:16:15
[21-Nov-2025 09:16:15 America/Mexico_City] Script finalizado - Tiempo de ejecución: 0.044s
[21-Nov-2025 09:24:14 America/Mexico_City] Sistema iniciado - 2025-11-21 09:24:14
[21-Nov-2025 09:24:14 America/Mexico_City] Script finalizado - Tiempo de ejecución: 0.018s
[21-Nov-2025 09:24:36 America/Mexico_City] Sistema iniciado - 2025-11-21 09:24:36
[21-Nov-2025 09:24:36 America/Mexico_City] Script finalizado - Tiempo de ejecución: 0.091s
[21-Nov-2025 09:24:39 America/Mexico_City] Sistema iniciado - 2025-11-21 09:24:39
[21-Nov-2025 09:24:39 America/Mexico_City] Script finalizado - Tiempo de ejecución: 0.016s
[21-Nov-2025 09:24:42 America/Mexico_City] Sistema iniciado - 2025-11-21 09:24:42
[21-Nov-2025 09:24:42 America/Mexico_City] Script finalizado - Tiempo de ejecución: 0.017s
[21-Nov-2025 09:26:13 America/Mexico_City] Sistema iniciado - 2025-11-21 09:26:13
[21-Nov-2025 09:26:13 America/Mexico_City] Script finalizado - Tiempo de ejecución: 0.017s
[21-Nov-2025 09:26:16 America/Mexico_City] Sistema iniciado - 2025-11-21 09:26:16
[21-Nov-2025 09:26:16 America/Mexico_City] Script finalizado - Tiempo de ejecución: 0.017s
[21-Nov-2025 09:26:22 America/Mexico_City] Sistema iniciado - 2025-11-21 09:26:22
[21-Nov-2025 09:26:22 America/Mexico_City] Script finalizado - Tiempo de ejecución: 0.015s
[21-Nov-2025 09:26:59 America/Mexico_City] Sistema iniciado - 2025-11-21 09:26:59
[21-Nov-2025 09:26:59 America/Mexico_City] Script finalizado - Tiempo de ejecución: 0.041s
[21-Nov-2025 09:29:00 America/Mexico_City] Sistema iniciado - 2025-11-21 09:29:00
[21-Nov-2025 09:29:00 America/Mexico_City] Script finalizado - Tiempo de ejecución: 0.028s
[21-Nov-2025 09:29:34 America/Mexico_City] Sistema iniciado - 2025-11-21 09:29:34
[21-Nov-2025 09:29:34 America/Mexico_City] Script finalizado - Tiempo de ejecución: 0.028s
[21-Nov-2025 09:29:37 America/Mexico_City] Sistema iniciado - 2025-11-21 09:29:37
[21-Nov-2025 09:29:37 America/Mexico_City] Script finalizado - Tiempo de ejecución: 0.035s
[21-Nov-2025 09:29:42 America/Mexico_City] Sistema iniciado - 2025-11-21 09:29:42
[21-Nov-2025 09:29:42 America/Mexico_City] Script finalizado - Tiempo de ejecución: 0.025s
[21-Nov-2025 09:29:44 America/Mexico_City] Sistema iniciado - 2025-11-21 09:29:44
[21-Nov-2025 09:29:44 America/Mexico_City] Script finalizado - Tiempo de ejecución: 0.038s
[21-Nov-2025 09:31:19 America/Mexico_City] Sistema iniciado - 2025-11-21 09:31:19
[21-Nov-2025 09:31:19 America/Mexico_City] Script finalizado - Tiempo de ejecución: 0.019s
[21-Nov-2025 09:51:36 America/Mexico_City] Sistema iniciado - 2025-11-21 09:51:36
[21-Nov-2025 09:51:38 America/Mexico_City] PHP Warning:  mail(): Failed to connect to mailserver at &quot;localhost&quot; port 25, verify your &quot;SMTP&quot; and &quot;smtp_port&quot; setting in php.ini or use ini_set() in C:\xampp\htdocs\P.V\models\Notificacion.php on line 108
[21-Nov-2025 09:51:38 America/Mexico_City] Output captured before JSON response in crear_cotizacion: <br />
<b>Warning</b>:  mail(): Failed to connect to mailserver at &quot;localhost&quot; port 25, verify your &quot;SMTP&quot; and &quot;smtp_port&quot; setting in php.ini or use ini_set() in <b>C:\xampp\htdocs\P.V\models\Notificacion.php</b> on line <b>108</b><br />

[21-Nov-2025 09:51:38 America/Mexico_City] Script finalizado - Tiempo de ejecución: 2.112s
[21-Nov-2025 09:51:47 America/Mexico_City] Sistema iniciado - 2025-11-21 09:51:47
[21-Nov-2025 09:51:47 America/Mexico_City] Script finalizado - Tiempo de ejecución: 0.061s
[21-Nov-2025 09:59:02 America/Mexico_City] Sistema iniciado - 2025-11-21 09:59:02
[21-Nov-2025 09:59:02 America/Mexico_City] PHP Deprecated:  is_dir(): Passing null to parameter #1 ($filename) of type string is deprecated in C:\xampp\htdocs\P.V\test_email_quick.php on line 24
[21-Nov-2025 09:59:03 America/Mexico_City] Script finalizado - Tiempo de ejecución: 0.076s
[21-Nov-2025 10:07:23 America/Mexico_City] Sistema iniciado - 2025-11-21 10:07:23
[21-Nov-2025 10:07:23 America/Mexico_City] Script finalizado - Tiempo de ejecución: 0.056s
[21-Nov-2025 10:31:40 America/Mexico_City] Sistema iniciado - 2025-11-21 10:31:40
[21-Nov-2025 10:31:42 America/Mexico_City] PHP Warning:  mail(): Failed to connect to mailserver at "localhost" port 25, verify your "SMTP" and "smtp_port" setting in php.ini or use ini_set() in C:\xampp\htdocs\P.V\config\email.php on line 246
[21-Nov-2025 10:31:42 America/Mexico_City] Script finalizado - Tiempo de ejecución: 2.085s
[21-Nov-2025 10:32:51 America/Mexico_City] Sistema iniciado - 2025-11-21 10:32:51
[21-Nov-2025 10:33:03 America/Mexico_City] Script finalizado - Tiempo de ejecución: 12.293s
[21-Nov-2025 10:34:52 America/Mexico_City] Sistema iniciado - 2025-11-21 10:34:52
[21-Nov-2025 10:34:52 America/Mexico_City] Sistema iniciado - 2025-11-21 10:34:52
[21-Nov-2025 10:35:06 America/Mexico_City] PHP Warning:  mail(): Failed to connect to mailserver at &quot;localhost&quot; port 25, verify your &quot;SMTP&quot; and &quot;smtp_port&quot; setting in php.ini or use ini_set() in C:\xampp\htdocs\P.V\models\Notificacion.php on line 108
[21-Nov-2025 10:35:06 America/Mexico_City] Output captured before JSON response in crear_cotizacion: <br />
<b>Warning</b>:  mail(): Failed to connect to mailserver at &quot;localhost&quot; port 25, verify your &quot;SMTP&quot; and &quot;smtp_port&quot; setting in php.ini or use ini_set() in <b>C:\xampp\htdocs\P.V\models\Notificacion.php</b> on line <b>108</b><br />

[21-Nov-2025 10:35:06 America/Mexico_City] Script finalizado - Tiempo de ejecución: 14.305s
[21-Nov-2025 10:35:06 America/Mexico_City] Script finalizado - Tiempo de ejecución: 14.37s
[21-Nov-2025 10:36:05 America/Mexico_City] Sistema iniciado - 2025-11-21 10:36:05
[21-Nov-2025 10:36:11 America/Mexico_City] Sistema iniciado - 2025-11-21 10:36:11
[21-Nov-2025 10:36:18 America/Mexico_City] Script finalizado - Tiempo de ejecución: 12.241s
[21-Nov-2025 10:36:23 America/Mexico_City] Script finalizado - Tiempo de ejecución: 12.083s
[21-Nov-2025 10:36:28 America/Mexico_City] Sistema iniciado - 2025-11-21 10:36:28
[21-Nov-2025 10:36:28 America/Mexico_City] Script finalizado - Tiempo de ejecución: 0.015s
[21-Nov-2025 10:36:31 America/Mexico_City] Sistema iniciado - 2025-11-21 10:36:31
[21-Nov-2025 10:36:31 America/Mexico_City] Script finalizado - Tiempo de ejecución: 0.014s
[21-Nov-2025 10:36:46 America/Mexico_City] Sistema iniciado - 2025-11-21 10:36:46
[21-Nov-2025 10:36:46 America/Mexico_City] Script finalizado - Tiempo de ejecución: 0.019s
[21-Nov-2025 10:36:48 America/Mexico_City] Sistema iniciado - 2025-11-21 10:36:48
[21-Nov-2025 10:36:48 America/Mexico_City] Script finalizado - Tiempo de ejecución: 0.022s
[21-Nov-2025 10:37:03 America/Mexico_City] Sistema iniciado - 2025-11-21 10:37:03
[21-Nov-2025 10:37:03 America/Mexico_City] Script finalizado - Tiempo de ejecución: 0.031s
[21-Nov-2025 10:39:14 America/Mexico_City] Sistema iniciado - 2025-11-21 10:39:14
[21-Nov-2025 10:39:28 America/Mexico_City] PHP Warning:  mail(): Failed to connect to mailserver at &quot;localhost&quot; port 25, verify your &quot;SMTP&quot; and &quot;smtp_port&quot; setting in php.ini or use ini_set() in C:\xampp\htdocs\P.V\models\Notificacion.php on line 108
[21-Nov-2025 10:39:28 America/Mexico_City] Output captured before JSON response in crear_cotizacion: <br />
<b>Warning</b>:  mail(): Failed to connect to mailserver at &quot;localhost&quot; port 25, verify your &quot;SMTP&quot; and &quot;smtp_port&quot; setting in php.ini or use ini_set() in <b>C:\xampp\htdocs\P.V\models\Notificacion.php</b> on line <b>108</b><br />

[21-Nov-2025 10:39:28 America/Mexico_City] Script finalizado - Tiempo de ejecución: 14.219s
[21-Nov-2025 11:17:55 America/Mexico_City] Sistema iniciado - 2025-11-21 11:17:55
[21-Nov-2025 11:18:04 America/Mexico_City] Sistema iniciado - 2025-11-21 11:18:04
[21-Nov-2025 11:18:07 America/Mexico_City] Script finalizado - Tiempo de ejecución: 11.81s
[21-Nov-2025 11:18:16 America/Mexico_City] Script finalizado - Tiempo de ejecución: 11.813s
[21-Nov-2025 11:34:53 America/Mexico_City] Sistema iniciado - 2025-11-21 11:34:53
[21-Nov-2025 11:35:08 America/Mexico_City] PHP Warning:  mail(): Failed to connect to mailserver at &quot;localhost&quot; port 25, verify your &quot;SMTP&quot; and &quot;smtp_port&quot; setting in php.ini or use ini_set() in C:\xampp\htdocs\P.V\models\Notificacion.php on line 108
[21-Nov-2025 11:35:08 America/Mexico_City] Output captured before JSON response in crear_cotizacion: <br />
<b>Warning</b>:  mail(): Failed to connect to mailserver at &quot;localhost&quot; port 25, verify your &quot;SMTP&quot; and &quot;smtp_port&quot; setting in php.ini or use ini_set() in <b>C:\xampp\htdocs\P.V\models\Notificacion.php</b> on line <b>108</b><br />

[21-Nov-2025 11:35:08 America/Mexico_City] Script finalizado - Tiempo de ejecución: 14.577s
[21-Nov-2025 11:44:32 America/Mexico_City] Sistema iniciado - 2025-11-21 11:44:32
[21-Nov-2025 11:44:46 America/Mexico_City] PHP Warning:  mail(): Failed to connect to mailserver at &quot;localhost&quot; port 25, verify your &quot;SMTP&quot; and &quot;smtp_port&quot; setting in php.ini or use ini_set() in C:\xampp\htdocs\P.V\models\Notificacion.php on line 108
[21-Nov-2025 11:44:46 America/Mexico_City] Output captured before JSON response in crear_cotizacion: <br />
<b>Warning</b>:  mail(): Failed to connect to mailserver at &quot;localhost&quot; port 25, verify your &quot;SMTP&quot; and &quot;smtp_port&quot; setting in php.ini or use ini_set() in <b>C:\xampp\htdocs\P.V\models\Notificacion.php</b> on line <b>108</b><br />

[21-Nov-2025 11:44:46 America/Mexico_City] Script finalizado - Tiempo de ejecución: 13.665s
[21-Nov-2025 11:45:49 America/Mexico_City] Sistema iniciado - 2025-11-21 11:45:49
[21-Nov-2025 11:46:01 America/Mexico_City] Script finalizado - Tiempo de ejecución: 12.045s
[21-Nov-2025 11:46:06 America/Mexico_City] Sistema iniciado - 2025-11-21 11:46:06
[21-Nov-2025 11:46:18 America/Mexico_City] Script finalizado - Tiempo de ejecución: 11.906s
[21-Nov-2025 11:46:52 America/Mexico_City] Sistema iniciado - 2025-11-21 11:46:52
[21-Nov-2025 11:47:04 America/Mexico_City] Script finalizado - Tiempo de ejecución: 11.294s
[21-Nov-2025 11:47:06 America/Mexico_City] Sistema iniciado - 2025-11-21 11:47:06
[21-Nov-2025 11:47:06 America/Mexico_City] Script finalizado - Tiempo de ejecución: 0.035s
[21-Nov-2025 11:47:10 America/Mexico_City] Sistema iniciado - 2025-11-21 11:47:10
[21-Nov-2025 11:47:10 America/Mexico_City] Script finalizado - Tiempo de ejecución: 0.021s
[21-Nov-2025 11:48:23 America/Mexico_City] Sistema iniciado - 2025-11-21 11:48:23
[21-Nov-2025 11:48:35 America/Mexico_City] Script finalizado - Tiempo de ejecución: 12.964s
[21-Nov-2025 11:48:35 America/Mexico_City] Sistema iniciado - 2025-11-21 11:48:35
[21-Nov-2025 11:48:47 America/Mexico_City] Script finalizado - Tiempo de ejecución: 23.011s
[21-Nov-2025 11:50:16 America/Mexico_City] Sistema iniciado - 2025-11-21 11:50:16
[21-Nov-2025 11:50:30 America/Mexico_City] PHP Warning:  mail(): Failed to connect to mailserver at &quot;localhost&quot; port 25, verify your &quot;SMTP&quot; and &quot;smtp_port&quot; setting in php.ini or use ini_set() in C:\xampp\htdocs\P.V\models\Notificacion.php on line 108
[21-Nov-2025 11:50:30 America/Mexico_City] Output captured before JSON response in crear_cotizacion: <br />
<b>Warning</b>:  mail(): Failed to connect to mailserver at &quot;localhost&quot; port 25, verify your &quot;SMTP&quot; and &quot;smtp_port&quot; setting in php.ini or use ini_set() in <b>C:\xampp\htdocs\P.V\models\Notificacion.php</b> on line <b>108</b><br />

[21-Nov-2025 11:50:30 America/Mexico_City] Script finalizado - Tiempo de ejecución: 13.513s
[21-Nov-2025 11:50:54 America/Mexico_City] Sistema iniciado - 2025-11-21 11:50:54
[21-Nov-2025 11:51:08 America/Mexico_City] PHP Warning:  mail(): Failed to connect to mailserver at &quot;localhost&quot; port 25, verify your &quot;SMTP&quot; and &quot;smtp_port&quot; setting in php.ini or use ini_set() in C:\xampp\htdocs\P.V\models\Notificacion.php on line 108
[21-Nov-2025 11:51:08 America/Mexico_City] Output captured before JSON response in crear_cotizacion: <br />
<b>Warning</b>:  mail(): Failed to connect to mailserver at &quot;localhost&quot; port 25, verify your &quot;SMTP&quot; and &quot;smtp_port&quot; setting in php.ini or use ini_set() in <b>C:\xampp\htdocs\P.V\models\Notificacion.php</b> on line <b>108</b><br />

[21-Nov-2025 11:51:08 America/Mexico_City] Script finalizado - Tiempo de ejecución: 13.621s
[21-Nov-2025 11:52:27 America/Mexico_City] Sistema iniciado - 2025-11-21 11:52:27
[21-Nov-2025 11:52:39 America/Mexico_City] Script finalizado - Tiempo de ejecución: 11.675s
[21-Nov-2025 11:52:57 America/Mexico_City] Sistema iniciado - 2025-11-21 11:52:57
[21-Nov-2025 11:53:09 America/Mexico_City] Script finalizado - Tiempo de ejecución: 12.019s
[21-Nov-2025 11:53:09 America/Mexico_City] Sistema iniciado - 2025-11-21 11:53:09
[21-Nov-2025 11:53:09 America/Mexico_City] Script finalizado - Tiempo de ejecución: 1.617s
[21-Nov-2025 11:53:21 America/Mexico_City] Sistema iniciado - 2025-11-21 11:53:21
[21-Nov-2025 11:53:33 America/Mexico_City] Script finalizado - Tiempo de ejecución: 11.618s
[21-Nov-2025 12:01:43 America/Mexico_City] Sistema iniciado - 2025-11-21 12:01:43
[21-Nov-2025 12:01:43 America/Mexico_City] PHP Fatal error:  Uncaught Error: Call to undefined method Cotizacion::obtenerPorFolio() in C:\xampp\htdocs\P.V\check_quote.php:10
Stack trace:
#0 {main}
  thrown in C:\xampp\htdocs\P.V\check_quote.php on line 10
[21-Nov-2025 12:01:43 America/Mexico_City] Script finalizado - Tiempo de ejecución: 0.083s
[21-Nov-2025 13:06:46 America/Mexico_City] Sistema iniciado - 2025-11-21 13:06:46
[21-Nov-2025 13:06:48 America/Mexico_City] PHP Warning:  mail(): Failed to connect to mailserver at "localhost" port 25, verify your "SMTP" and "smtp_port" setting in php.ini or use ini_set() in C:\xampp\htdocs\P.V\models\Notificacion.php on line 108
[21-Nov-2025 13:06:48 America/Mexico_City] Script finalizado - Tiempo de ejecución: 2.141s
[21-Nov-2025 13:21:09 America/Mexico_City] Sistema iniciado - 2025-11-21 13:21:09
[21-Nov-2025 13:21:11 America/Mexico_City] PHP Warning:  mail(): Failed to connect to mailserver at &quot;localhost&quot; port 25, verify your &quot;SMTP&quot; and &quot;smtp_port&quot; setting in php.ini or use ini_set() in C:\xampp\htdocs\P.V\models\Notificacion.php on line 108
[21-Nov-2025 13:21:11 America/Mexico_City] Script finalizado - Tiempo de ejecución: 2.056s
[21-Nov-2025 13:24:25 America/Mexico_City] Sistema iniciado - 2025-11-21 13:24:25
[21-Nov-2025 13:24:27 America/Mexico_City] PHP Warning:  mail(): Failed to connect to mailserver at &quot;localhost&quot; port 25, verify your &quot;SMTP&quot; and &quot;smtp_port&quot; setting in php.ini or use ini_set() in C:\xampp\htdocs\P.V\models\Notificacion.php on line 108
[21-Nov-2025 13:24:27 America/Mexico_City] Script finalizado - Tiempo de ejecución: 2.061s
[21-Nov-2025 13:27:39 America/Mexico_City] Sistema iniciado - 2025-11-21 13:27:39
[21-Nov-2025 13:27:41 America/Mexico_City] PHP Warning:  mail(): Failed to connect to mailserver at &quot;localhost&quot; port 25, verify your &quot;SMTP&quot; and &quot;smtp_port&quot; setting in php.ini or use ini_set() in C:\xampp\htdocs\P.V\models\Notificacion.php on line 108
[21-Nov-2025 13:27:41 America/Mexico_City] Script finalizado - Tiempo de ejecución: 2.058s
[21-Nov-2025 13:28:25 America/Mexico_City] Sistema iniciado - 2025-11-21 13:28:25
[21-Nov-2025 13:28:29 America/Mexico_City] PHP Warning:  mail(): Failed to connect to mailserver at &quot;localhost&quot; port 25, verify your &quot;SMTP&quot; and &quot;smtp_port&quot; setting in php.ini or use ini_set() in C:\xampp\htdocs\P.V\models\Notificacion.php on line 108
[21-Nov-2025 13:28:29 America/Mexico_City] Output captured before JSON response in crear_cotizacion: <br />
<b>Warning</b>:  mail(): Failed to connect to mailserver at &quot;localhost&quot; port 25, verify your &quot;SMTP&quot; and &quot;smtp_port&quot; setting in php.ini or use ini_set() in <b>C:\xampp\htdocs\P.V\models\Notificacion.php</b> on line <b>108</b><br />

[21-Nov-2025 13:28:29 America/Mexico_City] Script finalizado - Tiempo de ejecución: 3.822s
[21-Nov-2025 13:29:04 America/Mexico_City] Sistema iniciado - 2025-11-21 13:29:04
[21-Nov-2025 13:29:06 America/Mexico_City] PHP Warning:  mail(): Failed to connect to mailserver at &quot;localhost&quot; port 25, verify your &quot;SMTP&quot; and &quot;smtp_port&quot; setting in php.ini or use ini_set() in C:\xampp\htdocs\P.V\models\Notificacion.php on line 108
[21-Nov-2025 13:29:06 America/Mexico_City] Script finalizado - Tiempo de ejecución: 2.072s
[21-Nov-2025 13:30:23 America/Mexico_City] Sistema iniciado - 2025-11-21 13:30:23
[21-Nov-2025 13:30:25 America/Mexico_City] Script finalizado - Tiempo de ejecución: 1.826s
[21-Nov-2025 13:34:00 America/Mexico_City] Sistema iniciado - 2025-11-21 13:34:00
[21-Nov-2025 13:34:02 America/Mexico_City] PHP Warning:  mail(): Failed to connect to mailserver at &quot;localhost&quot; port 25, verify your &quot;SMTP&quot; and &quot;smtp_port&quot; setting in php.ini or use ini_set() in C:\xampp\htdocs\P.V\models\Notificacion.php on line 108
[21-Nov-2025 13:34:02 America/Mexico_City] Script finalizado - Tiempo de ejecución: 2.077s
[21-Nov-2025 13:37:52 America/Mexico_City] Sistema iniciado - 2025-11-21 13:37:52
[21-Nov-2025 13:37:54 America/Mexico_City] PHP Warning:  mail(): Failed to connect to mailserver at &quot;localhost&quot; port 25, verify your &quot;SMTP&quot; and &quot;smtp_port&quot; setting in php.ini or use ini_set() in C:\xampp\htdocs\P.V\models\Notificacion.php on line 108
[21-Nov-2025 13:37:54 America/Mexico_City] Script finalizado - Tiempo de ejecución: 2.073s
[21-Nov-2025 14:15:57 America/Mexico_City] Sistema iniciado - 2025-11-21 14:15:57
[21-Nov-2025 14:19:02 America/Mexico_City] Sistema iniciado - 2025-11-21 14:19:02
[21-Nov-2025 17:54:00 America/Mexico_City] Sistema iniciado - 2025-11-21 17:54:00
[24-Nov-2025 09:31:11 America/Mexico_City] Sistema iniciado - 2025-11-24 09:31:11
[24-Nov-2025 09:31:11 America/Mexico_City] Script finalizado - Tiempo de ejecución: 0.072s
[24-Nov-2025 09:39:44 America/Mexico_City] Sistema iniciado - 2025-11-24 09:39:44
[24-Nov-2025 09:39:44 America/Mexico_City] Script finalizado - Tiempo de ejecución: 0.035s
[24-Nov-2025 09:56:39 America/Mexico_City] Sistema iniciado - 2025-11-24 09:56:39
[24-Nov-2025 09:56:39 America/Mexico_City] Script finalizado - Tiempo de ejecución: 0.092s
[24-Nov-2025 10:08:20 America/Mexico_City] Sistema iniciado - 2025-11-24 10:08:20
[24-Nov-2025 10:08:20 America/Mexico_City] Script finalizado - Tiempo de ejecución: 0.047s
[24-Nov-2025 10:10:13 America/Mexico_City] Sistema iniciado - 2025-11-24 10:10:13
[24-Nov-2025 10:10:13 America/Mexico_City] Script finalizado - Tiempo de ejecución: 0.05s
[24-Nov-2025 10:10:18 America/Mexico_City] Sistema iniciado - 2025-11-24 10:10:18
[24-Nov-2025 10:10:18 America/Mexico_City] Script finalizado - Tiempo de ejecución: 0.059s
[24-Nov-2025 10:51:56 America/Mexico_City] Sistema iniciado - 2025-11-24 10:51:56
[24-Nov-2025 10:51:56 America/Mexico_City] Script finalizado - Tiempo de ejecución: 0.022s
[24-Nov-2025 10:51:58 America/Mexico_City] Sistema iniciado - 2025-11-24 10:51:58
[24-Nov-2025 10:51:58 America/Mexico_City] Script finalizado - Tiempo de ejecución: 0.021s
[24-Nov-2025 11:01:00 America/Mexico_City] Sistema iniciado - 2025-11-24 11:01:00
[24-Nov-2025 11:01:04 America/Mexico_City] PHP Warning:  mail(): Failed to connect to mailserver at &quot;localhost&quot; port 25, verify your &quot;SMTP&quot; and &quot;smtp_port&quot; setting in php.ini or use ini_set() in C:\xampp\htdocs\P.V\models\Notificacion.php on line 108
[24-Nov-2025 11:01:04 America/Mexico_City] Output captured before JSON response in crear_cotizacion: <br />
<b>Warning</b>:  mail(): Failed to connect to mailserver at &quot;localhost&quot; port 25, verify your &quot;SMTP&quot; and &quot;smtp_port&quot; setting in php.ini or use ini_set() in <b>C:\xampp\htdocs\P.V\models\Notificacion.php</b> on line <b>108</b><br />

[24-Nov-2025 11:01:04 America/Mexico_City] Script finalizado - Tiempo de ejecución: 3.893s
[24-Nov-2025 13:22:09 America/Mexico_City] Sistema iniciado - 2025-11-24 13:22:09
[24-Nov-2025 13:22:09 America/Mexico_City] Sistema iniciado - 2025-11-24 13:22:09
[24-Nov-2025 13:22:13 America/Mexico_City] PHP Warning:  mail(): Failed to connect to mailserver at &quot;localhost&quot; port 25, verify your &quot;SMTP&quot; and &quot;smtp_port&quot; setting in php.ini or use ini_set() in C:\xampp\htdocs\P.V\models\Notificacion.php on line 108
[24-Nov-2025 13:22:13 America/Mexico_City] Output captured before JSON response in crear_cotizacion: <br />
<b>Warning</b>:  mail(): Failed to connect to mailserver at &quot;localhost&quot; port 25, verify your &quot;SMTP&quot; and &quot;smtp_port&quot; setting in php.ini or use ini_set() in <b>C:\xampp\htdocs\P.V\models\Notificacion.php</b> on line <b>108</b><br />

[24-Nov-2025 13:22:13 America/Mexico_City] Script finalizado - Tiempo de ejecución: 3.753s
[24-Nov-2025 13:22:13 America/Mexico_City] Script finalizado - Tiempo de ejecución: 3.819s
[24-Nov-2025 13:22:46 America/Mexico_City] Sistema iniciado - 2025-11-24 13:22:46
[24-Nov-2025 13:22:46 America/Mexico_City] PHP Fatal error:  Uncaught Error: Call to undefined method Cotizacion::obtenerPorFolio() in C:\xampp\htdocs\P.V\check_quote.php:10
Stack trace:
#0 {main}
  thrown in C:\xampp\htdocs\P.V\check_quote.php on line 10
[24-Nov-2025 13:22:46 America/Mexico_City] Script finalizado - Tiempo de ejecución: 0.062s
[24-Nov-2025 13:23:10 America/Mexico_City] Sistema iniciado - 2025-11-24 13:23:10
[24-Nov-2025 13:23:10 America/Mexico_City] PHP Fatal error:  Uncaught Error: Call to undefined method Cotizacion::obtenerPorFolio() in C:\xampp\htdocs\P.V\check_quote.php:10
Stack trace:
#0 {main}
  thrown in C:\xampp\htdocs\P.V\check_quote.php on line 10
[24-Nov-2025 13:23:10 America/Mexico_City] Script finalizado - Tiempo de ejecución: 0.028s
[24-Nov-2025 13:28:34 America/Mexico_City] Sistema iniciado - 2025-11-24 13:28:34
[24-Nov-2025 13:28:34 America/Mexico_City] PHP Fatal error:  Uncaught Error: Call to undefined method Cliente::obtenerTodos() in C:\xampp\htdocs\P.V\list_clients.php:10
Stack trace:
#0 {main}
  thrown in C:\xampp\htdocs\P.V\list_clients.php on line 10
[24-Nov-2025 13:28:34 America/Mexico_City] Script finalizado - Tiempo de ejecución: 0.05s
[24-Nov-2025 13:37:05 America/Mexico_City] Sistema iniciado - 2025-11-24 13:37:05
[24-Nov-2025 13:37:07 America/Mexico_City] PHP Warning:  mail(): Failed to connect to mailserver at &quot;localhost&quot; port 25, verify your &quot;SMTP&quot; and &quot;smtp_port&quot; setting in php.ini or use ini_set() in C:\xampp\htdocs\P.V\models\Notificacion.php on line 108
[24-Nov-2025 13:37:07 America/Mexico_City] Script finalizado - Tiempo de ejecución: 2.108s
[24-Nov-2025 13:45:07 America/Mexico_City] Sistema iniciado - 2025-11-24 13:45:07
[24-Nov-2025 13:45:09 America/Mexico_City] Script finalizado - Tiempo de ejecución: 1.699s
[24-Nov-2025 13:48:28 America/Mexico_City] Sistema iniciado - 2025-11-24 13:48:28
[24-Nov-2025 13:48:29 America/Mexico_City] Script finalizado - Tiempo de ejecución: 1.533s
[24-Nov-2025 13:48:40 America/Mexico_City] Sistema iniciado - 2025-11-24 13:48:40
[24-Nov-2025 13:48:40 America/Mexico_City] Script finalizado - Tiempo de ejecución: 0.083s
[24-Nov-2025 13:49:02 America/Mexico_City] Sistema iniciado - 2025-11-24 13:49:02
[24-Nov-2025 13:49:02 America/Mexico_City] PHP Notice:  session_start(): Ignoring session_start() because a session is already active in C:\xampp\htdocs\P.V\index.php on line 11
[24-Nov-2025 13:49:02 America/Mexico_City] Script finalizado - Tiempo de ejecución: 0.022s
[24-Nov-2025 13:49:02 America/Mexico_City] Sistema iniciado - 2025-11-24 13:49:02
[24-Nov-2025 13:49:02 America/Mexico_City] Script finalizado - Tiempo de ejecución: 0.026s
[24-Nov-2025 17:18:26 America/Mexico_City] Sistema iniciado - 2025-11-24 17:18:26
[24-Nov-2025 17:18:30 America/Mexico_City] PHP Warning:  mail(): Failed to connect to mailserver at &quot;localhost&quot; port 25, verify your &quot;SMTP&quot; and &quot;smtp_port&quot; setting in php.ini or use ini_set() in C:\xampp\htdocs\P.V\models\Notificacion.php on line 108
[24-Nov-2025 17:18:30 America/Mexico_City] Output captured before JSON response in crear_cotizacion: <br />
<b>Warning</b>:  mail(): Failed to connect to mailserver at &quot;localhost&quot; port 25, verify your &quot;SMTP&quot; and &quot;smtp_port&quot; setting in php.ini or use ini_set() in <b>C:\xampp\htdocs\P.V\models\Notificacion.php</b> on line <b>108</b><br />

[24-Nov-2025 17:18:30 America/Mexico_City] Script finalizado - Tiempo de ejecución: 3.86s
[24-Nov-2025 17:18:57 America/Mexico_City] Sistema iniciado - 2025-11-24 17:18:57
[25-Nov-2025 09:34:54 America/Mexico_City] Sistema iniciado - 2025-11-25 09:34:54
[25-Nov-2025 09:34:54 America/Mexico_City] Script finalizado - Tiempo de ejecución: 0.094s
[25-Nov-2025 11:13:20 America/Mexico_City] Sistema iniciado - 2025-11-25 11:13:20
[25-Nov-2025 11:13:20 America/Mexico_City] Script finalizado - Tiempo de ejecución: 0.073s
[25-Nov-2025 11:13:27 America/Mexico_City] Sistema iniciado - 2025-11-25 11:13:27
[25-Nov-2025 11:13:27 America/Mexico_City] Script finalizado - Tiempo de ejecución: 0.057s
[25-Nov-2025 11:14:36 America/Mexico_City] Sistema iniciado - 2025-11-25 11:14:36
[25-Nov-2025 11:14:40 America/Mexico_City] PHP Warning:  mail(): Failed to connect to mailserver at &quot;localhost&quot; port 25, verify your &quot;SMTP&quot; and &quot;smtp_port&quot; setting in php.ini or use ini_set() in C:\xampp\htdocs\P.V\models\Notificacion.php on line 108
[25-Nov-2025 11:14:40 America/Mexico_City] Output captured before JSON response in crear_cotizacion: <br />
<b>Warning</b>:  mail(): Failed to connect to mailserver at &quot;localhost&quot; port 25, verify your &quot;SMTP&quot; and &quot;smtp_port&quot; setting in php.ini or use ini_set() in <b>C:\xampp\htdocs\P.V\models\Notificacion.php</b> on line <b>108</b><br />

[25-Nov-2025 11:14:40 America/Mexico_City] Script finalizado - Tiempo de ejecución: 4.094s
[25-Nov-2025 11:15:03 America/Mexico_City] Sistema iniciado - 2025-11-25 11:15:03
[25-Nov-2025 11:15:04 America/Mexico_City] Script finalizado - Tiempo de ejecución: 1.696s
[25-Nov-2025 11:15:47 America/Mexico_City] Sistema iniciado - 2025-11-25 11:15:47
[25-Nov-2025 11:15:47 America/Mexico_City] Script finalizado - Tiempo de ejecución: 0.045s
[25-Nov-2025 12:46:21 America/Mexico_City] Sistema iniciado - 2025-11-25 12:46:21
[25-Nov-2025 12:46:25 America/Mexico_City] PHP Warning:  mail(): Failed to connect to mailserver at &quot;localhost&quot; port 25, verify your &quot;SMTP&quot; and &quot;smtp_port&quot; setting in php.ini or use ini_set() in C:\xampp\htdocs\P.V\models\Notificacion.php on line 108
[25-Nov-2025 12:46:25 America/Mexico_City] Output captured before JSON response in crear_cotizacion: <br />
<b>Warning</b>:  mail(): Failed to connect to mailserver at &quot;localhost&quot; port 25, verify your &quot;SMTP&quot; and &quot;smtp_port&quot; setting in php.ini or use ini_set() in <b>C:\xampp\htdocs\P.V\models\Notificacion.php</b> on line <b>108</b><br />

[25-Nov-2025 12:46:25 America/Mexico_City] Script finalizado - Tiempo de ejecución: 3.75s
[25-Nov-2025 12:47:19 America/Mexico_City] Sistema iniciado - 2025-11-25 12:47:19
[25-Nov-2025 12:48:18 America/Mexico_City] Sistema iniciado - 2025-11-25 12:48:18
[25-Nov-2025 12:48:23 America/Mexico_City] Sistema iniciado - 2025-11-25 12:48:23
[25-Nov-2025 12:48:25 America/Mexico_City] Script finalizado - Tiempo de ejecución: 1.679s
[25-Nov-2025 12:49:06 America/Mexico_City] Sistema iniciado - 2025-11-25 12:49:06
[25-Nov-2025 12:49:08 America/Mexico_City] Script finalizado - Tiempo de ejecución: 1.683s
[25-Nov-2025 16:40:39 America/Mexico_City] Sistema iniciado - 2025-11-25 16:40:39
[25-Nov-2025 16:40:41 America/Mexico_City] Script finalizado - Tiempo de ejecución: 1.827s
[27-Nov-2025 09:09:16 America/Mexico_City] Sistema iniciado - 2025-11-27 09:09:16
[27-Nov-2025 09:09:16 America/Mexico_City] Script finalizado - Tiempo de ejecución: 0.105s
[27-Nov-2025 10:12:16 America/Mexico_City] Sistema iniciado - 2025-11-27 10:12:16
[27-Nov-2025 10:12:16 America/Mexico_City] Script finalizado - Tiempo de ejecución: 0.04s
[27-Nov-2025 12:12:41 America/Mexico_City] Sistema iniciado - 2025-11-27 12:12:41
[27-Nov-2025 12:12:41 America/Mexico_City] Script finalizado - Tiempo de ejecución: 0.062s
[27-Nov-2025 12:12:49 America/Mexico_City] Sistema iniciado - 2025-11-27 12:12:49
[27-Nov-2025 12:12:49 America/Mexico_City] Script finalizado - Tiempo de ejecución: 0.04s
[27-Nov-2025 12:12:52 America/Mexico_City] Sistema iniciado - 2025-11-27 12:12:52
[27-Nov-2025 12:12:52 America/Mexico_City] Script finalizado - Tiempo de ejecución: 0.04s
[27-Nov-2025 12:12:54 America/Mexico_City] Sistema iniciado - 2025-11-27 12:12:54
[27-Nov-2025 12:12:54 America/Mexico_City] Script finalizado - Tiempo de ejecución: 0.045s
[27-Nov-2025 12:12:56 America/Mexico_City] Sistema iniciado - 2025-11-27 12:12:56
[27-Nov-2025 12:12:56 America/Mexico_City] Script finalizado - Tiempo de ejecución: 0.056s
[27-Nov-2025 12:12:57 America/Mexico_City] Sistema iniciado - 2025-11-27 12:12:57
[27-Nov-2025 12:12:57 America/Mexico_City] Script finalizado - Tiempo de ejecución: 0.029s
[27-Nov-2025 12:12:59 America/Mexico_City] Sistema iniciado - 2025-11-27 12:12:59
[27-Nov-2025 12:12:59 America/Mexico_City] Script finalizado - Tiempo de ejecución: 0.029s
[27-Nov-2025 12:47:45 America/Mexico_City] Sistema iniciado - 2025-11-27 12:47:45
[27-Nov-2025 12:47:45 America/Mexico_City] Script finalizado - Tiempo de ejecución: 0.064s
[27-Nov-2025 12:47:46 America/Mexico_City] Sistema iniciado - 2025-11-27 12:47:46
[27-Nov-2025 12:47:46 America/Mexico_City] Script finalizado - Tiempo de ejecución: 0.044s
[27-Nov-2025 12:56:26 America/Mexico_City] Sistema iniciado - 2025-11-27 12:56:26
[27-Nov-2025 12:56:26 America/Mexico_City] Script finalizado - Tiempo de ejecución: 0.057s
[27-Nov-2025 12:56:34 America/Mexico_City] Sistema iniciado - 2025-11-27 12:56:34
[27-Nov-2025 12:56:34 America/Mexico_City] Script finalizado - Tiempo de ejecución: 0.028s
[27-Nov-2025 13:04:27 America/Mexico_City] Sistema iniciado - 2025-11-27 13:04:27
[27-Nov-2025 13:04:27 America/Mexico_City] Script finalizado - Tiempo de ejecución: 0.064s
[27-Nov-2025 13:04:28 America/Mexico_City] Sistema iniciado - 2025-11-27 13:04:28
[27-Nov-2025 13:04:28 America/Mexico_City] Script finalizado - Tiempo de ejecución: 0.056s
[27-Nov-2025 13:10:50 America/Mexico_City] Sistema iniciado - 2025-11-27 13:10:50
[27-Nov-2025 13:10:50 America/Mexico_City] Script finalizado - Tiempo de ejecución: 0.047s
[27-Nov-2025 13:10:50 America/Mexico_City] Sistema iniciado - 2025-11-27 13:10:50
[27-Nov-2025 13:10:50 America/Mexico_City] Script finalizado - Tiempo de ejecución: 0.033s
[27-Nov-2025 13:15:06 America/Mexico_City] Sistema iniciado - 2025-11-27 13:15:06
[27-Nov-2025 13:15:06 America/Mexico_City] Script finalizado - Tiempo de ejecución: 0.043s
[27-Nov-2025 13:15:06 America/Mexico_City] Sistema iniciado - 2025-11-27 13:15:06
[27-Nov-2025 13:15:06 America/Mexico_City] Script finalizado - Tiempo de ejecución: 0.035s
[27-Nov-2025 13:15:07 America/Mexico_City] Sistema iniciado - 2025-11-27 13:15:07
[27-Nov-2025 13:15:07 America/Mexico_City] Script finalizado - Tiempo de ejecución: 0.026s
[27-Nov-2025 13:15:07 America/Mexico_City] Sistema iniciado - 2025-11-27 13:15:07
[27-Nov-2025 13:15:07 America/Mexico_City] Script finalizado - Tiempo de ejecución: 0.023s
[27-Nov-2025 13:15:08 America/Mexico_City] Sistema iniciado - 2025-11-27 13:15:08
[27-Nov-2025 13:15:08 America/Mexico_City] Script finalizado - Tiempo de ejecución: 0.04s
[27-Nov-2025 13:24:33 America/Mexico_City] Sistema iniciado - 2025-11-27 13:24:33
[27-Nov-2025 13:24:33 America/Mexico_City] Script finalizado - Tiempo de ejecución: 0.035s
[27-Nov-2025 13:24:33 America/Mexico_City] Sistema iniciado - 2025-11-27 13:24:33
[27-Nov-2025 13:24:33 America/Mexico_City] Script finalizado - Tiempo de ejecución: 0.018s
[27-Nov-2025 13:24:34 America/Mexico_City] Sistema iniciado - 2025-11-27 13:24:34
[27-Nov-2025 13:24:34 America/Mexico_City] Script finalizado - Tiempo de ejecución: 0.023s
[27-Nov-2025 13:26:35 America/Mexico_City] Sistema iniciado - 2025-11-27 13:26:35
[27-Nov-2025 13:26:36 America/Mexico_City] Script finalizado - Tiempo de ejecución: 0.026s
[27-Nov-2025 13:26:37 America/Mexico_City] Sistema iniciado - 2025-11-27 13:26:37
[27-Nov-2025 13:26:37 America/Mexico_City] Script finalizado - Tiempo de ejecución: 0.041s
[27-Nov-2025 13:27:15 America/Mexico_City] Sistema iniciado - 2025-11-27 13:27:15
[27-Nov-2025 13:27:15 America/Mexico_City] Script finalizado - Tiempo de ejecución: 0.025s
[27-Nov-2025 13:27:18 America/Mexico_City] Sistema iniciado - 2025-11-27 13:27:18
[27-Nov-2025 13:27:18 America/Mexico_City] Script finalizado - Tiempo de ejecución: 0.02s
[27-Nov-2025 13:27:22 America/Mexico_City] Sistema iniciado - 2025-11-27 13:27:22
[27-Nov-2025 13:27:22 America/Mexico_City] PHP Notice:  session_start(): Ignoring session_start() because a session is already active in C:\xampp\htdocs\P.V\index.php on line 11
[27-Nov-2025 13:27:22 America/Mexico_City] Script finalizado - Tiempo de ejecución: 0.025s
[27-Nov-2025 13:27:22 America/Mexico_City] Sistema iniciado - 2025-11-27 13:27:22
[27-Nov-2025 13:27:22 America/Mexico_City] Script finalizado - Tiempo de ejecución: 0.015s
[27-Nov-2025 13:29:10 America/Mexico_City] Sistema iniciado - 2025-11-27 13:29:10
[27-Nov-2025 13:29:10 America/Mexico_City] Script finalizado - Tiempo de ejecución: 0.056s
[27-Nov-2025 13:29:11 America/Mexico_City] Sistema iniciado - 2025-11-27 13:29:11
[27-Nov-2025 13:29:11 America/Mexico_City] Script finalizado - Tiempo de ejecución: 0.037s
[27-Nov-2025 13:39:20 America/Mexico_City] Sistema iniciado - 2025-11-27 13:39:20
[27-Nov-2025 13:39:20 America/Mexico_City] Script finalizado - Tiempo de ejecución: 0.029s
[27-Nov-2025 13:53:10 America/Mexico_City] Sistema iniciado - 2025-11-27 13:53:10
[27-Nov-2025 13:53:10 America/Mexico_City] Script finalizado - Tiempo de ejecución: 0.043s
[27-Nov-2025 13:53:12 America/Mexico_City] Sistema iniciado - 2025-11-27 13:53:12
[27-Nov-2025 13:53:12 America/Mexico_City] Script finalizado - Tiempo de ejecución: 0.018s
[27-Nov-2025 13:53:15 America/Mexico_City] Sistema iniciado - 2025-11-27 13:53:15
[27-Nov-2025 13:53:15 America/Mexico_City] Script finalizado - Tiempo de ejecución: 0.039s
[27-Nov-2025 13:53:16 America/Mexico_City] Sistema iniciado - 2025-11-27 13:53:16
[27-Nov-2025 13:53:16 America/Mexico_City] Script finalizado - Tiempo de ejecución: 0.043s
[27-Nov-2025 13:53:19 America/Mexico_City] Sistema iniciado - 2025-11-27 13:53:19
[27-Nov-2025 13:53:19 America/Mexico_City] Script finalizado - Tiempo de ejecución: 0.02s
[27-Nov-2025 13:53:20 America/Mexico_City] Sistema iniciado - 2025-11-27 13:53:20
[27-Nov-2025 13:53:20 America/Mexico_City] Script finalizado - Tiempo de ejecución: 0.044s
[27-Nov-2025 13:53:22 America/Mexico_City] Sistema iniciado - 2025-11-27 13:53:22
[27-Nov-2025 13:53:22 America/Mexico_City] Script finalizado - Tiempo de ejecución: 0.032s
[27-Nov-2025 13:53:42 America/Mexico_City] Sistema iniciado - 2025-11-27 13:53:42
[27-Nov-2025 13:53:42 America/Mexico_City] Script finalizado - Tiempo de ejecución: 0.02s
[27-Nov-2025 13:53:45 America/Mexico_City] Sistema iniciado - 2025-11-27 13:53:45
[27-Nov-2025 13:53:45 America/Mexico_City] Script finalizado - Tiempo de ejecución: 0.039s
[27-Nov-2025 13:53:48 America/Mexico_City] Sistema iniciado - 2025-11-27 13:53:48
[27-Nov-2025 13:53:48 America/Mexico_City] Script finalizado - Tiempo de ejecución: 0.045s
[27-Nov-2025 13:53:50 America/Mexico_City] Sistema iniciado - 2025-11-27 13:53:50
[27-Nov-2025 13:53:50 America/Mexico_City] Script finalizado - Tiempo de ejecución: 0.041s
[27-Nov-2025 13:54:09 America/Mexico_City] Sistema iniciado - 2025-11-27 13:54:09
[27-Nov-2025 13:54:09 America/Mexico_City] Script finalizado - Tiempo de ejecución: 0.041s
[27-Nov-2025 13:54:21 America/Mexico_City] Sistema iniciado - 2025-11-27 13:54:21
[27-Nov-2025 13:54:21 America/Mexico_City] Script finalizado - Tiempo de ejecución: 0.021s
[27-Nov-2025 13:54:50 America/Mexico_City] Sistema iniciado - 2025-11-27 13:54:50
[27-Nov-2025 13:54:50 America/Mexico_City] Script finalizado - Tiempo de ejecución: 0.033s
[27-Nov-2025 13:55:17 America/Mexico_City] Sistema iniciado - 2025-11-27 13:55:17
[27-Nov-2025 13:55:17 America/Mexico_City] Script finalizado - Tiempo de ejecución: 0.048s
[27-Nov-2025 13:57:21 America/Mexico_City] Sistema iniciado - 2025-11-27 13:57:21
[27-Nov-2025 13:57:21 America/Mexico_City] Script finalizado - Tiempo de ejecución: 0.023s
[27-Nov-2025 13:57:31 America/Mexico_City] Sistema iniciado - 2025-11-27 13:57:31
[27-Nov-2025 13:57:31 America/Mexico_City] Script finalizado - Tiempo de ejecución: 0.024s
[28-Nov-2025 16:35:56 America/Mexico_City] Sistema iniciado - 2025-11-28 16:35:56
[28-Nov-2025 16:35:56 America/Mexico_City] Script finalizado - Tiempo de ejecución: 0.045s
[28-Nov-2025 17:15:32 America/Mexico_City] Sistema iniciado - 2025-11-28 17:15:32
[28-Nov-2025 17:15:32 America/Mexico_City] Script finalizado - Tiempo de ejecución: 0.055s
[01-Dec-2025 10:17:11 America/Mexico_City] Sistema iniciado - 2025-12-01 10:17:11
[01-Dec-2025 10:17:11 America/Mexico_City] Script finalizado - Tiempo de ejecución: 0.057s
[01-Dec-2025 10:31:53 America/Mexico_City] Sistema iniciado - 2025-12-01 10:31:53
[01-Dec-2025 10:31:53 America/Mexico_City] Script finalizado - Tiempo de ejecución: 0.049s
[01-Dec-2025 10:31:55 America/Mexico_City] Sistema iniciado - 2025-12-01 10:31:55
[01-Dec-2025 10:31:55 America/Mexico_City] Script finalizado - Tiempo de ejecución: 0.033s
[01-Dec-2025 10:31:56 America/Mexico_City] Sistema iniciado - 2025-12-01 10:31:56
[01-Dec-2025 10:31:56 America/Mexico_City] Script finalizado - Tiempo de ejecución: 0.032s
[01-Dec-2025 10:32:04 America/Mexico_City] Sistema iniciado - 2025-12-01 10:32:04
[01-Dec-2025 10:32:04 America/Mexico_City] Script finalizado - Tiempo de ejecución: 0.038s
[01-Dec-2025 10:32:10 America/Mexico_City] Sistema iniciado - 2025-12-01 10:32:10
[01-Dec-2025 10:32:10 America/Mexico_City] Script finalizado - Tiempo de ejecución: 0.061s
[01-Dec-2025 10:41:10 America/Mexico_City] Sistema iniciado - 2025-12-01 10:41:10
[01-Dec-2025 10:41:10 America/Mexico_City] Script finalizado - Tiempo de ejecución: 0.052s
[01-Dec-2025 10:41:16 America/Mexico_City] Sistema iniciado - 2025-12-01 10:41:16
[01-Dec-2025 10:41:16 America/Mexico_City] Script finalizado - Tiempo de ejecución: 0.035s
[01-Dec-2025 10:52:21 America/Mexico_City] Sistema iniciado - 2025-12-01 10:52:21
[01-Dec-2025 10:52:21 America/Mexico_City] Script finalizado - Tiempo de ejecución: 0.051s
[01-Dec-2025 10:54:01 America/Mexico_City] Sistema iniciado - 2025-12-01 10:54:01
[01-Dec-2025 10:54:01 America/Mexico_City] Script finalizado - Tiempo de ejecución: 0.049s
[01-Dec-2025 10:54:02 America/Mexico_City] Sistema iniciado - 2025-12-01 10:54:02
[01-Dec-2025 10:54:02 America/Mexico_City] Script finalizado - Tiempo de ejecución: 0.028s
[01-Dec-2025 10:54:44 America/Mexico_City] Sistema iniciado - 2025-12-01 10:54:44
[01-Dec-2025 10:54:47 America/Mexico_City] PHP Warning:  mail(): Failed to connect to mailserver at &quot;localhost&quot; port 25, verify your &quot;SMTP&quot; and &quot;smtp_port&quot; setting in php.ini or use ini_set() in C:\xampp\htdocs\P.V\models\Notificacion.php on line 237
[01-Dec-2025 10:54:47 America/Mexico_City] Output captured before JSON response in crear_cotizacion: <br />
<b>Warning</b>:  mail(): Failed to connect to mailserver at &quot;localhost&quot; port 25, verify your &quot;SMTP&quot; and &quot;smtp_port&quot; setting in php.ini or use ini_set() in <b>C:\xampp\htdocs\P.V\models\Notificacion.php</b> on line <b>237</b><br />

[01-Dec-2025 10:54:47 America/Mexico_City] Script finalizado - Tiempo de ejecución: 3.737s
[01-Dec-2025 10:56:25 America/Mexico_City] Sistema iniciado - 2025-12-01 10:56:25
[01-Dec-2025 10:59:12 America/Mexico_City] Sistema iniciado - 2025-12-01 10:59:12
[01-Dec-2025 10:59:12 America/Mexico_City] Script finalizado - Tiempo de ejecución: 0.068s
[01-Dec-2025 10:59:54 America/Mexico_City] Sistema iniciado - 2025-12-01 10:59:54
[01-Dec-2025 10:59:54 America/Mexico_City] Script finalizado - Tiempo de ejecución: 0.11s
[01-Dec-2025 11:05:46 America/Mexico_City] Sistema iniciado - 2025-12-01 11:05:46
[01-Dec-2025 11:05:46 America/Mexico_City] Script finalizado - Tiempo de ejecución: 0.102s
[01-Dec-2025 11:05:50 America/Mexico_City] Sistema iniciado - 2025-12-01 11:05:50
[01-Dec-2025 11:05:50 America/Mexico_City] Script finalizado - Tiempo de ejecución: 0.074s
[01-Dec-2025 11:06:21 America/Mexico_City] Sistema iniciado - 2025-12-01 11:06:21
[01-Dec-2025 11:06:24 America/Mexico_City] PHP Warning:  mail(): Failed to connect to mailserver at &quot;localhost&quot; port 25, verify your &quot;SMTP&quot; and &quot;smtp_port&quot; setting in php.ini or use ini_set() in C:\xampp\htdocs\P.V\models\Notificacion.php on line 237
[01-Dec-2025 11:06:24 America/Mexico_City] Output captured before JSON response in crear_cotizacion: <br />
<b>Warning</b>:  mail(): Failed to connect to mailserver at &quot;localhost&quot; port 25, verify your &quot;SMTP&quot; and &quot;smtp_port&quot; setting in php.ini or use ini_set() in <b>C:\xampp\htdocs\P.V\models\Notificacion.php</b> on line <b>237</b><br />

[01-Dec-2025 11:06:24 America/Mexico_City] Script finalizado - Tiempo de ejecución: 3.631s
[01-Dec-2025 11:13:25 America/Mexico_City] Sistema iniciado - 2025-12-01 11:13:25
[01-Dec-2025 11:13:27 America/Mexico_City] Script finalizado - Tiempo de ejecución: 1.66s
[01-Dec-2025 14:33:54 America/Mexico_City] Sistema iniciado - 2025-12-01 14:33:54
[01-Dec-2025 14:33:54 America/Mexico_City] Script finalizado - Tiempo de ejecución: 0.056s
[01-Dec-2025 14:35:21 America/Mexico_City] Sistema iniciado - 2025-12-01 14:35:21
[01-Dec-2025 14:35:21 America/Mexico_City] PHP Notice:  session_start(): Ignoring session_start() because a session is already active in C:\xampp\htdocs\P.V\index.php on line 11
[01-Dec-2025 14:35:21 America/Mexico_City] Script finalizado - Tiempo de ejecución: 0.039s
[01-Dec-2025 14:35:21 America/Mexico_City] Sistema iniciado - 2025-12-01 14:35:21
[01-Dec-2025 14:35:21 America/Mexico_City] Script finalizado - Tiempo de ejecución: 0.052s
[01-Dec-2025 14:35:26 America/Mexico_City] Sistema iniciado - 2025-12-01 14:35:26
[01-Dec-2025 14:35:26 America/Mexico_City] PHP Fatal error:  Uncaught Error: Class "Cliente" not found in C:\xampp\htdocs\P.V\views\clientes\listar.php:15
Stack trace:
#0 {main}
  thrown in C:\xampp\htdocs\P.V\views\clientes\listar.php on line 15
[01-Dec-2025 14:35:26 America/Mexico_City] Script finalizado - Tiempo de ejecución: 0.032s
[01-Dec-2025 14:35:39 America/Mexico_City] Sistema iniciado - 2025-12-01 14:35:39
[01-Dec-2025 14:35:39 America/Mexico_City] PHP Fatal error:  Uncaught Error: Class "Producto" not found in C:\xampp\htdocs\P.V\views\productos\listar.php:19
Stack trace:
#0 {main}
  thrown in C:\xampp\htdocs\P.V\views\productos\listar.php on line 19
[01-Dec-2025 14:35:39 America/Mexico_City] Script finalizado - Tiempo de ejecución: 0.025s
[01-Dec-2025 14:38:44 America/Mexico_City] Sistema iniciado - 2025-12-01 14:38:44
[01-Dec-2025 14:38:44 America/Mexico_City] Script finalizado - Tiempo de ejecución: 0.051s
[01-Dec-2025 14:38:49 America/Mexico_City] Sistema iniciado - 2025-12-01 14:38:49
[01-Dec-2025 14:38:49 America/Mexico_City] PHP Fatal error:  Uncaught Error: Class "Producto" not found in C:\xampp\htdocs\P.V\views\productos\listar.php:19
Stack trace:
#0 {main}
  thrown in C:\xampp\htdocs\P.V\views\productos\listar.php on line 19
[01-Dec-2025 14:38:49 America/Mexico_City] Script finalizado - Tiempo de ejecución: 0.04s
[01-Dec-2025 14:38:53 America/Mexico_City] Sistema iniciado - 2025-12-01 14:38:53
[01-Dec-2025 14:38:53 America/Mexico_City] PHP Fatal error:  Uncaught Error: Class "Cliente" not found in C:\xampp\htdocs\P.V\views\clientes\listar.php:15
Stack trace:
#0 {main}
  thrown in C:\xampp\htdocs\P.V\views\clientes\listar.php on line 15
[01-Dec-2025 14:38:53 America/Mexico_City] Script finalizado - Tiempo de ejecución: 0.025s
[01-Dec-2025 14:44:35 America/Mexico_City] Sistema iniciado - 2025-12-01 14:44:35
[01-Dec-2025 14:44:35 America/Mexico_City] PHP Fatal error:  Uncaught Error: Class "Producto" not found in C:\xampp\htdocs\P.V\views\productos\listar.php:19
Stack trace:
#0 {main}
  thrown in C:\xampp\htdocs\P.V\views\productos\listar.php on line 19
[01-Dec-2025 14:44:35 America/Mexico_City] Script finalizado - Tiempo de ejecución: 0.034s
[01-Dec-2025 14:44:45 America/Mexico_City] Sistema iniciado - 2025-12-01 14:44:45
[01-Dec-2025 14:44:45 America/Mexico_City] PHP Fatal error:  Uncaught Error: Class "Cliente" not found in C:\xampp\htdocs\P.V\views\clientes\listar.php:15
Stack trace:
#0 {main}
  thrown in C:\xampp\htdocs\P.V\views\clientes\listar.php on line 15
[01-Dec-2025 14:44:45 America/Mexico_City] Script finalizado - Tiempo de ejecución: 0.024s
[01-Dec-2025 16:25:17 America/Mexico_City] Sistema iniciado - 2025-12-01 16:25:17
[01-Dec-2025 16:25:17 America/Mexico_City] Script finalizado - Tiempo de ejecución: 0.037s
[01-Dec-2025 16:25:42 America/Mexico_City] Sistema iniciado - 2025-12-01 16:25:42
[01-Dec-2025 16:25:42 America/Mexico_City] Script finalizado - Tiempo de ejecución: 0.029s
[01-Dec-2025 16:25:44 America/Mexico_City] Sistema iniciado - 2025-12-01 16:25:44
[01-Dec-2025 16:25:44 America/Mexico_City] Script finalizado - Tiempo de ejecución: 0.043s
[01-Dec-2025 16:25:53 America/Mexico_City] Sistema iniciado - 2025-12-01 16:25:53
[01-Dec-2025 16:25:53 America/Mexico_City] Script finalizado - Tiempo de ejecución: 0.046s
[01-Dec-2025 16:26:16 America/Mexico_City] Sistema iniciado - 2025-12-01 16:26:16
[01-Dec-2025 16:26:16 America/Mexico_City] Script finalizado - Tiempo de ejecución: 0.052s
[01-Dec-2025 16:26:18 America/Mexico_City] Sistema iniciado - 2025-12-01 16:26:18
[01-Dec-2025 16:26:18 America/Mexico_City] Script finalizado - Tiempo de ejecución: 0.05s
[01-Dec-2025 16:26:35 America/Mexico_City] Sistema iniciado - 2025-12-01 16:26:35
[01-Dec-2025 16:26:41 America/Mexico_City] Script finalizado - Tiempo de ejecución: 6.398s
[01-Dec-2025 16:54:54 America/Mexico_City] Sistema iniciado - 2025-12-01 16:54:54
[01-Dec-2025 16:54:54 America/Mexico_City] Script finalizado - Tiempo de ejecución: 0.108s
[01-Dec-2025 16:55:31 America/Mexico_City] Sistema iniciado - 2025-12-01 16:55:31
[01-Dec-2025 16:55:31 America/Mexico_City] PHP Deprecated:  str_replace(): Passing null to parameter #2 ($replace) of type array|string is deprecated in C:\xampp\htdocs\P.V\config\email.php on line 280
[01-Dec-2025 16:55:32 America/Mexico_City] PHP Deprecated:  str_replace(): Passing null to parameter #2 ($replace) of type array|string is deprecated in C:\xampp\htdocs\P.V\config\email.php on line 280
[01-Dec-2025 16:55:37 America/Mexico_City] Script finalizado - Tiempo de ejecución: 6.102s
[01-Dec-2025 16:57:27 America/Mexico_City] Sistema iniciado - 2025-12-01 16:57:27
[01-Dec-2025 16:57:27 America/Mexico_City] Script finalizado - Tiempo de ejecución: 0.031s
[01-Dec-2025 16:57:28 America/Mexico_City] Sistema iniciado - 2025-12-01 16:57:28
[01-Dec-2025 16:57:28 America/Mexico_City] Script finalizado - Tiempo de ejecución: 0.018s
[01-Dec-2025 16:57:43 America/Mexico_City] Sistema iniciado - 2025-12-01 16:57:43
[01-Dec-2025 16:57:44 America/Mexico_City] PHP Deprecated:  str_replace(): Passing null to parameter #2 ($replace) of type array|string is deprecated in C:\xampp\htdocs\P.V\config\email.php on line 280
[01-Dec-2025 16:57:44 America/Mexico_City] PHP Deprecated:  str_replace(): Passing null to parameter #2 ($replace) of type array|string is deprecated in C:\xampp\htdocs\P.V\config\email.php on line 280
[01-Dec-2025 16:57:50 America/Mexico_City] Output captured before JSON response in crear_cotizacion: <br />
<b>Deprecated</b>:  str_replace(): Passing null to parameter #2 ($replace) of type array|string is deprecated in <b>C:\xampp\htdocs\P.V\config\email.php</b> on line <b>280</b><br />
<br />
<b>Deprecated</b>:  str_replace(): Passing null to parameter #2 ($replace) of type array|string is deprecated in <b>C:\xampp\htdocs\P.V\config\email.php</b> on line <b>280</b><br />

[01-Dec-2025 16:57:50 America/Mexico_City] Script finalizado - Tiempo de ejecución: 6.659s
[01-Dec-2025 17:29:41 America/Mexico_City] Sistema iniciado - 2025-12-01 17:29:41
[01-Dec-2025 17:29:41 America/Mexico_City] Script finalizado - Tiempo de ejecución: 0.091s
[01-Dec-2025 17:29:45 America/Mexico_City] Sistema iniciado - 2025-12-01 17:29:45
[01-Dec-2025 17:29:45 America/Mexico_City] Script finalizado - Tiempo de ejecución: 0.026s
[02-Dec-2025 09:28:01 America/Mexico_City] Sistema iniciado - 2025-12-02 09:28:01
[02-Dec-2025 09:28:01 America/Mexico_City] Script finalizado - Tiempo de ejecución: 0.033s
[02-Dec-2025 10:46:31 America/Mexico_City] Sistema iniciado - 2025-12-02 10:46:31
[02-Dec-2025 10:46:31 America/Mexico_City] Script finalizado - Tiempo de ejecución: 0.1s
[02-Dec-2025 10:46:33 America/Mexico_City] Sistema iniciado - 2025-12-02 10:46:33
[02-Dec-2025 10:46:33 America/Mexico_City] Script finalizado - Tiempo de ejecución: 0.052s
[02-Dec-2025 10:46:55 America/Mexico_City] Sistema iniciado - 2025-12-02 10:46:55
[02-Dec-2025 10:46:55 America/Mexico_City] PHP Deprecated:  str_replace(): Passing null to parameter #2 ($replace) of type array|string is deprecated in C:\xampp\htdocs\P.V\config\email.php on line 280
[02-Dec-2025 10:46:55 America/Mexico_City] PHP Deprecated:  str_replace(): Passing null to parameter #2 ($replace) of type array|string is deprecated in C:\xampp\htdocs\P.V\config\email.php on line 280
[02-Dec-2025 10:47:02 America/Mexico_City] Output captured before JSON response in crear_cotizacion: <br />
<b>Deprecated</b>:  str_replace(): Passing null to parameter #2 ($replace) of type array|string is deprecated in <b>C:\xampp\htdocs\P.V\config\email.php</b> on line <b>280</b><br />
<br />
<b>Deprecated</b>:  str_replace(): Passing null to parameter #2 ($replace) of type array|string is deprecated in <b>C:\xampp\htdocs\P.V\config\email.php</b> on line <b>280</b><br />

[02-Dec-2025 10:47:02 America/Mexico_City] Script finalizado - Tiempo de ejecución: 7.342s
[02-Dec-2025 10:57:38 America/Mexico_City] Sistema iniciado - 2025-12-02 10:57:38
[02-Dec-2025 10:57:38 America/Mexico_City] PHP Deprecated:  str_replace(): Passing null to parameter #2 ($replace) of type array|string is deprecated in C:\xampp\htdocs\P.V\config\email.php on line 280
[02-Dec-2025 10:57:38 America/Mexico_City] PHP Deprecated:  str_replace(): Passing null to parameter #2 ($replace) of type array|string is deprecated in C:\xampp\htdocs\P.V\config\email.php on line 280
[02-Dec-2025 10:57:45 America/Mexico_City] Output captured before JSON response in crear_cotizacion: <br />
<b>Deprecated</b>:  str_replace(): Passing null to parameter #2 ($replace) of type array|string is deprecated in <b>C:\xampp\htdocs\P.V\config\email.php</b> on line <b>280</b><br />
<br />
<b>Deprecated</b>:  str_replace(): Passing null to parameter #2 ($replace) of type array|string is deprecated in <b>C:\xampp\htdocs\P.V\config\email.php</b> on line <b>280</b><br />

[02-Dec-2025 10:57:45 America/Mexico_City] Script finalizado - Tiempo de ejecución: 6.935s
[02-Dec-2025 11:07:45 America/Mexico_City] Sistema iniciado - 2025-12-02 11:07:45
[02-Dec-2025 11:07:45 America/Mexico_City] PHP Deprecated:  str_replace(): Passing null to parameter #2 ($replace) of type array|string is deprecated in C:\xampp\htdocs\P.V\config\email.php on line 280
[02-Dec-2025 11:07:45 America/Mexico_City] PHP Deprecated:  str_replace(): Passing null to parameter #2 ($replace) of type array|string is deprecated in C:\xampp\htdocs\P.V\config\email.php on line 280
[02-Dec-2025 11:07:51 America/Mexico_City] Output captured before JSON response in crear_cotizacion: <br />
<b>Deprecated</b>:  str_replace(): Passing null to parameter #2 ($replace) of type array|string is deprecated in <b>C:\xampp\htdocs\P.V\config\email.php</b> on line <b>280</b><br />
<br />
<b>Deprecated</b>:  str_replace(): Passing null to parameter #2 ($replace) of type array|string is deprecated in <b>C:\xampp\htdocs\P.V\config\email.php</b> on line <b>280</b><br />

[02-Dec-2025 11:07:51 America/Mexico_City] Script finalizado - Tiempo de ejecución: 6.732s
[02-Dec-2025 11:30:19 America/Mexico_City] Sistema iniciado - 2025-12-02 11:30:19
[02-Dec-2025 11:30:19 America/Mexico_City] Script finalizado - Tiempo de ejecución: 0.056s
[02-Dec-2025 11:30:22 America/Mexico_City] Sistema iniciado - 2025-12-02 11:30:22
[02-Dec-2025 11:30:22 America/Mexico_City] Script finalizado - Tiempo de ejecución: 0.043s
[02-Dec-2025 11:30:36 America/Mexico_City] Sistema iniciado - 2025-12-02 11:30:36
[02-Dec-2025 11:30:36 America/Mexico_City] Script finalizado - Tiempo de ejecución: 0.035s
[02-Dec-2025 11:30:38 America/Mexico_City] Sistema iniciado - 2025-12-02 11:30:38
[02-Dec-2025 11:30:38 America/Mexico_City] Script finalizado - Tiempo de ejecución: 0.035s
[02-Dec-2025 11:30:41 America/Mexico_City] Sistema iniciado - 2025-12-02 11:30:41
[02-Dec-2025 11:30:41 America/Mexico_City] Script finalizado - Tiempo de ejecución: 0.034s
[02-Dec-2025 11:39:35 America/Mexico_City] Sistema iniciado - 2025-12-02 11:39:35
[03-Dec-2025 09:09:39 America/Mexico_City] Sistema iniciado - 2025-12-03 09:09:39
[03-Dec-2025 09:09:39 America/Mexico_City] Script finalizado - Tiempo de ejecución: 0.118s
[03-Dec-2025 09:27:08 America/Mexico_City] Sistema iniciado - 2025-12-03 09:27:08
[03-Dec-2025 09:27:08 America/Mexico_City] PHP Fatal error:  Uncaught Error: Class "EmailService" not found in C:\xampp\htdocs\P.V\controllers\cambiar_estatus_cotizacion.php:53
Stack trace:
#0 {main}
  thrown in C:\xampp\htdocs\P.V\controllers\cambiar_estatus_cotizacion.php on line 53
[03-Dec-2025 09:27:08 America/Mexico_City] Script finalizado - Tiempo de ejecución: 0.07s
[03-Dec-2025 09:31:34 America/Mexico_City] Sistema iniciado - 2025-12-03 09:31:34
[03-Dec-2025 09:31:34 America/Mexico_City] PHP Fatal error:  Uncaught Error: Class "EmailService" not found in C:\xampp\htdocs\P.V\controllers\cambiar_estatus_cotizacion.php:53
Stack trace:
#0 {main}
  thrown in C:\xampp\htdocs\P.V\controllers\cambiar_estatus_cotizacion.php on line 53
[03-Dec-2025 09:31:34 America/Mexico_City] Script finalizado - Tiempo de ejecución: 0.072s
[03-Dec-2025 10:26:57 America/Mexico_City] Sistema iniciado - 2025-12-03 10:26:57
[03-Dec-2025 10:26:57 America/Mexico_City] PHP Deprecated:  str_replace(): Passing null to parameter #2 ($replace) of type array|string is deprecated in C:\xampp\htdocs\P.V\config\email.php on line 280
[03-Dec-2025 10:26:57 America/Mexico_City] PHP Deprecated:  str_replace(): Passing null to parameter #2 ($replace) of type array|string is deprecated in C:\xampp\htdocs\P.V\config\email.php on line 280
[03-Dec-2025 10:27:04 America/Mexico_City] Output captured before JSON response in crear_cotizacion: <br />
<b>Deprecated</b>:  str_replace(): Passing null to parameter #2 ($replace) of type array|string is deprecated in <b>C:\xampp\htdocs\P.V\config\email.php</b> on line <b>280</b><br />
<br />
<b>Deprecated</b>:  str_replace(): Passing null to parameter #2 ($replace) of type array|string is deprecated in <b>C:\xampp\htdocs\P.V\config\email.php</b> on line <b>280</b><br />

[03-Dec-2025 10:27:04 America/Mexico_City] Script finalizado - Tiempo de ejecución: 6.901s
[03-Dec-2025 11:14:50 America/Mexico_City] Sistema iniciado - 2025-12-03 11:14:50
[03-Dec-2025 11:14:50 America/Mexico_City] PHP Deprecated:  str_replace(): Passing null to parameter #2 ($replace) of type array|string is deprecated in C:\xampp\htdocs\P.V\config\email.php on line 280
[03-Dec-2025 11:14:50 America/Mexico_City] PHP Deprecated:  str_replace(): Passing null to parameter #2 ($replace) of type array|string is deprecated in C:\xampp\htdocs\P.V\config\email.php on line 280
[03-Dec-2025 11:14:57 America/Mexico_City] Output captured before JSON response in crear_cotizacion: <br />
<b>Deprecated</b>:  str_replace(): Passing null to parameter #2 ($replace) of type array|string is deprecated in <b>C:\xampp\htdocs\P.V\config\email.php</b> on line <b>280</b><br />
<br />
<b>Deprecated</b>:  str_replace(): Passing null to parameter #2 ($replace) of type array|string is deprecated in <b>C:\xampp\htdocs\P.V\config\email.php</b> on line <b>280</b><br />

[03-Dec-2025 11:14:57 America/Mexico_City] Script finalizado - Tiempo de ejecución: 6.842s
[03-Dec-2025 11:18:16 America/Mexico_City] Sistema iniciado - 2025-12-03 11:18:16
[03-Dec-2025 11:53:50 America/Mexico_City] Sistema iniciado - 2025-12-03 11:53:50
[03-Dec-2025 11:53:50 America/Mexico_City] PHP Deprecated:  str_replace(): Passing null to parameter #2 ($replace) of type array|string is deprecated in C:\xampp\htdocs\P.V\config\email.php on line 280
[03-Dec-2025 11:53:50 America/Mexico_City] PHP Deprecated:  str_replace(): Passing null to parameter #2 ($replace) of type array|string is deprecated in C:\xampp\htdocs\P.V\config\email.php on line 280
[03-Dec-2025 11:53:57 America/Mexico_City] Output captured before JSON response in crear_cotizacion: <br />
<b>Deprecated</b>:  str_replace(): Passing null to parameter #2 ($replace) of type array|string is deprecated in <b>C:\xampp\htdocs\P.V\config\email.php</b> on line <b>280</b><br />
<br />
<b>Deprecated</b>:  str_replace(): Passing null to parameter #2 ($replace) of type array|string is deprecated in <b>C:\xampp\htdocs\P.V\config\email.php</b> on line <b>280</b><br />

[03-Dec-2025 11:53:57 America/Mexico_City] Script finalizado - Tiempo de ejecución: 6.812s
[03-Dec-2025 12:26:22 America/Mexico_City] Sistema iniciado - 2025-12-03 12:26:22
[03-Dec-2025 12:26:22 America/Mexico_City] PHP Fatal error:  Uncaught Error: Class "EmailService" not found in C:\xampp\htdocs\P.V\controllers\cambiar_estatus_cotizacion.php:53
Stack trace:
#0 {main}
  thrown in C:\xampp\htdocs\P.V\controllers\cambiar_estatus_cotizacion.php on line 53
[03-Dec-2025 12:26:22 America/Mexico_City] Script finalizado - Tiempo de ejecución: 0.103s
[03-Dec-2025 13:09:26 America/Mexico_City] Sistema iniciado - 2025-12-03 13:09:26
[03-Dec-2025 13:09:26 America/Mexico_City] Error al enviar notificación: SQLSTATE[42S02]: Base table or view not found: 1146 Table 'sistema_pos_development.cotizaciones_detalles' doesn't exist
[03-Dec-2025 13:09:26 America/Mexico_City] Script finalizado - Tiempo de ejecución: 0.15s
[03-Dec-2025 13:12:11 America/Mexico_City] Sistema iniciado - 2025-12-03 13:12:11
[03-Dec-2025 13:27:21 America/Mexico_City] Sistema iniciado - 2025-12-03 13:27:21
[03-Dec-2025 13:27:22 America/Mexico_City] Error al enviar notificación: SQLSTATE[42S02]: Base table or view not found: 1146 Table 'sistema_pos_development.cotizaciones_detalles' doesn't exist
[03-Dec-2025 13:27:22 America/Mexico_City] Script finalizado - Tiempo de ejecución: 0.106s
[03-Dec-2025 13:29:42 America/Mexico_City] Sistema iniciado - 2025-12-03 13:29:42
[03-Dec-2025 13:33:25 America/Mexico_City] Sistema iniciado - 2025-12-03 13:33:25
[03-Dec-2025 13:33:25 America/Mexico_City] PHP Fatal error:  Uncaught Error: Class "EmailConfig" not found in C:\xampp\htdocs\P.V\test_email_sending.php:36
Stack trace:
#0 {main}
  thrown in C:\xampp\htdocs\P.V\test_email_sending.php on line 36
[03-Dec-2025 13:33:25 America/Mexico_City] Script finalizado - Tiempo de ejecución: 0.077s
[03-Dec-2025 13:33:53 America/Mexico_City] Sistema iniciado - 2025-12-03 13:33:53
[03-Dec-2025 13:33:53 America/Mexico_City] PHP Fatal error:  Uncaught Error: Class "EmailConfig" not found in C:\xampp\htdocs\P.V\test_email_sending.php:36
Stack trace:
#0 {main}
  thrown in C:\xampp\htdocs\P.V\test_email_sending.php on line 36
[03-Dec-2025 13:33:53 America/Mexico_City] Script finalizado - Tiempo de ejecución: 0.061s
[03-Dec-2025 13:34:48 America/Mexico_City] Sistema iniciado - 2025-12-03 13:34:48
[03-Dec-2025 13:34:48 America/Mexico_City] PHP Fatal error:  Uncaught Error: Class "EmailConfig" not found in C:\xampp\htdocs\P.V\test_email_cli.php:15
Stack trace:
#0 {main}
  thrown in C:\xampp\htdocs\P.V\test_email_cli.php on line 15
[03-Dec-2025 13:34:48 America/Mexico_City] Script finalizado - Tiempo de ejecución: 0.082s
[03-Dec-2025 13:42:24 America/Mexico_City] Sistema iniciado - 2025-12-03 13:42:24
[03-Dec-2025 13:42:24 America/Mexico_City] Error al enviar notificación: SQLSTATE[42S02]: Base table or view not found: 1146 Table 'sistema_pos_development.cotizaciones_detalles' doesn't exist
[03-Dec-2025 13:42:24 America/Mexico_City] Script finalizado - Tiempo de ejecución: 0.046s
[03-Dec-2025 13:42:55 America/Mexico_City] Sistema iniciado - 2025-12-03 13:42:55
[03-Dec-2025 13:43:02 America/Mexico_City] Script finalizado - Tiempo de ejecución: 6.891s
[03-Dec-2025 13:44:13 America/Mexico_City] Sistema iniciado - 2025-12-03 13:44:13
[03-Dec-2025 13:56:33 America/Mexico_City] Sistema iniciado - 2025-12-03 13:56:33
[03-Dec-2025 13:56:33 America/Mexico_City] Script finalizado - Tiempo de ejecución: 0.069s
[03-Dec-2025 13:56:48 America/Mexico_City] Sistema iniciado - 2025-12-03 13:56:48
[03-Dec-2025 13:57:01 America/Mexico_City] Script finalizado - Tiempo de ejecución: 13.358s
[03-Dec-2025 13:57:18 America/Mexico_City] Sistema iniciado - 2025-12-03 13:57:18
[03-Dec-2025 13:57:24 America/Mexico_City] Script finalizado - Tiempo de ejecución: 6.823s
[03-Dec-2025 13:57:24 America/Mexico_City] Sistema iniciado - 2025-12-03 13:57:24
[03-Dec-2025 13:57:38 America/Mexico_City] Script finalizado - Tiempo de ejecución: 14.495s
[03-Dec-2025 13:57:47 America/Mexico_City] Sistema iniciado - 2025-12-03 13:57:47
[03-Dec-2025 13:58:01 America/Mexico_City] Script finalizado - Tiempo de ejecución: 13.441s
[03-Dec-2025 13:58:01 America/Mexico_City] Sistema iniciado - 2025-12-03 13:58:01
[03-Dec-2025 13:58:14 America/Mexico_City] Script finalizado - Tiempo de ejecución: 23.763s
[03-Dec-2025 13:58:14 America/Mexico_City] Sistema iniciado - 2025-12-03 13:58:14
[03-Dec-2025 13:58:27 America/Mexico_City] PHP Fatal error:  Maximum execution time of 30 seconds exceeded in C:\xampp\htdocs\P.V\vendor\phpmailer\phpmailer\src\SMTP.php on line 1340
[03-Dec-2025 13:58:27 America/Mexico_City] Script finalizado - Tiempo de ejecución: 30.527s
[03-Dec-2025 13:58:27 America/Mexico_City] Sistema iniciado - 2025-12-03 13:58:27
[03-Dec-2025 13:58:27 America/Mexico_City] Script finalizado - Tiempo de ejecución: 27.026s
[03-Dec-2025 13:58:27 America/Mexico_City] Sistema iniciado - 2025-12-03 13:58:27
[03-Dec-2025 13:58:27 America/Mexico_City] Script finalizado - Tiempo de ejecución: 17.588s
[03-Dec-2025 13:59:13 America/Mexico_City] Sistema iniciado - 2025-12-03 13:59:13
[03-Dec-2025 13:59:27 America/Mexico_City] Script finalizado - Tiempo de ejecución: 14.375s
[03-Dec-2025 13:59:27 America/Mexico_City] Sistema iniciado - 2025-12-03 13:59:27
[03-Dec-2025 13:59:40 America/Mexico_City] Script finalizado - Tiempo de ejecución: 26.316s
[03-Dec-2025 14:14:51 America/Mexico_City] Sistema iniciado - 2025-12-03 14:14:51
[03-Dec-2025 14:14:58 America/Mexico_City] Script finalizado - Tiempo de ejecución: 6.721s
[03-Dec-2025 14:24:09 America/Mexico_City] Sistema iniciado - 2025-12-03 14:24:09
[03-Dec-2025 14:24:16 America/Mexico_City] Script finalizado - Tiempo de ejecución: 6.56s
[03-Dec-2025 14:30:28 America/Mexico_City] Sistema iniciado - 2025-12-03 14:30:28
[03-Dec-2025 14:30:28 America/Mexico_City] Error al enviar notificación: SQLSTATE[42S02]: Base table or view not found: 1146 Table 'sistema_pos_development.cotizaciones_detalles' doesn't exist
[03-Dec-2025 14:30:28 America/Mexico_City] Script finalizado - Tiempo de ejecución: 0.094s
[03-Dec-2025 14:33:36 America/Mexico_City] Sistema iniciado - 2025-12-03 14:33:36
[03-Dec-2025 14:33:42 America/Mexico_City] Script finalizado - Tiempo de ejecución: 6.525s
[03-Dec-2025 17:20:51 America/Mexico_City] Sistema iniciado - 2025-12-03 17:20:51
[03-Dec-2025 17:20:58 America/Mexico_City] Script finalizado - Tiempo de ejecución: 6.451s
[03-Dec-2025 17:47:52 America/Mexico_City] Sistema iniciado - 2025-12-03 17:47:52
[03-Dec-2025 17:47:52 America/Mexico_City] Error al enviar notificación: SQLSTATE[42S02]: Base table or view not found: 1146 Table 'sistema_pos_development.cotizaciones_detalles' doesn't exist
[03-Dec-2025 17:47:52 America/Mexico_City] Script finalizado - Tiempo de ejecución: 0.145s
[04-Dec-2025 11:12:03 America/Mexico_City] Sistema iniciado - 2025-12-04 11:12:03
[04-Dec-2025 11:12:03 America/Mexico_City] Script finalizado - Tiempo de ejecución: 0.081s
[04-Dec-2025 11:55:14 America/Mexico_City] Sistema iniciado - 2025-12-04 11:55:14
[04-Dec-2025 11:55:14 America/Mexico_City] Error al enviar notificación: SQLSTATE[42S02]: Base table or view not found: 1146 Table 'sistema_pos_development.cotizaciones_detalles' doesn't exist
[04-Dec-2025 11:55:14 America/Mexico_City] Script finalizado - Tiempo de ejecución: 0.064s
[04-Dec-2025 11:58:15 America/Mexico_City] Sistema iniciado - 2025-12-04 11:58:15
[04-Dec-2025 11:58:22 America/Mexico_City] Script finalizado - Tiempo de ejecución: 6.996s
[04-Dec-2025 11:58:42 America/Mexico_City] Sistema iniciado - 2025-12-04 11:58:42
[04-Dec-2025 11:58:42 America/Mexico_City] Script finalizado - Tiempo de ejecución: 0.028s
[04-Dec-2025 11:58:47 America/Mexico_City] Sistema iniciado - 2025-12-04 11:58:47
[04-Dec-2025 11:59:01 America/Mexico_City] Script finalizado - Tiempo de ejecución: 13.976s
[04-Dec-2025 12:07:09 America/Mexico_City] Sistema iniciado - 2025-12-04 12:07:09
[04-Dec-2025 12:07:09 America/Mexico_City] Script finalizado - Tiempo de ejecución: 0.022s
[04-Dec-2025 12:07:22 America/Mexico_City] Sistema iniciado - 2025-12-04 12:07:22
[04-Dec-2025 12:07:22 America/Mexico_City] Script finalizado - Tiempo de ejecución: 0.032s
[04-Dec-2025 12:07:39 America/Mexico_City] Sistema iniciado - 2025-12-04 12:07:39
[04-Dec-2025 12:07:39 America/Mexico_City] Script finalizado - Tiempo de ejecución: 0.017s
[04-Dec-2025 12:07:40 America/Mexico_City] Sistema iniciado - 2025-12-04 12:07:40
[04-Dec-2025 12:07:41 America/Mexico_City] Script finalizado - Tiempo de ejecución: 0.035s
[04-Dec-2025 12:08:57 America/Mexico_City] Sistema iniciado - 2025-12-04 12:08:57
[04-Dec-2025 12:08:57 America/Mexico_City] Error al enviar notificación: SQLSTATE[42S02]: Base table or view not found: 1146 Table 'sistema_pos_development.cotizaciones_detalles' doesn't exist
[04-Dec-2025 12:08:57 America/Mexico_City] Script finalizado - Tiempo de ejecución: 0.05s
[04-Dec-2025 12:10:55 America/Mexico_City] Sistema iniciado - 2025-12-04 12:10:55
[04-Dec-2025 12:11:03 America/Mexico_City] Script finalizado - Tiempo de ejecución: 8.214s
[04-Dec-2025 12:17:23 America/Mexico_City] Sistema iniciado - 2025-12-04 12:17:23
[04-Dec-2025 12:17:23 America/Mexico_City] Error al enviar notificación: SQLSTATE[42S02]: Base table or view not found: 1146 Table 'sistema_pos_development.cotizaciones_detalles' doesn't exist
[04-Dec-2025 12:17:23 America/Mexico_City] Script finalizado - Tiempo de ejecución: 0.08s
[04-Dec-2025 12:21:52 America/Mexico_City] Sistema iniciado - 2025-12-04 12:21:52
[04-Dec-2025 12:21:52 America/Mexico_City] Error al enviar notificación: SQLSTATE[42S02]: Base table or view not found: 1146 Table 'sistema_pos_development.cotizaciones_detalles' doesn't exist
[04-Dec-2025 12:21:52 America/Mexico_City] Script finalizado - Tiempo de ejecución: 0.069s
[04-Dec-2025 12:40:50 America/Mexico_City] Sistema iniciado - 2025-12-04 12:40:50
[04-Dec-2025 12:40:50 America/Mexico_City] Error al enviar notificación: SQLSTATE[42S02]: Base table or view not found: 1146 Table 'sistema_pos_development.cotizaciones_detalles' doesn't exist
[04-Dec-2025 12:40:50 America/Mexico_City] Script finalizado - Tiempo de ejecución: 0.064s
[04-Dec-2025 12:44:54 America/Mexico_City] Sistema iniciado - 2025-12-04 12:44:54
[04-Dec-2025 12:44:54 America/Mexico_City] Error al enviar notificación: SQLSTATE[42S02]: Base table or view not found: 1146 Table 'sistema_pos_development.cotizaciones_detalles' doesn't exist
[04-Dec-2025 12:44:54 America/Mexico_City] Script finalizado - Tiempo de ejecución: 0.112s
[04-Dec-2025 12:46:09 America/Mexico_City] Sistema iniciado - 2025-12-04 12:46:09
[04-Dec-2025 12:46:09 America/Mexico_City] Error al enviar notificación: SQLSTATE[42S02]: Base table or view not found: 1146 Table 'sistema_pos_development.cotizaciones_detalles' doesn't exist
[04-Dec-2025 12:46:09 America/Mexico_City] Script finalizado - Tiempo de ejecución: 0.124s
[04-Dec-2025 12:57:06 America/Mexico_City] Sistema iniciado - 2025-12-04 12:57:06
[04-Dec-2025 12:57:06 America/Mexico_City] Error al enviar notificación: SQLSTATE[42S02]: Base table or view not found: 1146 Table 'sistema_pos_development.cotizaciones_detalles' doesn't exist
[04-Dec-2025 12:57:06 America/Mexico_City] Script finalizado - Tiempo de ejecución: 0.123s
[04-Dec-2025 12:57:32 America/Mexico_City] Sistema iniciado - 2025-12-04 12:57:32
[04-Dec-2025 12:57:32 America/Mexico_City] Error al enviar notificación: SQLSTATE[42S02]: Base table or view not found: 1146 Table 'sistema_pos_development.cotizaciones_detalles' doesn't exist
[04-Dec-2025 12:57:32 America/Mexico_City] Script finalizado - Tiempo de ejecución: 0.083s
[04-Dec-2025 13:01:42 America/Mexico_City] Sistema iniciado - 2025-12-04 13:01:42
[04-Dec-2025 13:01:42 America/Mexico_City] Error al enviar notificación: SQLSTATE[42S02]: Base table or view not found: 1146 Table 'sistema_pos_development.cotizaciones_detalles' doesn't exist
[04-Dec-2025 13:01:42 America/Mexico_City] Script finalizado - Tiempo de ejecución: 0.101s
[04-Dec-2025 13:11:27 America/Mexico_City] Sistema iniciado - 2025-12-04 13:11:27
[04-Dec-2025 13:11:27 America/Mexico_City] Error al enviar notificación: SQLSTATE[42S02]: Base table or view not found: 1146 Table 'sistema_pos_development.cotizaciones_detalles' doesn't exist
[04-Dec-2025 13:11:27 America/Mexico_City] Script finalizado - Tiempo de ejecución: 0.103s
[04-Dec-2025 13:48:19 America/Mexico_City] Sistema iniciado - 2025-12-04 13:48:19
[04-Dec-2025 13:48:19 America/Mexico_City] Error al enviar notificación: SQLSTATE[42S02]: Base table or view not found: 1146 Table 'sistema_pos_development.cotizaciones_detalles' doesn't exist
[04-Dec-2025 13:48:19 America/Mexico_City] Script finalizado - Tiempo de ejecución: 0.052s
[04-Dec-2025 13:49:57 America/Mexico_City] Sistema iniciado - 2025-12-04 13:49:57
[04-Dec-2025 13:49:57 America/Mexico_City] Error al enviar notificación: SQLSTATE[42S02]: Base table or view not found: 1146 Table 'sistema_pos_development.cotizaciones_detalles' doesn't exist
[04-Dec-2025 13:49:57 America/Mexico_City] Script finalizado - Tiempo de ejecución: 0.045s
[04-Dec-2025 13:51:00 America/Mexico_City] Sistema iniciado - 2025-12-04 13:51:00
[04-Dec-2025 13:51:00 America/Mexico_City] Error al enviar notificación: SQLSTATE[42S02]: Base table or view not found: 1146 Table 'sistema_pos_development.cotizaciones_detalles' doesn't exist
[04-Dec-2025 13:51:00 America/Mexico_City] Script finalizado - Tiempo de ejecución: 0.044s
[04-Dec-2025 13:52:11 America/Mexico_City] Sistema iniciado - 2025-12-04 13:52:11
[04-Dec-2025 13:52:11 America/Mexico_City] Error al enviar notificación: SQLSTATE[42S02]: Base table or view not found: 1146 Table 'sistema_pos_development.cotizaciones_detalles' doesn't exist
[04-Dec-2025 13:52:11 America/Mexico_City] Output captured before JSON response in crear_cotizacion: Error caught in Notificacion: SQLSTATE[42S02]: Base table or view not found: 1146 Table 'sistema_pos_development.cotizaciones_detalles' doesn't exist

[04-Dec-2025 13:52:11 America/Mexico_City] Script finalizado - Tiempo de ejecución: 0.105s
[04-Dec-2025 13:55:25 America/Mexico_City] Sistema iniciado - 2025-12-04 13:55:25
[04-Dec-2025 13:55:25 America/Mexico_City] Error al enviar notificación: SQLSTATE[42S02]: Base table or view not found: 1146 Table 'sistema_pos_development.cotizaciones_detalles' doesn't exist
[04-Dec-2025 13:55:25 America/Mexico_City] Script finalizado - Tiempo de ejecución: 0.122s
[04-Dec-2025 14:05:09 America/Mexico_City] Sistema iniciado - 2025-12-04 14:05:09
[04-Dec-2025 14:05:09 America/Mexico_City] Error al enviar notificación: SQLSTATE[42S02]: Base table or view not found: 1146 Table 'sistema_pos_development.cotizaciones_detalles' doesn't exist
[04-Dec-2025 14:05:09 America/Mexico_City] Script finalizado - Tiempo de ejecución: 0.048s
[04-Dec-2025 14:05:32 America/Mexico_City] Sistema iniciado - 2025-12-04 14:05:32
[04-Dec-2025 14:05:39 America/Mexico_City] Script finalizado - Tiempo de ejecución: 7.695s
[04-Dec-2025 14:06:18 America/Mexico_City] Sistema iniciado - 2025-12-04 14:06:18
[04-Dec-2025 14:06:18 America/Mexico_City] Error al enviar notificación: SQLSTATE[42S02]: Base table or view not found: 1146 Table 'sistema_pos_development.cotizaciones_detalles' doesn't exist
[04-Dec-2025 14:06:18 America/Mexico_City] Script finalizado - Tiempo de ejecución: 0.044s
[04-Dec-2025 14:06:46 America/Mexico_City] Sistema iniciado - 2025-12-04 14:06:46
[04-Dec-2025 14:06:46 America/Mexico_City] PHP Deprecated:  str_replace(): Passing null to parameter #2 ($replace) of type array|string is deprecated in C:\xampp\htdocs\P.V\config\email.php on line 285
[04-Dec-2025 14:06:46 America/Mexico_City] PHP Deprecated:  str_replace(): Passing null to parameter #2 ($replace) of type array|string is deprecated in C:\xampp\htdocs\P.V\config\email.php on line 285
[04-Dec-2025 14:06:54 America/Mexico_City] Error al enviar notificación: SQLSTATE[42S02]: Base table or view not found: 1146 Table 'sistema_pos_development.cotizaciones_detalles' doesn't exist
[04-Dec-2025 14:06:54 America/Mexico_City] Script finalizado - Tiempo de ejecución: 7.738s
[04-Dec-2025 14:07:48 America/Mexico_City] Sistema iniciado - 2025-12-04 14:07:48
[04-Dec-2025 14:07:48 America/Mexico_City] PHP Deprecated:  str_replace(): Passing null to parameter #2 ($replace) of type array|string is deprecated in C:\xampp\htdocs\P.V\config\email.php on line 285
[04-Dec-2025 14:07:48 America/Mexico_City] PHP Deprecated:  str_replace(): Passing null to parameter #2 ($replace) of type array|string is deprecated in C:\xampp\htdocs\P.V\config\email.php on line 285
[04-Dec-2025 14:07:55 America/Mexico_City] Error al enviar notificación: SQLSTATE[42S02]: Base table or view not found: 1146 Table 'sistema_pos_development.cotizaciones_detalles' doesn't exist
[04-Dec-2025 14:07:55 America/Mexico_City] Script finalizado - Tiempo de ejecución: 7.434s
[04-Dec-2025 14:08:10 America/Mexico_City] Sistema iniciado - 2025-12-04 14:08:10
[04-Dec-2025 14:08:10 America/Mexico_City] PHP Deprecated:  str_replace(): Passing null to parameter #2 ($replace) of type array|string is deprecated in C:\xampp\htdocs\P.V\config\email.php on line 285
[04-Dec-2025 14:08:10 America/Mexico_City] PHP Deprecated:  str_replace(): Passing null to parameter #2 ($replace) of type array|string is deprecated in C:\xampp\htdocs\P.V\config\email.php on line 285
[04-Dec-2025 14:08:18 America/Mexico_City] Error al enviar notificación: SQLSTATE[42S02]: Base table or view not found: 1146 Table 'sistema_pos_development.cotizaciones_detalles' doesn't exist
[04-Dec-2025 14:08:18 America/Mexico_City] Script finalizado - Tiempo de ejecución: 8.025s
[04-Dec-2025 14:08:30 America/Mexico_City] Sistema iniciado - 2025-12-04 14:08:30
[04-Dec-2025 14:08:30 America/Mexico_City] PHP Deprecated:  str_replace(): Passing null to parameter #2 ($replace) of type array|string is deprecated in C:\xampp\htdocs\P.V\config\email.php on line 285
[04-Dec-2025 14:08:30 America/Mexico_City] PHP Deprecated:  str_replace(): Passing null to parameter #2 ($replace) of type array|string is deprecated in C:\xampp\htdocs\P.V\config\email.php on line 285
[04-Dec-2025 14:08:37 America/Mexico_City] Error al enviar notificación: SQLSTATE[42S02]: Base table or view not found: 1146 Table 'sistema_pos_development.cotizaciones_detalles' doesn't exist
[04-Dec-2025 14:08:37 America/Mexico_City] Script finalizado - Tiempo de ejecución: 7.486s
[04-Dec-2025 14:10:38 America/Mexico_City] Sistema iniciado - 2025-12-04 14:10:38
[04-Dec-2025 14:10:38 America/Mexico_City] Error al enviar notificación: SQLSTATE[42S02]: Base table or view not found: 1146 Table 'sistema_pos_development.cotizaciones_detalles' doesn't exist
[04-Dec-2025 14:10:38 America/Mexico_City] Script finalizado - Tiempo de ejecución: 0.041s
[04-Dec-2025 14:11:07 America/Mexico_City] Sistema iniciado - 2025-12-04 14:11:07
[04-Dec-2025 14:11:07 America/Mexico_City] PHP Deprecated:  str_replace(): Passing null to parameter #2 ($replace) of type array|string is deprecated in C:\xampp\htdocs\P.V\config\email.php on line 285
[04-Dec-2025 14:11:07 America/Mexico_City] PHP Deprecated:  str_replace(): Passing null to parameter #2 ($replace) of type array|string is deprecated in C:\xampp\htdocs\P.V\config\email.php on line 285
[04-Dec-2025 14:11:14 America/Mexico_City] Script finalizado - Tiempo de ejecución: 7.686s
[04-Dec-2025 14:12:30 America/Mexico_City] Sistema iniciado - 2025-12-04 14:12:30
[04-Dec-2025 14:12:30 America/Mexico_City] PHP Deprecated:  str_replace(): Passing null to parameter #2 ($replace) of type array|string is deprecated in C:\xampp\htdocs\P.V\config\email.php on line 285
[04-Dec-2025 14:12:30 America/Mexico_City] PHP Deprecated:  str_replace(): Passing null to parameter #2 ($replace) of type array|string is deprecated in C:\xampp\htdocs\P.V\config\email.php on line 285
[04-Dec-2025 14:12:37 America/Mexico_City] Script finalizado - Tiempo de ejecución: 7.595s
[04-Dec-2025 14:13:40 America/Mexico_City] Sistema iniciado - 2025-12-04 14:13:40
[04-Dec-2025 14:13:40 America/Mexico_City] PHP Deprecated:  str_replace(): Passing null to parameter #2 ($replace) of type array|string is deprecated in C:\xampp\htdocs\P.V\config\email.php on line 285
[04-Dec-2025 14:13:40 America/Mexico_City] PHP Deprecated:  str_replace(): Passing null to parameter #2 ($replace) of type array|string is deprecated in C:\xampp\htdocs\P.V\config\email.php on line 285
[04-Dec-2025 14:13:48 America/Mexico_City] Output captured before JSON response in crear_cotizacion: <br />
<b>Deprecated</b>:  str_replace(): Passing null to parameter #2 ($replace) of type array|string is deprecated in <b>C:\xampp\htdocs\P.V\config\email.php</b> on line <b>285</b><br />
<br />
<b>Deprecated</b>:  str_replace(): Passing null to parameter #2 ($replace) of type array|string is deprecated in <b>C:\xampp\htdocs\P.V\config\email.php</b> on line <b>285</b><br />

[04-Dec-2025 14:13:48 America/Mexico_City] Script finalizado - Tiempo de ejecución: 7.915s
[04-Dec-2025 14:18:40 America/Mexico_City] Sistema iniciado - 2025-12-04 14:18:40
[04-Dec-2025 14:18:40 America/Mexico_City] Script finalizado - Tiempo de ejecución: 0.032s
[04-Dec-2025 14:18:54 America/Mexico_City] Sistema iniciado - 2025-12-04 14:18:54
[04-Dec-2025 14:18:54 America/Mexico_City] PHP Deprecated:  str_replace(): Passing null to parameter #2 ($replace) of type array|string is deprecated in C:\xampp\htdocs\P.V\config\email.php on line 285
[04-Dec-2025 14:18:54 America/Mexico_City] PHP Deprecated:  str_replace(): Passing null to parameter #2 ($replace) of type array|string is deprecated in C:\xampp\htdocs\P.V\config\email.php on line 285
[04-Dec-2025 14:19:02 America/Mexico_City] Output captured before JSON response in crear_cotizacion: <br />
<b>Deprecated</b>:  str_replace(): Passing null to parameter #2 ($replace) of type array|string is deprecated in <b>C:\xampp\htdocs\P.V\config\email.php</b> on line <b>285</b><br />
<br />
<b>Deprecated</b>:  str_replace(): Passing null to parameter #2 ($replace) of type array|string is deprecated in <b>C:\xampp\htdocs\P.V\config\email.php</b> on line <b>285</b><br />

[04-Dec-2025 14:19:02 America/Mexico_City] Script finalizado - Tiempo de ejecución: 7.969s
[04-Dec-2025 14:20:46 America/Mexico_City] Sistema iniciado - 2025-12-04 14:20:46
[04-Dec-2025 14:20:46 America/Mexico_City] PHP Deprecated:  str_replace(): Passing null to parameter #2 ($replace) of type array|string is deprecated in C:\xampp\htdocs\P.V\config\email.php on line 285
[04-Dec-2025 14:20:46 America/Mexico_City] PHP Deprecated:  str_replace(): Passing null to parameter #2 ($replace) of type array|string is deprecated in C:\xampp\htdocs\P.V\config\email.php on line 285
[04-Dec-2025 14:20:54 America/Mexico_City] Script finalizado - Tiempo de ejecución: 7.928s
[04-Dec-2025 14:26:48 America/Mexico_City] Sistema iniciado - 2025-12-04 14:26:48
[04-Dec-2025 14:26:48 America/Mexico_City] PHP Deprecated:  str_replace(): Passing null to parameter #2 ($replace) of type array|string is deprecated in C:\xampp\htdocs\P.V\config\email.php on line 285
[04-Dec-2025 14:26:48 America/Mexico_City] PHP Deprecated:  str_replace(): Passing null to parameter #2 ($replace) of type array|string is deprecated in C:\xampp\htdocs\P.V\config\email.php on line 285
[04-Dec-2025 14:26:55 America/Mexico_City] Script finalizado - Tiempo de ejecución: 7.701s
[04-Dec-2025 14:29:04 America/Mexico_City] Sistema iniciado - 2025-12-04 14:29:04
[04-Dec-2025 14:29:04 America/Mexico_City] Script finalizado - Tiempo de ejecución: 0.045s
[04-Dec-2025 14:30:45 America/Mexico_City] Sistema iniciado - 2025-12-04 14:30:45
[04-Dec-2025 14:30:45 America/Mexico_City] PHP Deprecated:  str_replace(): Passing null to parameter #2 ($replace) of type array|string is deprecated in C:\xampp\htdocs\P.V\config\email.php on line 285
[04-Dec-2025 14:30:45 America/Mexico_City] PHP Deprecated:  str_replace(): Passing null to parameter #2 ($replace) of type array|string is deprecated in C:\xampp\htdocs\P.V\config\email.php on line 285
[04-Dec-2025 14:30:53 America/Mexico_City] Output captured before JSON response in crear_cotizacion: <br />
<b>Deprecated</b>:  str_replace(): Passing null to parameter #2 ($replace) of type array|string is deprecated in <b>C:\xampp\htdocs\P.V\config\email.php</b> on line <b>285</b><br />
<br />
<b>Deprecated</b>:  str_replace(): Passing null to parameter #2 ($replace) of type array|string is deprecated in <b>C:\xampp\htdocs\P.V\config\email.php</b> on line <b>285</b><br />

[04-Dec-2025 14:30:53 America/Mexico_City] Script finalizado - Tiempo de ejecución: 7.891s
[04-Dec-2025 14:31:22 America/Mexico_City] Sistema iniciado - 2025-12-04 14:31:22
[04-Dec-2025 14:31:22 America/Mexico_City] PHP Deprecated:  str_replace(): Passing null to parameter #2 ($replace) of type array|string is deprecated in C:\xampp\htdocs\P.V\config\email.php on line 285
[04-Dec-2025 14:31:22 America/Mexico_City] PHP Deprecated:  str_replace(): Passing null to parameter #2 ($replace) of type array|string is deprecated in C:\xampp\htdocs\P.V\config\email.php on line 285
[04-Dec-2025 14:31:30 America/Mexico_City] Script finalizado - Tiempo de ejecución: 8.51s
[04-Dec-2025 14:40:27 America/Mexico_City] Sistema iniciado - 2025-12-04 14:40:27
[04-Dec-2025 14:40:27 America/Mexico_City] PHP Deprecated:  str_replace(): Passing null to parameter #2 ($replace) of type array|string is deprecated in C:\xampp\htdocs\P.V\config\email.php on line 285
[04-Dec-2025 14:40:27 America/Mexico_City] PHP Deprecated:  str_replace(): Passing null to parameter #2 ($replace) of type array|string is deprecated in C:\xampp\htdocs\P.V\config\email.php on line 285
[04-Dec-2025 14:40:34 America/Mexico_City] Script finalizado - Tiempo de ejecución: 7.568s
[04-Dec-2025 16:15:55 America/Mexico_City] Sistema iniciado - 2025-12-04 16:15:55
[04-Dec-2025 16:15:55 America/Mexico_City] Script finalizado - Tiempo de ejecución: 0.04s
[05-Dec-2025 09:24:00 America/Mexico_City] Sistema iniciado - 2025-12-05 09:24:00
[05-Dec-2025 09:24:00 America/Mexico_City] Script finalizado - Tiempo de ejecución: 0.061s
[08-Dec-2025 09:17:13 America/Mexico_City] Sistema iniciado - 2025-12-08 09:17:13
[08-Dec-2025 09:17:13 America/Mexico_City] Script finalizado - Tiempo de ejecución: 0.075s
[08-Dec-2025 09:24:21 America/Mexico_City] Sistema iniciado - 2025-12-08 09:24:21
[08-Dec-2025 09:24:21 America/Mexico_City] PHP Deprecated:  str_replace(): Passing null to parameter #2 ($replace) of type array|string is deprecated in C:\xampp\htdocs\P.V\config\email.php on line 285
[08-Dec-2025 09:24:21 America/Mexico_City] PHP Deprecated:  str_replace(): Passing null to parameter #2 ($replace) of type array|string is deprecated in C:\xampp\htdocs\P.V\config\email.php on line 285
[08-Dec-2025 09:24:29 America/Mexico_City] Output captured before JSON response in crear_cotizacion: <br />
<b>Deprecated</b>:  str_replace(): Passing null to parameter #2 ($replace) of type array|string is deprecated in <b>C:\xampp\htdocs\P.V\config\email.php</b> on line <b>285</b><br />
<br />
<b>Deprecated</b>:  str_replace(): Passing null to parameter #2 ($replace) of type array|string is deprecated in <b>C:\xampp\htdocs\P.V\config\email.php</b> on line <b>285</b><br />

[08-Dec-2025 09:24:29 America/Mexico_City] Script finalizado - Tiempo de ejecución: 8.107s
[08-Dec-2025 09:26:17 America/Mexico_City] Sistema iniciado - 2025-12-08 09:26:17
[08-Dec-2025 09:26:17 America/Mexico_City] PHP Deprecated:  str_replace(): Passing null to parameter #2 ($replace) of type array|string is deprecated in C:\xampp\htdocs\P.V\config\email.php on line 285
[08-Dec-2025 09:26:17 America/Mexico_City] PHP Deprecated:  str_replace(): Passing null to parameter #2 ($replace) of type array|string is deprecated in C:\xampp\htdocs\P.V\config\email.php on line 285
[08-Dec-2025 09:26:25 America/Mexico_City] Output captured before JSON response in crear_cotizacion: <br />
<b>Deprecated</b>:  str_replace(): Passing null to parameter #2 ($replace) of type array|string is deprecated in <b>C:\xampp\htdocs\P.V\config\email.php</b> on line <b>285</b><br />
<br />
<b>Deprecated</b>:  str_replace(): Passing null to parameter #2 ($replace) of type array|string is deprecated in <b>C:\xampp\htdocs\P.V\config\email.php</b> on line <b>285</b><br />

[08-Dec-2025 09:26:25 America/Mexico_City] Script finalizado - Tiempo de ejecución: 8.108s
[08-Dec-2025 10:27:12 America/Mexico_City] Sistema iniciado - 2025-12-08 10:27:12
[08-Dec-2025 10:27:12 America/Mexico_City] PHP Deprecated:  str_replace(): Passing null to parameter #2 ($replace) of type array|string is deprecated in C:\xampp\htdocs\P.V\config\email.php on line 285
[08-Dec-2025 10:27:12 America/Mexico_City] PHP Deprecated:  str_replace(): Passing null to parameter #2 ($replace) of type array|string is deprecated in C:\xampp\htdocs\P.V\config\email.php on line 285
[08-Dec-2025 10:27:21 America/Mexico_City] Output captured before JSON response in crear_cotizacion: <br />
<b>Deprecated</b>:  str_replace(): Passing null to parameter #2 ($replace) of type array|string is deprecated in <b>C:\xampp\htdocs\P.V\config\email.php</b> on line <b>285</b><br />
<br />
<b>Deprecated</b>:  str_replace(): Passing null to parameter #2 ($replace) of type array|string is deprecated in <b>C:\xampp\htdocs\P.V\config\email.php</b> on line <b>285</b><br />

[08-Dec-2025 10:27:21 America/Mexico_City] Script finalizado - Tiempo de ejecución: 9.286s
[08-Dec-2025 10:34:41 America/Mexico_City] Sistema iniciado - 2025-12-08 10:34:41
[08-Dec-2025 10:34:41 America/Mexico_City] PHP Deprecated:  str_replace(): Passing null to parameter #2 ($replace) of type array|string is deprecated in C:\xampp\htdocs\P.V\config\email.php on line 285
[08-Dec-2025 10:34:41 America/Mexico_City] PHP Deprecated:  str_replace(): Passing null to parameter #2 ($replace) of type array|string is deprecated in C:\xampp\htdocs\P.V\config\email.php on line 285
[08-Dec-2025 10:34:49 America/Mexico_City] Output captured before JSON response in crear_cotizacion: <br />
<b>Deprecated</b>:  str_replace(): Passing null to parameter #2 ($replace) of type array|string is deprecated in <b>C:\xampp\htdocs\P.V\config\email.php</b> on line <b>285</b><br />
<br />
<b>Deprecated</b>:  str_replace(): Passing null to parameter #2 ($replace) of type array|string is deprecated in <b>C:\xampp\htdocs\P.V\config\email.php</b> on line <b>285</b><br />

[08-Dec-2025 10:34:49 America/Mexico_City] Script finalizado - Tiempo de ejecución: 8.004s
[08-Dec-2025 10:47:11 America/Mexico_City] Sistema iniciado - 2025-12-08 10:47:11
[08-Dec-2025 10:47:13 America/Mexico_City] Script finalizado - Tiempo de ejecución: 1.681s
[08-Dec-2025 10:47:32 America/Mexico_City] Sistema iniciado - 2025-12-08 10:47:32
[08-Dec-2025 10:47:32 America/Mexico_City] Script finalizado - Tiempo de ejecución: 0.787s
[08-Dec-2025 10:47:43 America/Mexico_City] Sistema iniciado - 2025-12-08 10:47:43
[08-Dec-2025 10:47:43 America/Mexico_City] Script finalizado - Tiempo de ejecución: 0.809s
[08-Dec-2025 11:14:41 America/Mexico_City] Sistema iniciado - 2025-12-08 11:14:41
[08-Dec-2025 11:14:42 America/Mexico_City] Script finalizado - Tiempo de ejecución: 0.896s
[08-Dec-2025 11:15:02 America/Mexico_City] Sistema iniciado - 2025-12-08 11:15:02
[08-Dec-2025 11:15:03 America/Mexico_City] Script finalizado - Tiempo de ejecución: 0.806s
[08-Dec-2025 11:39:49 America/Mexico_City] Sistema iniciado - 2025-12-08 11:39:49
[08-Dec-2025 11:39:49 America/Mexico_City] PHP Deprecated:  str_replace(): Passing null to parameter #2 ($replace) of type array|string is deprecated in C:\xampp\htdocs\P.V\config\email.php on line 285
[08-Dec-2025 11:39:49 America/Mexico_City] PHP Deprecated:  str_replace(): Passing null to parameter #2 ($replace) of type array|string is deprecated in C:\xampp\htdocs\P.V\config\email.php on line 285
[08-Dec-2025 11:39:57 America/Mexico_City] Output captured before JSON response in crear_cotizacion: <br />
<b>Deprecated</b>:  str_replace(): Passing null to parameter #2 ($replace) of type array|string is deprecated in <b>C:\xampp\htdocs\P.V\config\email.php</b> on line <b>285</b><br />
<br />
<b>Deprecated</b>:  str_replace(): Passing null to parameter #2 ($replace) of type array|string is deprecated in <b>C:\xampp\htdocs\P.V\config\email.php</b> on line <b>285</b><br />

[08-Dec-2025 11:39:57 America/Mexico_City] Script finalizado - Tiempo de ejecución: 8.062s
[08-Dec-2025 12:47:15 America/Mexico_City] Sistema iniciado - 2025-12-08 12:47:15
[08-Dec-2025 12:47:16 America/Mexico_City] Script finalizado - Tiempo de ejecución: 1.263s
[08-Dec-2025 12:50:12 America/Mexico_City] Sistema iniciado - 2025-12-08 12:50:12
[08-Dec-2025 12:50:13 America/Mexico_City] Script finalizado - Tiempo de ejecución: 1.057s
[08-Dec-2025 12:50:45 America/Mexico_City] Sistema iniciado - 2025-12-08 12:50:45
[08-Dec-2025 12:50:50 America/Mexico_City] Script finalizado - Tiempo de ejecución: 5.476s
[08-Dec-2025 12:51:11 America/Mexico_City] Sistema iniciado - 2025-12-08 12:51:11
[08-Dec-2025 12:51:16 America/Mexico_City] Script finalizado - Tiempo de ejecución: 5.488s
[08-Dec-2025 12:53:33 America/Mexico_City] Sistema iniciado - 2025-12-08 12:53:33
[08-Dec-2025 12:53:39 America/Mexico_City] Script finalizado - Tiempo de ejecución: 5.478s
[08-Dec-2025 12:55:49 America/Mexico_City] Sistema iniciado - 2025-12-08 12:55:49
[08-Dec-2025 12:55:49 America/Mexico_City] PHP Deprecated:  str_replace(): Passing null to parameter #2 ($replace) of type array|string is deprecated in C:\xampp\htdocs\P.V\config\email.php on line 285
[08-Dec-2025 12:55:49 America/Mexico_City] PHP Deprecated:  str_replace(): Passing null to parameter #2 ($replace) of type array|string is deprecated in C:\xampp\htdocs\P.V\config\email.php on line 285
[08-Dec-2025 12:55:57 America/Mexico_City] Output captured before JSON response in crear_cotizacion: <br />
<b>Deprecated</b>:  str_replace(): Passing null to parameter #2 ($replace) of type array|string is deprecated in <b>C:\xampp\htdocs\P.V\config\email.php</b> on line <b>285</b><br />
<br />
<b>Deprecated</b>:  str_replace(): Passing null to parameter #2 ($replace) of type array|string is deprecated in <b>C:\xampp\htdocs\P.V\config\email.php</b> on line <b>285</b><br />

[08-Dec-2025 12:55:57 America/Mexico_City] Script finalizado - Tiempo de ejecución: 8.09s
[08-Dec-2025 13:49:55 America/Mexico_City] Sistema iniciado - 2025-12-08 13:49:55
[08-Dec-2025 13:49:55 America/Mexico_City] PHP Deprecated:  str_replace(): Passing null to parameter #2 ($replace) of type array|string is deprecated in C:\xampp\htdocs\P.V\config\email.php on line 285
[08-Dec-2025 13:49:55 America/Mexico_City] PHP Deprecated:  str_replace(): Passing null to parameter #2 ($replace) of type array|string is deprecated in C:\xampp\htdocs\P.V\config\email.php on line 285
[08-Dec-2025 13:50:03 America/Mexico_City] Script finalizado - Tiempo de ejecución: 7.986s
[08-Dec-2025 17:23:18 America/Mexico_City] Sistema iniciado - 2025-12-08 17:23:18
[08-Dec-2025 17:23:18 America/Mexico_City] Script finalizado - Tiempo de ejecución: 0.055s
[08-Dec-2025 17:23:32 America/Mexico_City] Sistema iniciado - 2025-12-08 17:23:32
[08-Dec-2025 17:23:32 America/Mexico_City] Script finalizado - Tiempo de ejecución: 0.042s
[09-Dec-2025 09:10:09 America/Mexico_City] Sistema iniciado - 2025-12-09 09:10:09
[09-Dec-2025 09:10:09 America/Mexico_City] Script finalizado - Tiempo de ejecución: 0.176s
[10-Dec-2025 09:08:50 America/Mexico_City] Sistema iniciado - 2025-12-10 09:08:50
[10-Dec-2025 09:08:50 America/Mexico_City] Script finalizado - Tiempo de ejecución: 0.034s
[11-Dec-2025 09:29:21 America/Mexico_City] Sistema iniciado - 2025-12-11 09:29:21
[11-Dec-2025 09:29:21 America/Mexico_City] Script finalizado - Tiempo de ejecución: 0.117s
[30-Dec-2025 14:00:33 America/Mexico_City] Sistema iniciado - 2025-12-30 14:00:33
[30-Dec-2025 14:00:33 America/Mexico_City] Script finalizado - Tiempo de ejecución: 0.307s
[30-Dec-2025 14:00:39 America/Mexico_City] Sistema iniciado - 2025-12-30 14:00:39
[30-Dec-2025 14:00:39 America/Mexico_City] Script finalizado - Tiempo de ejecución: 0.057s
[30-Dec-2025 14:00:44 America/Mexico_City] Sistema iniciado - 2025-12-30 14:00:44
[30-Dec-2025 14:00:44 America/Mexico_City] Script finalizado - Tiempo de ejecución: 0.037s
[30-Dec-2025 14:00:49 America/Mexico_City] Sistema iniciado - 2025-12-30 14:00:49
[30-Dec-2025 14:00:49 America/Mexico_City] Script finalizado - Tiempo de ejecución: 0.036s
[30-Dec-2025 14:00:51 America/Mexico_City] Sistema iniciado - 2025-12-30 14:00:51
[30-Dec-2025 14:00:51 America/Mexico_City] Script finalizado - Tiempo de ejecución: 0.05s
[30-Dec-2025 14:01:04 America/Mexico_City] Sistema iniciado - 2025-12-30 14:01:04
[30-Dec-2025 14:01:04 America/Mexico_City] Script finalizado - Tiempo de ejecución: 0.04s
[30-Dec-2025 14:01:05 America/Mexico_City] Sistema iniciado - 2025-12-30 14:01:05
[30-Dec-2025 14:01:05 America/Mexico_City] Script finalizado - Tiempo de ejecución: 0.037s
[30-Dec-2025 14:01:22 America/Mexico_City] Sistema iniciado - 2025-12-30 14:01:22
[30-Dec-2025 14:01:22 America/Mexico_City] Script finalizado - Tiempo de ejecución: 0.026s
[30-Dec-2025 14:01:24 America/Mexico_City] Sistema iniciado - 2025-12-30 14:01:24
[30-Dec-2025 14:01:24 America/Mexico_City] Script finalizado - Tiempo de ejecución: 0.045s
[30-Dec-2025 14:01:32 America/Mexico_City] Sistema iniciado - 2025-12-30 14:01:32
[30-Dec-2025 14:01:32 America/Mexico_City] Script finalizado - Tiempo de ejecución: 0.031s
[30-Dec-2025 14:01:48 America/Mexico_City] Sistema iniciado - 2025-12-30 14:01:48
[30-Dec-2025 14:01:48 America/Mexico_City] Script finalizado - Tiempo de ejecución: 0.024s
[30-Dec-2025 14:01:50 America/Mexico_City] Sistema iniciado - 2025-12-30 14:01:50
[30-Dec-2025 14:01:50 America/Mexico_City] Script finalizado - Tiempo de ejecución: 0.017s
[30-Dec-2025 14:02:23 America/Mexico_City] Sistema iniciado - 2025-12-30 14:02:23
[30-Dec-2025 14:02:23 America/Mexico_City] Script finalizado - Tiempo de ejecución: 0.045s
[05-Jan-2026 14:10:47 America/Mexico_City] Sistema iniciado - 2026-01-05 14:10:47
[05-Jan-2026 14:10:47 America/Mexico_City] Script finalizado - Tiempo de ejecución: 0.095s
[13-Apr-2026 10:21:56 America/Mexico_City] Sistema iniciado - 2026-04-13 10:21:56
[13-Apr-2026 10:21:56 America/Mexico_City] PHP Notice:  session_start(): Ignoring session_start() because a session is already active in C:\xampp\htdocs\P.V\index.php on line 11
[13-Apr-2026 10:21:56 America/Mexico_City] Script finalizado - Tiempo de ejecución: 0.152s
[13-Apr-2026 10:21:56 America/Mexico_City] Sistema iniciado - 2026-04-13 10:21:56
[13-Apr-2026 10:21:57 America/Mexico_City] Script finalizado - Tiempo de ejecución: 0.225s
[13-Apr-2026 10:22:10 America/Mexico_City] Sistema iniciado - 2026-04-13 10:22:10
[13-Apr-2026 10:22:10 America/Mexico_City] Script finalizado - Tiempo de ejecución: 0.023s
[13-Apr-2026 10:24:44 America/Mexico_City] Sistema iniciado - 2026-04-13 10:24:44
[13-Apr-2026 10:24:44 America/Mexico_City] Script finalizado - Tiempo de ejecución: 0.023s
[13-Apr-2026 10:27:09 America/Mexico_City] Sistema iniciado - 2026-04-13 10:27:09
[13-Apr-2026 10:27:09 America/Mexico_City] Script finalizado - Tiempo de ejecución: 0.041s
[13-Apr-2026 10:27:13 America/Mexico_City] Sistema iniciado - 2026-04-13 10:27:13
[13-Apr-2026 10:27:13 America/Mexico_City] Script finalizado - Tiempo de ejecución: 0.034s
[13-Apr-2026 10:27:51 America/Mexico_City] Sistema iniciado - 2026-04-13 10:27:51
[13-Apr-2026 10:27:51 America/Mexico_City] Script finalizado - Tiempo de ejecución: 0.027s
[13-Apr-2026 10:29:39 America/Mexico_City] Sistema iniciado - 2026-04-13 10:29:39
[13-Apr-2026 10:29:39 America/Mexico_City] Script finalizado - Tiempo de ejecución: 0.024s
[13-Apr-2026 10:35:19 America/Mexico_City] Sistema iniciado - 2026-04-13 10:35:19
[13-Apr-2026 10:35:19 America/Mexico_City] Script finalizado - Tiempo de ejecución: 0.049s
[13-Apr-2026 10:41:37 America/Mexico_City] Sistema iniciado - 2026-04-13 10:41:37
[13-Apr-2026 10:41:37 America/Mexico_City] Script finalizado - Tiempo de ejecución: 0.078s
[13-Apr-2026 10:41:38 America/Mexico_City] Sistema iniciado - 2026-04-13 10:41:38
[13-Apr-2026 10:41:38 America/Mexico_City] Script finalizado - Tiempo de ejecución: 0.037s
[13-Apr-2026 10:44:23 America/Mexico_City] Sistema iniciado - 2026-04-13 10:44:23
[13-Apr-2026 10:44:23 America/Mexico_City] PHP Notice:  session_start(): Ignoring session_start() because a session is already active in C:\xampp\htdocs\P.V\index.php on line 11
[13-Apr-2026 10:44:23 America/Mexico_City] Script finalizado - Tiempo de ejecución: 0.048s
[13-Apr-2026 10:44:23 America/Mexico_City] Sistema iniciado - 2026-04-13 10:44:23
[13-Apr-2026 10:44:23 America/Mexico_City] Script finalizado - Tiempo de ejecución: 0.047s
[13-Apr-2026 10:45:16 America/Mexico_City] Sistema iniciado - 2026-04-13 10:45:16
[13-Apr-2026 10:45:16 America/Mexico_City] PHP Notice:  session_start(): Ignoring session_start() because a session is already active in C:\xampp\htdocs\P.V\index.php on line 11
[13-Apr-2026 10:45:16 America/Mexico_City] Script finalizado - Tiempo de ejecución: 0.082s
[13-Apr-2026 10:45:16 America/Mexico_City] Sistema iniciado - 2026-04-13 10:45:16
[13-Apr-2026 10:45:16 America/Mexico_City] Script finalizado - Tiempo de ejecución: 0.076s
[13-Apr-2026 10:45:56 America/Mexico_City] Sistema iniciado - 2026-04-13 10:45:56
[13-Apr-2026 10:45:56 America/Mexico_City] PHP Notice:  session_start(): Ignoring session_start() because a session is already active in C:\xampp\htdocs\P.V\index.php on line 11
[13-Apr-2026 10:45:56 America/Mexico_City] Script finalizado - Tiempo de ejecución: 0.022s
[13-Apr-2026 10:45:56 America/Mexico_City] Sistema iniciado - 2026-04-13 10:45:56
[13-Apr-2026 10:45:56 America/Mexico_City] Script finalizado - Tiempo de ejecución: 0.048s
[13-Apr-2026 10:46:09 America/Mexico_City] Sistema iniciado - 2026-04-13 10:46:09
[13-Apr-2026 10:46:09 America/Mexico_City] Script finalizado - Tiempo de ejecución: 0.044s
[13-Apr-2026 10:46:26 America/Mexico_City] Sistema iniciado - 2026-04-13 10:46:26
[13-Apr-2026 10:46:26 America/Mexico_City] Script finalizado - Tiempo de ejecución: 0.025s
[13-Apr-2026 10:46:38 America/Mexico_City] Sistema iniciado - 2026-04-13 10:46:38
[13-Apr-2026 10:46:38 America/Mexico_City] Script finalizado - Tiempo de ejecución: 0.026s
[13-Apr-2026 10:47:00 America/Mexico_City] Sistema iniciado - 2026-04-13 10:47:00
[13-Apr-2026 10:47:00 America/Mexico_City] Script finalizado - Tiempo de ejecución: 0.042s
[13-Apr-2026 10:47:01 America/Mexico_City] Sistema iniciado - 2026-04-13 10:47:01
[13-Apr-2026 10:47:01 America/Mexico_City] Script finalizado - Tiempo de ejecución: 0.018s
[13-Apr-2026 10:47:11 America/Mexico_City] Sistema iniciado - 2026-04-13 10:47:11
[13-Apr-2026 10:47:11 America/Mexico_City] Script finalizado - Tiempo de ejecución: 0.05s
[13-Apr-2026 10:47:25 America/Mexico_City] Sistema iniciado - 2026-04-13 10:47:25
[13-Apr-2026 10:47:25 America/Mexico_City] Script finalizado - Tiempo de ejecución: 0.05s
[13-Apr-2026 12:46:16 America/Mexico_City] Sistema iniciado - 2026-04-13 12:46:16
[13-Apr-2026 12:46:16 America/Mexico_City] Script finalizado - Tiempo de ejecución: 0.075s
[13-Apr-2026 13:51:09 America/Mexico_City] Sistema iniciado - 2026-04-13 13:51:09
[13-Apr-2026 13:51:09 America/Mexico_City] PHP Notice:  session_start(): Ignoring session_start() because a session is already active in C:\xampp\htdocs\Punto-de-venta\index.php on line 11
[13-Apr-2026 13:51:09 America/Mexico_City] Script finalizado - Tiempo de ejecución: 0.082s
[13-Apr-2026 13:51:09 America/Mexico_City] Sistema iniciado - 2026-04-13 13:51:09
[13-Apr-2026 13:51:09 America/Mexico_City] Script finalizado - Tiempo de ejecución: 0.06s
[13-Apr-2026 17:20:54 America/Mexico_City] PHP Fatal error:  Uncaught Error: Call to private method SecurityConfig::redirectToLogin() from scope SecurityService in C:\xampp\htdocs\Punto-de-venta\config\security.php:464
Stack trace:
#0 C:\xampp\htdocs\Punto-de-venta\config\init.php(125): SecurityService::requiredAuth()
#1 C:\xampp\htdocs\Punto-de-venta\config\init.php(140): initialize_system()
#2 C:\xampp\htdocs\Punto-de-venta\index.php(8): require_once('C:\\xampp\\htdocs...')
#3 {main}
  thrown in C:\xampp\htdocs\Punto-de-venta\config\security.php on line 464
[13-Apr-2026 17:21:12 America/Mexico_City] PHP Fatal error:  Uncaught Error: Call to private method SecurityConfig::redirectToLogin() from scope SecurityService in C:\xampp\htdocs\Punto-de-venta\config\security.php:464
Stack trace:
#0 C:\xampp\htdocs\Punto-de-venta\config\init.php(125): SecurityService::requiredAuth()
#1 C:\xampp\htdocs\Punto-de-venta\config\init.php(140): initialize_system()
#2 C:\xampp\htdocs\Punto-de-venta\index.php(8): require_once('C:\\xampp\\htdocs...')
#3 {main}
  thrown in C:\xampp\htdocs\Punto-de-venta\config\security.php on line 464
[13-Apr-2026 17:22:25 America/Mexico_City] Sistema iniciado - 2026-04-13 17:22:25
[13-Apr-2026 17:22:25 America/Mexico_City] Error en login_process.php: Credenciales incorrectas o cuenta inactiva
[13-Apr-2026 17:22:25 America/Mexico_City] Script finalizado - Tiempo de ejecución: 0.428s
[13-Apr-2026 17:22:29 America/Mexico_City] Sistema iniciado - 2026-04-13 17:22:29
[13-Apr-2026 17:22:30 America/Mexico_City] Error en login_process.php: Credenciales incorrectas o cuenta inactiva
[13-Apr-2026 17:22:30 America/Mexico_City] Script finalizado - Tiempo de ejecución: 0.394s
[13-Apr-2026 17:22:30 America/Mexico_City] Sistema iniciado - 2026-04-13 17:22:30
[13-Apr-2026 17:22:31 America/Mexico_City] Error en login_process.php: Credenciales incorrectas o cuenta inactiva
[13-Apr-2026 17:22:31 America/Mexico_City] Script finalizado - Tiempo de ejecución: 0.4s
[13-Apr-2026 17:22:31 America/Mexico_City] Sistema iniciado - 2026-04-13 17:22:31
[13-Apr-2026 17:22:32 America/Mexico_City] Error en login_process.php: Credenciales incorrectas o cuenta inactiva
[13-Apr-2026 17:22:32 America/Mexico_City] Script finalizado - Tiempo de ejecución: 0.388s
[13-Apr-2026 17:26:11 America/Mexico_City] Sistema iniciado - 2026-04-13 17:26:11
[13-Apr-2026 17:26:11 America/Mexico_City] Error en login_process.php: Credenciales incorrectas o cuenta inactiva
[13-Apr-2026 17:26:11 America/Mexico_City] Script finalizado - Tiempo de ejecución: 0.028s
[13-Apr-2026 17:27:50 America/Mexico_City] Sistema iniciado - 2026-04-13 17:27:50
[13-Apr-2026 17:27:51 America/Mexico_City] Script finalizado - Tiempo de ejecución: 0.429s
[13-Apr-2026 17:27:51 America/Mexico_City] Sistema iniciado - 2026-04-13 17:27:51
[13-Apr-2026 17:27:51 America/Mexico_City] PHP Notice:  session_start(): Ignoring session_start() because a session is already active in C:\xampp\htdocs\Punto-de-venta\index.php on line 11
[13-Apr-2026 17:27:51 America/Mexico_City] Script finalizado - Tiempo de ejecución: 0.034s
[13-Apr-2026 17:27:51 America/Mexico_City] Sistema iniciado - 2026-04-13 17:27:51
[13-Apr-2026 17:27:51 America/Mexico_City] Script finalizado - Tiempo de ejecución: 0.056s
[13-Apr-2026 17:28:14 America/Mexico_City] Sistema iniciado - 2026-04-13 17:28:14
[13-Apr-2026 17:28:15 America/Mexico_City] Script finalizado - Tiempo de ejecución: 0.442s
[13-Apr-2026 17:28:15 America/Mexico_City] Sistema iniciado - 2026-04-13 17:28:15
[13-Apr-2026 17:28:15 America/Mexico_City] PHP Notice:  session_start(): Ignoring session_start() because a session is already active in C:\xampp\htdocs\Punto-de-venta\index.php on line 11
[13-Apr-2026 17:28:15 America/Mexico_City] Script finalizado - Tiempo de ejecución: 0.033s
[13-Apr-2026 17:28:15 America/Mexico_City] Sistema iniciado - 2026-04-13 17:28:15
[13-Apr-2026 17:28:15 America/Mexico_City] Script finalizado - Tiempo de ejecución: 0.03s
[14-Apr-2026 13:40:51 America/Mexico_City] Sistema iniciado - 2026-04-14 13:40:51
[14-Apr-2026 13:40:51 America/Mexico_City] Script finalizado - Tiempo de ejecución: 0.629s
[14-Apr-2026 13:40:51 America/Mexico_City] Sistema iniciado - 2026-04-14 13:40:51
[14-Apr-2026 13:40:51 America/Mexico_City] PHP Notice:  session_start(): Ignoring session_start() because a session is already active in C:\xampp\htdocs\Punto-de-venta\index.php on line 11
[14-Apr-2026 13:40:51 America/Mexico_City] Script finalizado - Tiempo de ejecución: 0.033s
[14-Apr-2026 13:40:51 America/Mexico_City] Sistema iniciado - 2026-04-14 13:40:51
[14-Apr-2026 13:40:51 America/Mexico_City] Script finalizado - Tiempo de ejecución: 0.047s
[14-Apr-2026 14:19:44 America/Mexico_City] Sistema iniciado - 2026-04-14 14:19:44
[14-Apr-2026 14:19:44 America/Mexico_City] Script finalizado - Tiempo de ejecución: 0.041s
[17-Apr-2026 09:48:42 America/Mexico_City] Sistema iniciado - 2026-04-17 09:48:42
[17-Apr-2026 09:48:43 America/Mexico_City] Script finalizado - Tiempo de ejecución: 0.667s
[17-Apr-2026 09:48:43 America/Mexico_City] Sistema iniciado - 2026-04-17 09:48:43
[17-Apr-2026 09:48:43 America/Mexico_City] PHP Notice:  session_start(): Ignoring session_start() because a session is already active in C:\xampp\htdocs\Punto-de-venta\index.php on line 11
[17-Apr-2026 09:48:43 America/Mexico_City] Script finalizado - Tiempo de ejecución: 0.048s
[17-Apr-2026 09:48:43 America/Mexico_City] Sistema iniciado - 2026-04-17 09:48:43
[17-Apr-2026 09:48:43 America/Mexico_City] Script finalizado - Tiempo de ejecución: 0.136s
[04-May-2026 13:14:43 America/Mexico_City] Sistema iniciado - 2026-05-04 13:14:43
[04-May-2026 13:14:44 America/Mexico_City] Script finalizado - Tiempo de ejecución: 0.722s
[04-May-2026 13:14:44 America/Mexico_City] Sistema iniciado - 2026-05-04 13:14:44
[04-May-2026 13:14:44 America/Mexico_City] PHP Notice:  session_start(): Ignoring session_start() because a session is already active in C:\xampp\htdocs\Punto-de-venta\index.php on line 11
[04-May-2026 13:14:44 America/Mexico_City] Script finalizado - Tiempo de ejecución: 0.027s
[04-May-2026 13:14:44 America/Mexico_City] Sistema iniciado - 2026-05-04 13:14:44
[04-May-2026 13:14:44 America/Mexico_City] Script finalizado - Tiempo de ejecución: 0.067s
[04-May-2026 13:15:34 America/Mexico_City] Sistema iniciado - 2026-05-04 13:15:34
[04-May-2026 13:15:34 America/Mexico_City] Script finalizado - Tiempo de ejecución: 0.025s
[04-May-2026 14:21:21 America/Mexico_City] Sistema iniciado - 2026-05-04 14:21:21
[04-May-2026 14:21:21 America/Mexico_City] Script finalizado - Tiempo de ejecución: 0.031s
[04-May-2026 14:22:41 America/Mexico_City] Sistema iniciado - 2026-05-04 14:22:41
[04-May-2026 14:22:41 America/Mexico_City] Script finalizado - Tiempo de ejecución: 0.051s
[04-May-2026 14:22:44 America/Mexico_City] Sistema iniciado - 2026-05-04 14:22:44
[04-May-2026 14:22:44 America/Mexico_City] Script finalizado - Tiempo de ejecución: 0.017s
[04-May-2026 14:22:45 America/Mexico_City] Sistema iniciado - 2026-05-04 14:22:45
[04-May-2026 14:22:45 America/Mexico_City] Script finalizado - Tiempo de ejecución: 0.018s
[04-May-2026 14:22:52 America/Mexico_City] Sistema iniciado - 2026-05-04 14:22:52
[04-May-2026 14:22:52 America/Mexico_City] Script finalizado - Tiempo de ejecución: 0.037s
[04-May-2026 14:22:53 America/Mexico_City] Sistema iniciado - 2026-05-04 14:22:53
[04-May-2026 14:22:53 America/Mexico_City] Script finalizado - Tiempo de ejecución: 0.02s
[04-May-2026 14:22:59 America/Mexico_City] Sistema iniciado - 2026-05-04 14:22:59
[04-May-2026 14:22:59 America/Mexico_City] Script finalizado - Tiempo de ejecución: 0.038s
[04-May-2026 14:23:47 America/Mexico_City] Sistema iniciado - 2026-05-04 14:23:47
[04-May-2026 14:23:47 America/Mexico_City] Script finalizado - Tiempo de ejecución: 0.025s
[06-May-2026 11:22:28 America/Mexico_City] Sistema iniciado - 2026-05-06 11:22:28
[06-May-2026 11:22:29 America/Mexico_City] Script finalizado - Tiempo de ejecución: 0.695s
[06-May-2026 11:22:29 America/Mexico_City] Sistema iniciado - 2026-05-06 11:22:29
[06-May-2026 11:22:29 America/Mexico_City] PHP Notice:  session_start(): Ignoring session_start() because a session is already active in C:\xampp\htdocs\Punto-de-venta\index.php on line 11
[06-May-2026 11:22:29 America/Mexico_City] Script finalizado - Tiempo de ejecución: 0.024s
[06-May-2026 11:22:29 America/Mexico_City] Sistema iniciado - 2026-05-06 11:22:29
[06-May-2026 11:22:29 America/Mexico_City] Script finalizado - Tiempo de ejecución: 0.042s
[06-May-2026 11:30:22 America/Mexico_City] Sistema iniciado - 2026-05-06 11:30:22
[06-May-2026 11:30:22 America/Mexico_City] Script finalizado - Tiempo de ejecución: 0.053s
[06-May-2026 11:30:51 America/Mexico_City] Sistema iniciado - 2026-05-06 11:30:51
[06-May-2026 11:30:51 America/Mexico_City] Script finalizado - Tiempo de ejecución: 0.074s
[06-May-2026 11:31:06 America/Mexico_City] Sistema iniciado - 2026-05-06 11:31:06
[06-May-2026 11:31:06 America/Mexico_City] Script finalizado - Tiempo de ejecución: 0.045s
[06-May-2026 11:31:09 America/Mexico_City] Sistema iniciado - 2026-05-06 11:31:09
[06-May-2026 11:31:09 America/Mexico_City] Script finalizado - Tiempo de ejecución: 0.065s
[06-May-2026 11:31:11 America/Mexico_City] Sistema iniciado - 2026-05-06 11:31:11
[06-May-2026 11:31:11 America/Mexico_City] Script finalizado - Tiempo de ejecución: 0.029s
[06-May-2026 11:31:12 America/Mexico_City] Sistema iniciado - 2026-05-06 11:31:12
[06-May-2026 11:31:12 America/Mexico_City] Script finalizado - Tiempo de ejecución: 0.036s
[06-May-2026 11:31:15 America/Mexico_City] Sistema iniciado - 2026-05-06 11:31:15
[06-May-2026 11:31:15 America/Mexico_City] Script finalizado - Tiempo de ejecución: 0.023s
[06-May-2026 11:31:20 America/Mexico_City] Sistema iniciado - 2026-05-06 11:31:20
[06-May-2026 11:31:20 America/Mexico_City] Script finalizado - Tiempo de ejecución: 0.033s
[06-May-2026 11:31:23 America/Mexico_City] Sistema iniciado - 2026-05-06 11:31:23
[06-May-2026 11:31:23 America/Mexico_City] Script finalizado - Tiempo de ejecución: 0.024s
[06-May-2026 11:31:24 America/Mexico_City] Sistema iniciado - 2026-05-06 11:31:24
[06-May-2026 11:31:24 America/Mexico_City] Script finalizado - Tiempo de ejecución: 0.024s
[06-May-2026 11:31:27 America/Mexico_City] Sistema iniciado - 2026-05-06 11:31:27
[06-May-2026 11:31:27 America/Mexico_City] Script finalizado - Tiempo de ejecución: 0.024s
[06-May-2026 11:31:30 America/Mexico_City] Sistema iniciado - 2026-05-06 11:31:30
[06-May-2026 11:31:30 America/Mexico_City] Script finalizado - Tiempo de ejecución: 0.023s
[06-May-2026 11:31:32 America/Mexico_City] Sistema iniciado - 2026-05-06 11:31:32
[06-May-2026 11:31:32 America/Mexico_City] Script finalizado - Tiempo de ejecución: 0.025s
[06-May-2026 11:31:35 America/Mexico_City] Sistema iniciado - 2026-05-06 11:31:35
[06-May-2026 11:31:35 America/Mexico_City] Script finalizado - Tiempo de ejecución: 0.02s
[06-May-2026 11:31:57 America/Mexico_City] Sistema iniciado - 2026-05-06 11:31:57
[06-May-2026 11:31:57 America/Mexico_City] Script finalizado - Tiempo de ejecución: 0.053s
[06-May-2026 11:32:09 America/Mexico_City] Sistema iniciado - 2026-05-06 11:32:09
[06-May-2026 11:32:09 America/Mexico_City] Script finalizado - Tiempo de ejecución: 0.025s
[12-May-2026 09:37:28 America/Mexico_City] Sistema iniciado - 2026-05-12 09:37:28
[12-May-2026 09:37:29 America/Mexico_City] Script finalizado - Tiempo de ejecución: 0.465s
[12-May-2026 09:37:29 America/Mexico_City] Sistema iniciado - 2026-05-12 09:37:29
[12-May-2026 09:37:29 America/Mexico_City] PHP Notice:  session_start(): Ignoring session_start() because a session is already active in C:\xampp\htdocs\Punto-de-venta\index.php on line 11
[12-May-2026 09:37:29 America/Mexico_City] Script finalizado - Tiempo de ejecución: 0.027s
[12-May-2026 09:37:29 America/Mexico_City] Sistema iniciado - 2026-05-12 09:37:29
[12-May-2026 09:37:29 America/Mexico_City] Script finalizado - Tiempo de ejecución: 0.035s
[27-Jul-2026 12:30:02 America/Mexico_City] Sistema iniciado - 2026-07-27 12:30:02
[27-Jul-2026 12:30:03 America/Mexico_City] Script finalizado - Tiempo de ejecución: 0.58s
[27-Jul-2026 12:30:03 America/Mexico_City] Sistema iniciado - 2026-07-27 12:30:03
[27-Jul-2026 12:30:03 America/Mexico_City] PHP Notice:  session_start(): Ignoring session_start() because a session is already active in C:\xampp\htdocs\Punto-de-venta\index.php on line 11
[27-Jul-2026 12:30:03 America/Mexico_City] Script finalizado - Tiempo de ejecución: 0.04s
[27-Jul-2026 12:30:03 America/Mexico_City] Sistema iniciado - 2026-07-27 12:30:03
[27-Jul-2026 12:30:03 America/Mexico_City] Script finalizado - Tiempo de ejecución: 0.165s
[27-Jul-2026 12:32:05 America/Mexico_City] Sistema iniciado - 2026-07-27 12:32:05
[27-Jul-2026 12:32:06 America/Mexico_City] Script finalizado - Tiempo de ejecución: 0.094s
[27-Jul-2026 12:55:13 America/Mexico_City] Sistema iniciado - 2026-07-27 12:55:13
[27-Jul-2026 12:55:13 America/Mexico_City] Script finalizado - Tiempo de ejecución: 0.039s
[27-Jul-2026 14:00:43 America/Mexico_City] Sistema iniciado - 2026-07-27 14:00:43
[27-Jul-2026 14:00:43 America/Mexico_City] Script finalizado - Tiempo de ejecución: 0.03s
[03-Aug-2026 11:05:09 America/Mexico_City] Sistema iniciado - 2026-08-03 11:05:09
[03-Aug-2026 11:05:10 America/Mexico_City] Error en login_process.php: Credenciales incorrectas o cuenta inactiva
[03-Aug-2026 11:05:10 America/Mexico_City] Script finalizado - Tiempo de ejecución: 0.606s
[03-Aug-2026 11:05:15 America/Mexico_City] Sistema iniciado - 2026-08-03 11:05:15
[03-Aug-2026 11:05:16 America/Mexico_City] Error en login_process.php: Credenciales incorrectas o cuenta inactiva
[03-Aug-2026 11:05:16 America/Mexico_City] Script finalizado - Tiempo de ejecución: 0.565s
[03-Aug-2026 11:05:22 America/Mexico_City] Sistema iniciado - 2026-08-03 11:05:22
[03-Aug-2026 11:05:23 America/Mexico_City] Error en login_process.php: Credenciales incorrectas o cuenta inactiva
[03-Aug-2026 11:05:23 America/Mexico_City] Script finalizado - Tiempo de ejecución: 0.567s
[03-Aug-2026 11:05:28 America/Mexico_City] Sistema iniciado - 2026-08-03 11:05:28
[03-Aug-2026 11:05:28 America/Mexico_City] Error en login_process.php: Credenciales incorrectas o cuenta inactiva
[03-Aug-2026 11:05:28 America/Mexico_City] Script finalizado - Tiempo de ejecución: 0.609s
[03-Aug-2026 11:05:38 America/Mexico_City] Sistema iniciado - 2026-08-03 11:05:38
[03-Aug-2026 11:05:38 America/Mexico_City] Error en login_process.php: Credenciales incorrectas o cuenta inactiva
[03-Aug-2026 11:05:38 America/Mexico_City] Script finalizado - Tiempo de ejecución: 0.601s
[03-Aug-2026 11:10:53 America/Mexico_City] Sistema iniciado - 2026-08-03 11:10:53
[03-Aug-2026 11:10:54 America/Mexico_City] Script finalizado - Tiempo de ejecución: 0.61s
[03-Aug-2026 11:10:54 America/Mexico_City] Sistema iniciado - 2026-08-03 11:10:54
[03-Aug-2026 11:10:54 America/Mexico_City] PHP Notice:  session_start(): Ignoring session_start() because a session is already active in C:\xampp\htdocs\Punto-de-venta\index.php on line 11
[03-Aug-2026 11:10:54 America/Mexico_City] Script finalizado - Tiempo de ejecución: 0.033s
[03-Aug-2026 11:10:54 America/Mexico_City] Sistema iniciado - 2026-08-03 11:10:54
[03-Aug-2026 11:10:54 America/Mexico_City] Script finalizado - Tiempo de ejecución: 0.057s
[03-Aug-2026 11:37:16 America/Mexico_City] Sistema iniciado - 2026-08-03 11:37:16
[03-Aug-2026 11:37:16 America/Mexico_City] PHP Notice:  session_start(): Ignoring session_start() because a session is already active in C:\xampp\htdocs\Punto-de-venta\index.php on line 11
[03-Aug-2026 11:37:16 America/Mexico_City] Script finalizado - Tiempo de ejecución: 0.044s
[03-Aug-2026 11:37:16 America/Mexico_City] Sistema iniciado - 2026-08-03 11:37:16
[03-Aug-2026 11:37:16 America/Mexico_City] Script finalizado - Tiempo de ejecución: 0.036s
[03-Aug-2026 11:37:35 America/Mexico_City] Sistema iniciado - 2026-08-03 11:37:35
[03-Aug-2026 11:37:36 America/Mexico_City] Error en login_process.php: Credenciales incorrectas o cuenta inactiva
[03-Aug-2026 11:37:36 America/Mexico_City] Script finalizado - Tiempo de ejecución: 0.482s
[03-Aug-2026 11:37:41 America/Mexico_City] Sistema iniciado - 2026-08-03 11:37:41
[03-Aug-2026 11:37:41 America/Mexico_City] Error en login_process.php: Credenciales incorrectas o cuenta inactiva
[03-Aug-2026 11:37:41 America/Mexico_City] Script finalizado - Tiempo de ejecución: 0.488s
[03-Aug-2026 11:37:51 America/Mexico_City] Sistema iniciado - 2026-08-03 11:37:51
[03-Aug-2026 11:37:51 America/Mexico_City] Script finalizado - Tiempo de ejecución: 0.522s
[03-Aug-2026 11:37:51 America/Mexico_City] Sistema iniciado - 2026-08-03 11:37:51
[03-Aug-2026 11:37:51 America/Mexico_City] PHP Notice:  session_start(): Ignoring session_start() because a session is already active in C:\xampp\htdocs\Punto-de-venta\index.php on line 11
[03-Aug-2026 11:37:51 America/Mexico_City] Script finalizado - Tiempo de ejecución: 0.038s
[03-Aug-2026 11:37:51 America/Mexico_City] Sistema iniciado - 2026-08-03 11:37:51
[03-Aug-2026 11:37:51 America/Mexico_City] Script finalizado - Tiempo de ejecución: 0.053s
[04-Aug-2026 12:22:02 America/Mexico_City] Sistema iniciado - 2026-08-04 12:22:02
[04-Aug-2026 12:22:03 America/Mexico_City] Script finalizado - Tiempo de ejecución: 0.718s
[04-Aug-2026 12:22:03 America/Mexico_City] Sistema iniciado - 2026-08-04 12:22:03
[04-Aug-2026 12:22:03 America/Mexico_City] PHP Notice:  session_start(): Ignoring session_start() because a session is already active in C:\xampp\htdocs\Punto-de-venta\index.php on line 11
[04-Aug-2026 12:22:03 America/Mexico_City] Script finalizado - Tiempo de ejecución: 0.041s
[04-Aug-2026 12:22:03 America/Mexico_City] Sistema iniciado - 2026-08-04 12:22:03
[04-Aug-2026 12:22:03 America/Mexico_City] Script finalizado - Tiempo de ejecución: 0.047s
[04-Aug-2026 15:09:27 America/Mexico_City] Sistema iniciado - 2026-08-04 15:09:27
[04-Aug-2026 15:09:27 America/Mexico_City] Script finalizado - Tiempo de ejecución: 0.633s
[04-Aug-2026 15:09:27 America/Mexico_City] Sistema iniciado - 2026-08-04 15:09:27
[04-Aug-2026 15:09:27 America/Mexico_City] PHP Notice:  session_start(): Ignoring session_start() because a session is already active in C:\xampp\htdocs\Punto-de-venta\index.php on line 11
[04-Aug-2026 15:09:27 America/Mexico_City] Script finalizado - Tiempo de ejecución: 0.047s
[04-Aug-2026 15:09:27 America/Mexico_City] Sistema iniciado - 2026-08-04 15:09:27
[04-Aug-2026 15:09:27 America/Mexico_City] Script finalizado - Tiempo de ejecución: 0.08s
[04-Aug-2026 15:13:19 America/Mexico_City] Sistema iniciado - 2026-08-04 15:13:19
[04-Aug-2026 15:13:19 America/Mexico_City] Script finalizado - Tiempo de ejecución: 0.061s
[04-Aug-2026 15:13:25 America/Mexico_City] Sistema iniciado - 2026-08-04 15:13:25
[04-Aug-2026 15:13:25 America/Mexico_City] Script finalizado - Tiempo de ejecución: 0.031s
[04-Aug-2026 15:13:49 America/Mexico_City] Sistema iniciado - 2026-08-04 15:13:49
[04-Aug-2026 15:13:49 America/Mexico_City] Script finalizado - Tiempo de ejecución: 0.068s
[04-Aug-2026 15:13:52 America/Mexico_City] Sistema iniciado - 2026-08-04 15:13:52
[04-Aug-2026 15:13:52 America/Mexico_City] Script finalizado - Tiempo de ejecución: 0.021s
[04-Aug-2026 15:13:55 America/Mexico_City] Sistema iniciado - 2026-08-04 15:13:55
[04-Aug-2026 15:13:55 America/Mexico_City] Script finalizado - Tiempo de ejecución: 0.046s
[04-Aug-2026 15:13:59 America/Mexico_City] Sistema iniciado - 2026-08-04 15:13:59
[04-Aug-2026 15:13:59 America/Mexico_City] Script finalizado - Tiempo de ejecución: 0.047s
[04-Aug-2026 15:14:02 America/Mexico_City] Sistema iniciado - 2026-08-04 15:14:02
[04-Aug-2026 15:14:02 America/Mexico_City] Script finalizado - Tiempo de ejecución: 0.046s
[04-Aug-2026 15:23:32 America/Mexico_City] Sistema iniciado - 2026-08-04 15:23:32
[04-Aug-2026 15:23:32 America/Mexico_City] Script finalizado - Tiempo de ejecución: 0.035s
[04-Aug-2026 15:29:47 America/Mexico_City] Sistema iniciado - 2026-08-04 15:29:47
[04-Aug-2026 15:29:47 America/Mexico_City] Script finalizado - Tiempo de ejecución: 0.071s
[04-Aug-2026 15:52:14 America/Mexico_City] Sistema iniciado - 2026-08-04 15:52:14
[04-Aug-2026 15:52:14 America/Mexico_City] Script finalizado - Tiempo de ejecución: 0.047s
[04-Aug-2026 15:53:49 America/Mexico_City] Sistema iniciado - 2026-08-04 15:53:49
[04-Aug-2026 15:53:49 America/Mexico_City] Script finalizado - Tiempo de ejecución: 0.05s
[04-Aug-2026 15:54:27 America/Mexico_City] Sistema iniciado - 2026-08-04 15:54:27
[04-Aug-2026 15:54:27 America/Mexico_City] Error en login_process.php: Credenciales incorrectas o cuenta inactiva
[04-Aug-2026 15:54:27 America/Mexico_City] Script finalizado - Tiempo de ejecución: 0.061s
[04-Aug-2026 15:54:32 America/Mexico_City] Sistema iniciado - 2026-08-04 15:54:32
[04-Aug-2026 15:54:32 America/Mexico_City] Error en login_process.php: Credenciales incorrectas o cuenta inactiva
[04-Aug-2026 15:54:32 America/Mexico_City] Script finalizado - Tiempo de ejecución: 0.033s
[04-Aug-2026 15:54:58 America/Mexico_City] Sistema iniciado - 2026-08-04 15:54:58
[04-Aug-2026 15:54:58 America/Mexico_City] Script finalizado - Tiempo de ejecución: 0.631s
[04-Aug-2026 15:54:58 America/Mexico_City] Sistema iniciado - 2026-08-04 15:54:58
[04-Aug-2026 15:54:58 America/Mexico_City] PHP Notice:  session_start(): Ignoring session_start() because a session is already active in C:\xampp\htdocs\Punto-de-venta\index.php on line 11
[04-Aug-2026 15:54:58 America/Mexico_City] Script finalizado - Tiempo de ejecución: 0.03s
[04-Aug-2026 15:54:58 America/Mexico_City] Sistema iniciado - 2026-08-04 15:54:58
[04-Aug-2026 15:54:58 America/Mexico_City] Script finalizado - Tiempo de ejecución: 0.043s
[05-Aug-2026 09:37:13 America/Mexico_City] Sistema iniciado - 2026-08-05 09:37:13
[05-Aug-2026 09:37:14 America/Mexico_City] Script finalizado - Tiempo de ejecución: 0.552s
[05-Aug-2026 09:37:14 America/Mexico_City] Sistema iniciado - 2026-08-05 09:37:14
[05-Aug-2026 09:37:14 America/Mexico_City] PHP Notice:  session_start(): Ignoring session_start() because a session is already active in C:\xampp\htdocs\Punto-de-venta\index.php on line 11
[05-Aug-2026 09:37:14 America/Mexico_City] Script finalizado - Tiempo de ejecución: 0.035s
[05-Aug-2026 09:37:14 America/Mexico_City] Sistema iniciado - 2026-08-05 09:37:14
[05-Aug-2026 09:37:14 America/Mexico_City] Script finalizado - Tiempo de ejecución: 0.047s
[05-Aug-2026 11:32:36 America/Mexico_City] Sistema iniciado - 2026-08-05 11:32:36
[05-Aug-2026 11:32:36 America/Mexico_City] Script finalizado - Tiempo de ejecución: 0.504s
[05-Aug-2026 11:32:45 America/Mexico_City] Sistema iniciado - 2026-08-05 11:32:45
[05-Aug-2026 11:32:45 America/Mexico_City] Script finalizado - Tiempo de ejecución: 0.49s
[05-Aug-2026 11:36:47 America/Mexico_City] Sistema iniciado - 2026-08-05 11:36:47
[05-Aug-2026 11:36:47 America/Mexico_City] PHP Notice:  session_start(): Ignoring session_start() because a session is already active in C:\xampp\htdocs\Punto-de-venta\index.php on line 11
[05-Aug-2026 11:36:47 America/Mexico_City] Script finalizado - Tiempo de ejecución: 0.042s
[05-Aug-2026 11:36:47 America/Mexico_City] Sistema iniciado - 2026-08-05 11:36:47
[05-Aug-2026 11:36:47 America/Mexico_City] Script finalizado - Tiempo de ejecución: 0.039s
[05-Aug-2026 11:36:52 America/Mexico_City] Sistema iniciado - 2026-08-05 11:36:52
[05-Aug-2026 11:36:52 America/Mexico_City] Script finalizado - Tiempo de ejecución: 0.05s
[05-Aug-2026 11:37:02 America/Mexico_City] Sistema iniciado - 2026-08-05 11:37:02
[05-Aug-2026 11:37:02 America/Mexico_City] Script finalizado - Tiempo de ejecución: 0.03s
[05-Aug-2026 11:37:07 America/Mexico_City] Sistema iniciado - 2026-08-05 11:37:07
[05-Aug-2026 11:37:07 America/Mexico_City] Script finalizado - Tiempo de ejecución: 0.052s
[05-Aug-2026 11:37:15 America/Mexico_City] Sistema iniciado - 2026-08-05 11:37:15
[05-Aug-2026 11:37:15 America/Mexico_City] PHP Deprecated:  number_format(): Passing null to parameter #1 ($num) of type float is deprecated in C:\xampp\htdocs\Punto-de-venta\views\reportes\index.php on line 232
[05-Aug-2026 11:37:15 America/Mexico_City] PHP Deprecated:  number_format(): Passing null to parameter #1 ($num) of type float is deprecated in C:\xampp\htdocs\Punto-de-venta\views\reportes\index.php on line 234
[05-Aug-2026 11:37:15 America/Mexico_City] Script finalizado - Tiempo de ejecución: 0.053s
[05-Aug-2026 11:37:19 America/Mexico_City] Sistema iniciado - 2026-08-05 11:37:19
[05-Aug-2026 11:37:19 America/Mexico_City] PHP Deprecated:  number_format(): Passing null to parameter #1 ($num) of type float is deprecated in C:\xampp\htdocs\Punto-de-venta\views\reportes\index.php on line 232
[05-Aug-2026 11:37:19 America/Mexico_City] PHP Deprecated:  number_format(): Passing null to parameter #1 ($num) of type float is deprecated in C:\xampp\htdocs\Punto-de-venta\views\reportes\index.php on line 234
[05-Aug-2026 11:37:19 America/Mexico_City] Script finalizado - Tiempo de ejecución: 0.044s
[05-Aug-2026 11:38:35 America/Mexico_City] Sistema iniciado - 2026-08-05 11:38:35
[05-Aug-2026 11:38:35 America/Mexico_City] PHP Deprecated:  number_format(): Passing null to parameter #1 ($num) of type float is deprecated in C:\xampp\htdocs\Punto-de-venta\views\reportes\index.php on line 232
[05-Aug-2026 11:38:35 America/Mexico_City] PHP Deprecated:  number_format(): Passing null to parameter #1 ($num) of type float is deprecated in C:\xampp\htdocs\Punto-de-venta\views\reportes\index.php on line 234
[05-Aug-2026 11:38:35 America/Mexico_City] Script finalizado - Tiempo de ejecución: 0.084s
[05-Aug-2026 11:38:40 America/Mexico_City] Sistema iniciado - 2026-08-05 11:38:40
[05-Aug-2026 11:38:40 America/Mexico_City] Script finalizado - Tiempo de ejecución: 0.029s
[05-Aug-2026 11:38:53 America/Mexico_City] Sistema iniciado - 2026-08-05 11:38:53
[05-Aug-2026 11:38:53 America/Mexico_City] Script finalizado - Tiempo de ejecución: 0.073s
[05-Aug-2026 11:40:54 America/Mexico_City] Sistema iniciado - 2026-08-05 11:40:54
[05-Aug-2026 11:40:54 America/Mexico_City] PHP Deprecated:  number_format(): Passing null to parameter #1 ($num) of type float is deprecated in C:\xampp\htdocs\Punto-de-venta\views\reportes\index.php on line 232
[05-Aug-2026 11:40:54 America/Mexico_City] PHP Deprecated:  number_format(): Passing null to parameter #1 ($num) of type float is deprecated in C:\xampp\htdocs\Punto-de-venta\views\reportes\index.php on line 234
[05-Aug-2026 11:40:54 America/Mexico_City] Script finalizado - Tiempo de ejecución: 0.068s
[05-Aug-2026 11:40:55 America/Mexico_City] Sistema iniciado - 2026-08-05 11:40:55
[05-Aug-2026 11:40:55 America/Mexico_City] PHP Deprecated:  number_format(): Passing null to parameter #1 ($num) of type float is deprecated in C:\xampp\htdocs\Punto-de-venta\views\reportes\index.php on line 232
[05-Aug-2026 11:40:55 America/Mexico_City] PHP Deprecated:  number_format(): Passing null to parameter #1 ($num) of type float is deprecated in C:\xampp\htdocs\Punto-de-venta\views\reportes\index.php on line 234
[05-Aug-2026 11:40:55 America/Mexico_City] Script finalizado - Tiempo de ejecución: 0.073s
[05-Aug-2026 11:41:03 America/Mexico_City] Sistema iniciado - 2026-08-05 11:41:03
[05-Aug-2026 11:41:03 America/Mexico_City] Script finalizado - Tiempo de ejecución: 0.063s
[05-Aug-2026 11:41:09 America/Mexico_City] Sistema iniciado - 2026-08-05 11:41:09
[05-Aug-2026 11:41:09 America/Mexico_City] Script finalizado - Tiempo de ejecución: 0.064s
[05-Aug-2026 11:41:33 America/Mexico_City] Sistema iniciado - 2026-08-05 11:41:33
[05-Aug-2026 11:41:33 America/Mexico_City] Script finalizado - Tiempo de ejecución: 0.042s
[05-Aug-2026 11:41:34 America/Mexico_City] Sistema iniciado - 2026-08-05 11:41:34
[05-Aug-2026 11:41:34 America/Mexico_City] Script finalizado - Tiempo de ejecución: 0.035s
[05-Aug-2026 11:42:44 America/Mexico_City] Sistema iniciado - 2026-08-05 11:42:44
[05-Aug-2026 11:42:45 America/Mexico_City] Error en login_process.php: Credenciales incorrectas o cuenta inactiva
[05-Aug-2026 11:42:45 America/Mexico_City] Script finalizado - Tiempo de ejecución: 0.532s
[05-Aug-2026 11:42:59 America/Mexico_City] Sistema iniciado - 2026-08-05 11:42:59
[05-Aug-2026 11:43:00 America/Mexico_City] Error en login_process.php: Credenciales incorrectas o cuenta inactiva
[05-Aug-2026 11:43:00 America/Mexico_City] Script finalizado - Tiempo de ejecución: 0.523s
[05-Aug-2026 11:43:15 America/Mexico_City] Sistema iniciado - 2026-08-05 11:43:15
[05-Aug-2026 11:43:15 America/Mexico_City] Error en login_process.php: Credenciales incorrectas o cuenta inactiva
[05-Aug-2026 11:43:15 America/Mexico_City] Script finalizado - Tiempo de ejecución: 0.549s
[05-Aug-2026 11:43:16 America/Mexico_City] Sistema iniciado - 2026-08-05 11:43:16
[05-Aug-2026 11:43:17 America/Mexico_City] Error en login_process.php: Credenciales incorrectas o cuenta inactiva
[05-Aug-2026 11:43:17 America/Mexico_City] Script finalizado - Tiempo de ejecución: 0.528s
[05-Aug-2026 11:43:29 America/Mexico_City] Sistema iniciado - 2026-08-05 11:43:29
[05-Aug-2026 11:43:30 America/Mexico_City] Error en login_process.php: Credenciales incorrectas o cuenta inactiva
[05-Aug-2026 11:43:30 America/Mexico_City] Script finalizado - Tiempo de ejecución: 0.511s
[05-Aug-2026 11:43:32 America/Mexico_City] Sistema iniciado - 2026-08-05 11:43:32
[05-Aug-2026 11:43:32 America/Mexico_City] Error en login_process.php: Credenciales incorrectas o cuenta inactiva
[05-Aug-2026 11:43:32 America/Mexico_City] Script finalizado - Tiempo de ejecución: 0.54s
[05-Aug-2026 11:43:40 America/Mexico_City] Sistema iniciado - 2026-08-05 11:43:40
[05-Aug-2026 11:43:41 America/Mexico_City] Error en login_process.php: Credenciales incorrectas o cuenta inactiva
[05-Aug-2026 11:43:41 America/Mexico_City] Script finalizado - Tiempo de ejecución: 0.543s
[05-Aug-2026 11:43:56 America/Mexico_City] Sistema iniciado - 2026-08-05 11:43:56
[05-Aug-2026 11:43:56 America/Mexico_City] Error en login_process.php: Credenciales incorrectas o cuenta inactiva
[05-Aug-2026 11:43:56 America/Mexico_City] Script finalizado - Tiempo de ejecución: 0.515s
[05-Aug-2026 11:44:11 America/Mexico_City] Sistema iniciado - 2026-08-05 11:44:11
[05-Aug-2026 11:44:11 America/Mexico_City] Script finalizado - Tiempo de ejecución: 0.524s
[05-Aug-2026 11:44:11 America/Mexico_City] Sistema iniciado - 2026-08-05 11:44:11
[05-Aug-2026 11:44:11 America/Mexico_City] PHP Notice:  session_start(): Ignoring session_start() because a session is already active in C:\xampp\htdocs\Punto-de-venta\index.php on line 11
[05-Aug-2026 11:44:11 America/Mexico_City] Script finalizado - Tiempo de ejecución: 0.063s
[05-Aug-2026 11:44:11 America/Mexico_City] Sistema iniciado - 2026-08-05 11:44:11
[05-Aug-2026 11:44:11 America/Mexico_City] Script finalizado - Tiempo de ejecución: 0.042s
[05-Aug-2026 11:44:30 America/Mexico_City] Sistema iniciado - 2026-08-05 11:44:30
[05-Aug-2026 11:44:30 America/Mexico_City] Script finalizado - Tiempo de ejecución: 0.052s
[05-Aug-2026 11:45:17 America/Mexico_City] Sistema iniciado - 2026-08-05 11:45:17
[05-Aug-2026 11:45:17 America/Mexico_City] Script finalizado - Tiempo de ejecución: 0.07s
[05-Aug-2026 11:47:04 America/Mexico_City] Sistema iniciado - 2026-08-05 11:47:04
[05-Aug-2026 11:47:04 America/Mexico_City] Script finalizado - Tiempo de ejecución: 0.064s
[05-Aug-2026 11:47:07 America/Mexico_City] Sistema iniciado - 2026-08-05 11:47:07
[05-Aug-2026 11:47:07 America/Mexico_City] Script finalizado - Tiempo de ejecución: 0.047s
[05-Aug-2026 12:07:33 America/Mexico_City] Sistema iniciado - 2026-08-05 12:07:33
[05-Aug-2026 12:07:34 America/Mexico_City] PHP Deprecated:  number_format(): Passing null to parameter #1 ($num) of type float is deprecated in C:\xampp\htdocs\Punto-de-venta\views\reportes\index.php on line 232
[05-Aug-2026 12:07:34 America/Mexico_City] PHP Deprecated:  number_format(): Passing null to parameter #1 ($num) of type float is deprecated in C:\xampp\htdocs\Punto-de-venta\views\reportes\index.php on line 234
[05-Aug-2026 12:07:34 America/Mexico_City] Script finalizado - Tiempo de ejecución: 0.063s
[05-Aug-2026 12:07:38 America/Mexico_City] Sistema iniciado - 2026-08-05 12:07:38
[05-Aug-2026 12:07:38 America/Mexico_City] Script finalizado - Tiempo de ejecución: 0.042s
[05-Aug-2026 12:07:47 America/Mexico_City] Sistema iniciado - 2026-08-05 12:07:47
[05-Aug-2026 12:07:47 America/Mexico_City] Script finalizado - Tiempo de ejecución: 0.057s
[05-Aug-2026 12:27:00 America/Mexico_City] Sistema iniciado - 2026-08-05 12:27:00
[05-Aug-2026 12:27:00 America/Mexico_City] Script finalizado - Tiempo de ejecución: 0.038s
[05-Aug-2026 12:28:47 America/Mexico_City] Sistema iniciado - 2026-08-05 12:28:47
[05-Aug-2026 12:28:47 America/Mexico_City] Script finalizado - Tiempo de ejecución: 0.045s
[05-Aug-2026 12:30:43 America/Mexico_City] Sistema iniciado - 2026-08-05 12:30:43
[05-Aug-2026 12:30:43 America/Mexico_City] Script finalizado - Tiempo de ejecución: 0.049s
[05-Aug-2026 12:42:05 America/Mexico_City] Sistema iniciado - 2026-08-05 12:42:05
[05-Aug-2026 12:42:05 America/Mexico_City] Script finalizado - Tiempo de ejecución: 0.048s
[05-Aug-2026 12:42:50 America/Mexico_City] Sistema iniciado - 2026-08-05 12:42:50
[05-Aug-2026 12:42:50 America/Mexico_City] Script finalizado - Tiempo de ejecución: 0.03s
[05-Aug-2026 12:43:06 America/Mexico_City] Sistema iniciado - 2026-08-05 12:43:06
[05-Aug-2026 12:43:06 America/Mexico_City] Script finalizado - Tiempo de ejecución: 0.056s
[05-Aug-2026 12:43:33 America/Mexico_City] Sistema iniciado - 2026-08-05 12:43:33
[05-Aug-2026 12:43:33 America/Mexico_City] Script finalizado - Tiempo de ejecución: 0.038s
[05-Aug-2026 13:27:09 America/Mexico_City] Sistema iniciado - 2026-08-05 13:27:09
[05-Aug-2026 13:27:09 America/Mexico_City] Script finalizado - Tiempo de ejecución: 0.042s
[05-Aug-2026 13:27:14 America/Mexico_City] Sistema iniciado - 2026-08-05 13:27:14
[05-Aug-2026 13:27:14 America/Mexico_City] Script finalizado - Tiempo de ejecución: 0.038s
[05-Aug-2026 13:27:32 America/Mexico_City] Sistema iniciado - 2026-08-05 13:27:32
[05-Aug-2026 13:27:32 America/Mexico_City] PHP Deprecated:  number_format(): Passing null to parameter #1 ($num) of type float is deprecated in C:\xampp\htdocs\Punto-de-venta\views\reportes\index.php on line 232
[05-Aug-2026 13:27:32 America/Mexico_City] PHP Deprecated:  number_format(): Passing null to parameter #1 ($num) of type float is deprecated in C:\xampp\htdocs\Punto-de-venta\views\reportes\index.php on line 234
[05-Aug-2026 13:27:32 America/Mexico_City] Script finalizado - Tiempo de ejecución: 0.052s
[06-Aug-2026 11:35:11 America/Mexico_City] Sistema iniciado - 2026-08-06 11:35:11
[06-Aug-2026 11:35:12 America/Mexico_City] Error en login_process.php: Credenciales incorrectas o cuenta inactiva
[06-Aug-2026 11:35:12 America/Mexico_City] Script finalizado - Tiempo de ejecución: 0.616s
[06-Aug-2026 11:35:13 America/Mexico_City] Sistema iniciado - 2026-08-06 11:35:13
[06-Aug-2026 11:35:14 America/Mexico_City] Error en login_process.php: Credenciales incorrectas o cuenta inactiva
[06-Aug-2026 11:35:14 America/Mexico_City] Script finalizado - Tiempo de ejecución: 0.524s
[06-Aug-2026 11:35:22 America/Mexico_City] Sistema iniciado - 2026-08-06 11:35:22
[06-Aug-2026 11:35:22 America/Mexico_City] Script finalizado - Tiempo de ejecución: 0.523s
[06-Aug-2026 11:35:22 America/Mexico_City] Sistema iniciado - 2026-08-06 11:35:22
[06-Aug-2026 11:35:22 America/Mexico_City] PHP Notice:  session_start(): Ignoring session_start() because a session is already active in C:\xampp\htdocs\Punto-de-venta\index.php on line 11
[06-Aug-2026 11:35:22 America/Mexico_City] Script finalizado - Tiempo de ejecución: 0.033s
[06-Aug-2026 11:35:22 America/Mexico_City] Sistema iniciado - 2026-08-06 11:35:22
[06-Aug-2026 11:35:22 America/Mexico_City] Script finalizado - Tiempo de ejecución: 0.159s
[06-Aug-2026 12:00:43 America/Mexico_City] Sistema iniciado - 2026-08-06 12:00:43
[06-Aug-2026 12:00:43 America/Mexico_City] Script finalizado - Tiempo de ejecución: 0.062s
[06-Aug-2026 12:01:36 America/Mexico_City] Sistema iniciado - 2026-08-06 12:01:36
[06-Aug-2026 12:01:36 America/Mexico_City] Script finalizado - Tiempo de ejecución: 0.045s
[06-Aug-2026 12:02:15 America/Mexico_City] Sistema iniciado - 2026-08-06 12:02:15
[06-Aug-2026 12:02:16 America/Mexico_City] Script finalizado - Tiempo de ejecución: 0.125s
[06-Aug-2026 12:02:18 America/Mexico_City] Sistema iniciado - 2026-08-06 12:02:18
[06-Aug-2026 12:02:18 America/Mexico_City] Script finalizado - Tiempo de ejecución: 0.061s
[06-Aug-2026 12:03:02 America/Mexico_City] Sistema iniciado - 2026-08-06 12:03:02
[06-Aug-2026 12:03:02 America/Mexico_City] Script finalizado - Tiempo de ejecución: 0.059s
[06-Aug-2026 12:03:04 America/Mexico_City] Sistema iniciado - 2026-08-06 12:03:04
[06-Aug-2026 12:03:04 America/Mexico_City] Script finalizado - Tiempo de ejecución: 0.047s
[06-Aug-2026 12:03:17 America/Mexico_City] Sistema iniciado - 2026-08-06 12:03:17
[06-Aug-2026 12:03:17 America/Mexico_City] Script finalizado - Tiempo de ejecución: 0.052s
[06-Aug-2026 12:03:19 America/Mexico_City] Sistema iniciado - 2026-08-06 12:03:19
[06-Aug-2026 12:03:19 America/Mexico_City] PHP Deprecated:  number_format(): Passing null to parameter #1 ($num) of type float is deprecated in C:\xampp\htdocs\Punto-de-venta\views\reportes\index.php on line 232
[06-Aug-2026 12:03:19 America/Mexico_City] PHP Deprecated:  number_format(): Passing null to parameter #1 ($num) of type float is deprecated in C:\xampp\htdocs\Punto-de-venta\views\reportes\index.php on line 234
[06-Aug-2026 12:03:19 America/Mexico_City] Script finalizado - Tiempo de ejecución: 0.081s
[06-Aug-2026 12:03:27 America/Mexico_City] Sistema iniciado - 2026-08-06 12:03:27
[06-Aug-2026 12:03:27 America/Mexico_City] Script finalizado - Tiempo de ejecución: 0.07s
[06-Aug-2026 12:03:28 America/Mexico_City] Sistema iniciado - 2026-08-06 12:03:28
[06-Aug-2026 12:03:28 America/Mexico_City] Script finalizado - Tiempo de ejecución: 0.053s
[06-Aug-2026 12:05:45 America/Mexico_City] Sistema iniciado - 2026-08-06 12:05:45
[06-Aug-2026 12:05:45 America/Mexico_City] Script finalizado - Tiempo de ejecución: 0.06s
[06-Aug-2026 12:05:46 America/Mexico_City] Sistema iniciado - 2026-08-06 12:05:46
[06-Aug-2026 12:05:46 America/Mexico_City] Script finalizado - Tiempo de ejecución: 0.052s
[06-Aug-2026 12:06:02 America/Mexico_City] Sistema iniciado - 2026-08-06 12:06:02
[06-Aug-2026 12:06:02 America/Mexico_City] Script finalizado - Tiempo de ejecución: 0.064s
[06-Aug-2026 12:06:07 America/Mexico_City] Sistema iniciado - 2026-08-06 12:06:07
[06-Aug-2026 12:06:07 America/Mexico_City] Script finalizado - Tiempo de ejecución: 0.022s
[06-Aug-2026 12:08:43 America/Mexico_City] Sistema iniciado - 2026-08-06 12:08:43
[06-Aug-2026 12:08:43 America/Mexico_City] Script finalizado - Tiempo de ejecución: 0.06s
[06-Aug-2026 12:08:45 America/Mexico_City] Sistema iniciado - 2026-08-06 12:08:45
[06-Aug-2026 12:08:45 America/Mexico_City] Script finalizado - Tiempo de ejecución: 0.049s
[06-Aug-2026 12:08:58 America/Mexico_City] Sistema iniciado - 2026-08-06 12:08:58
[06-Aug-2026 12:08:58 America/Mexico_City] Script finalizado - Tiempo de ejecución: 0.066s
[06-Aug-2026 12:17:42 America/Mexico_City] Sistema iniciado - 2026-08-06 12:17:42
[06-Aug-2026 12:17:43 America/Mexico_City] Script finalizado - Tiempo de ejecución: 0.063s
[06-Aug-2026 12:17:49 America/Mexico_City] Sistema iniciado - 2026-08-06 12:17:49
[06-Aug-2026 12:17:49 America/Mexico_City] Script finalizado - Tiempo de ejecución: 0.079s
[06-Aug-2026 12:17:59 America/Mexico_City] Sistema iniciado - 2026-08-06 12:17:59
[06-Aug-2026 12:17:59 America/Mexico_City] Script finalizado - Tiempo de ejecución: 0.045s
[06-Aug-2026 12:37:23 America/Mexico_City] Sistema iniciado - 2026-08-06 12:37:23
[06-Aug-2026 12:37:23 America/Mexico_City] Script finalizado - Tiempo de ejecución: 0.079s
[06-Aug-2026 12:37:46 America/Mexico_City] Sistema iniciado - 2026-08-06 12:37:46
[06-Aug-2026 12:37:46 America/Mexico_City] Script finalizado - Tiempo de ejecución: 0.101s
[06-Aug-2026 12:37:49 America/Mexico_City] Sistema iniciado - 2026-08-06 12:37:49
[06-Aug-2026 12:37:49 America/Mexico_City] Script finalizado - Tiempo de ejecución: 0.047s
[06-Aug-2026 15:05:57 America/Mexico_City] Sistema iniciado - 2026-08-06 15:05:57
[06-Aug-2026 15:05:57 America/Mexico_City] PHP Notice:  session_start(): Ignoring session_start() because a session is already active in C:\xampp\htdocs\Punto-de-venta\index.php on line 11
[06-Aug-2026 15:05:57 America/Mexico_City] Script finalizado - Tiempo de ejecución: 0.054s
[06-Aug-2026 15:05:57 America/Mexico_City] Sistema iniciado - 2026-08-06 15:05:57
[06-Aug-2026 15:05:57 America/Mexico_City] Script finalizado - Tiempo de ejecución: 0.045s
[06-Aug-2026 16:00:46 America/Mexico_City] Sistema iniciado - 2026-08-06 16:00:46
[06-Aug-2026 16:00:46 America/Mexico_City] Script finalizado - Tiempo de ejecución: 0.062s
[06-Aug-2026 16:00:50 America/Mexico_City] Sistema iniciado - 2026-08-06 16:00:50
[06-Aug-2026 16:00:50 America/Mexico_City] Script finalizado - Tiempo de ejecución: 0.025s
[06-Aug-2026 16:09:20 America/Mexico_City] Sistema iniciado - 2026-08-06 16:09:20
[06-Aug-2026 16:09:20 America/Mexico_City] Script finalizado - Tiempo de ejecución: 0.064s
[06-Aug-2026 16:09:25 America/Mexico_City] Sistema iniciado - 2026-08-06 16:09:25
[06-Aug-2026 16:09:25 America/Mexico_City] Script finalizado - Tiempo de ejecución: 0.073s
[06-Aug-2026 16:46:28 America/Mexico_City] Sistema iniciado - 2026-08-06 16:46:28
[06-Aug-2026 16:46:28 America/Mexico_City] Script finalizado - Tiempo de ejecución: 0.031s
[06-Aug-2026 16:51:18 America/Mexico_City] Sistema iniciado - 2026-08-06 16:51:18
[06-Aug-2026 16:51:18 America/Mexico_City] Script finalizado - Tiempo de ejecución: 0.044s
[06-Aug-2026 16:54:20 America/Mexico_City] Sistema iniciado - 2026-08-06 16:54:20
[06-Aug-2026 16:54:20 America/Mexico_City] Script finalizado - Tiempo de ejecución: 0.05s
[06-Aug-2026 16:54:27 America/Mexico_City] Sistema iniciado - 2026-08-06 16:54:27
[06-Aug-2026 16:54:27 America/Mexico_City] Script finalizado - Tiempo de ejecución: 0.043s
[06-Aug-2026 16:54:55 America/Mexico_City] Sistema iniciado - 2026-08-06 16:54:55
[06-Aug-2026 16:54:55 America/Mexico_City] Script finalizado - Tiempo de ejecución: 0.06s
[06-Aug-2026 16:56:13 America/Mexico_City] Sistema iniciado - 2026-08-06 16:56:13
[06-Aug-2026 16:56:13 America/Mexico_City] Script finalizado - Tiempo de ejecución: 0.034s
[06-Aug-2026 16:56:15 America/Mexico_City] Sistema iniciado - 2026-08-06 16:56:15
[06-Aug-2026 16:56:15 America/Mexico_City] Script finalizado - Tiempo de ejecución: 0.038s
[06-Aug-2026 16:56:19 America/Mexico_City] Sistema iniciado - 2026-08-06 16:56:19
[06-Aug-2026 16:56:19 America/Mexico_City] Script finalizado - Tiempo de ejecución: 0.041s
[06-Aug-2026 17:04:10 America/Mexico_City] Sistema iniciado - 2026-08-06 17:04:10
[06-Aug-2026 17:04:10 America/Mexico_City] Script finalizado - Tiempo de ejecución: 0.105s
[06-Aug-2026 17:04:12 America/Mexico_City] Sistema iniciado - 2026-08-06 17:04:12
[06-Aug-2026 17:04:12 America/Mexico_City] Script finalizado - Tiempo de ejecución: 0.095s
[06-Aug-2026 17:04:20 America/Mexico_City] Sistema iniciado - 2026-08-06 17:04:20
[06-Aug-2026 17:04:20 America/Mexico_City] Script finalizado - Tiempo de ejecución: 0.049s
[06-Aug-2026 17:04:49 America/Mexico_City] Sistema iniciado - 2026-08-06 17:04:49
[06-Aug-2026 17:04:49 America/Mexico_City] Script finalizado - Tiempo de ejecución: 0.058s
[10-Aug-2026 10:05:51 America/Mexico_City] Sistema iniciado - 2026-08-10 10:05:51
[10-Aug-2026 10:05:51 America/Mexico_City] Script finalizado - Tiempo de ejecución: 0.573s
[10-Aug-2026 10:05:52 America/Mexico_City] Sistema iniciado - 2026-08-10 10:05:52
[10-Aug-2026 10:05:52 America/Mexico_City] PHP Notice:  session_start(): Ignoring session_start() because a session is already active in C:\xampp\htdocs\Punto-de-venta\index.php on line 11
[10-Aug-2026 10:05:52 America/Mexico_City] Script finalizado - Tiempo de ejecución: 0.035s
[10-Aug-2026 10:05:52 America/Mexico_City] Sistema iniciado - 2026-08-10 10:05:52
[10-Aug-2026 10:05:52 America/Mexico_City] Script finalizado - Tiempo de ejecución: 0.049s
[10-Aug-2026 13:11:10 America/Mexico_City] Sistema iniciado - 2026-08-10 13:11:10
[10-Aug-2026 13:11:10 America/Mexico_City] Script finalizado - Tiempo de ejecución: 0.095s
[10-Aug-2026 13:20:34 America/Mexico_City] Sistema iniciado - 2026-08-10 13:20:34
[10-Aug-2026 13:20:34 America/Mexico_City] Script finalizado - Tiempo de ejecución: 0.074s
[10-Aug-2026 13:20:36 America/Mexico_City] Sistema iniciado - 2026-08-10 13:20:36
[10-Aug-2026 13:20:36 America/Mexico_City] Script finalizado - Tiempo de ejecución: 0.058s
[10-Aug-2026 15:33:34 America/Mexico_City] Sistema iniciado - 2026-08-10 15:33:34
[10-Aug-2026 15:33:34 America/Mexico_City] Script finalizado - Tiempo de ejecución: 0.061s
[10-Aug-2026 15:33:43 America/Mexico_City] Sistema iniciado - 2026-08-10 15:33:43
[10-Aug-2026 15:33:43 America/Mexico_City] Script finalizado - Tiempo de ejecución: 0.055s
[10-Aug-2026 15:33:48 America/Mexico_City] Sistema iniciado - 2026-08-10 15:33:48
[10-Aug-2026 15:33:48 America/Mexico_City] Script finalizado - Tiempo de ejecución: 0.052s
[10-Aug-2026 15:33:52 America/Mexico_City] Sistema iniciado - 2026-08-10 15:33:52
[10-Aug-2026 15:33:52 America/Mexico_City] Script finalizado - Tiempo de ejecución: 0.039s
[10-Aug-2026 15:33:54 America/Mexico_City] Sistema iniciado - 2026-08-10 15:33:54
[10-Aug-2026 15:33:54 America/Mexico_City] Script finalizado - Tiempo de ejecución: 0.033s
[10-Aug-2026 15:34:29 America/Mexico_City] Sistema iniciado - 2026-08-10 15:34:29
[10-Aug-2026 15:34:29 America/Mexico_City] Script finalizado - Tiempo de ejecución: 0.596s
[10-Aug-2026 15:34:31 America/Mexico_City] Sistema iniciado - 2026-08-10 15:34:31
[10-Aug-2026 15:34:31 America/Mexico_City] Script finalizado - Tiempo de ejecución: 0.042s
[10-Aug-2026 15:34:51 America/Mexico_City] Sistema iniciado - 2026-08-10 15:34:51
[10-Aug-2026 15:34:51 America/Mexico_City] PHP Notice:  session_start(): Ignoring session_start() because a session is already active in C:\xampp\htdocs\Punto-de-venta\index.php on line 11
[10-Aug-2026 15:34:51 America/Mexico_City] Script finalizado - Tiempo de ejecución: 0.041s
[10-Aug-2026 15:34:51 America/Mexico_City] Sistema iniciado - 2026-08-10 15:34:51
[10-Aug-2026 15:34:51 America/Mexico_City] Script finalizado - Tiempo de ejecución: 0.048s
[10-Aug-2026 15:35:48 America/Mexico_City] Sistema iniciado - 2026-08-10 15:35:48
[10-Aug-2026 15:35:49 America/Mexico_City] Script finalizado - Tiempo de ejecución: 0.55s
[10-Aug-2026 15:35:49 America/Mexico_City] Sistema iniciado - 2026-08-10 15:35:49
[10-Aug-2026 15:35:49 America/Mexico_City] PHP Notice:  session_start(): Ignoring session_start() because a session is already active in C:\xampp\htdocs\Punto-de-venta\index.php on line 11
[10-Aug-2026 15:35:49 America/Mexico_City] Script finalizado - Tiempo de ejecución: 0.03s
[10-Aug-2026 15:35:49 America/Mexico_City] Sistema iniciado - 2026-08-10 15:35:49
[10-Aug-2026 15:35:49 America/Mexico_City] Script finalizado - Tiempo de ejecución: 0.032s
[10-Aug-2026 15:41:25 America/Mexico_City] Sistema iniciado - 2026-08-10 15:41:25
[10-Aug-2026 15:41:25 America/Mexico_City] Script finalizado - Tiempo de ejecución: 0.052s
[10-Aug-2026 15:41:45 America/Mexico_City] Sistema iniciado - 2026-08-10 15:41:45
[10-Aug-2026 15:41:45 America/Mexico_City] Script finalizado - Tiempo de ejecución: 0.033s
[10-Aug-2026 15:43:24 America/Mexico_City] Sistema iniciado - 2026-08-10 15:43:24
[10-Aug-2026 15:43:24 America/Mexico_City] Script finalizado - Tiempo de ejecución: 0.058s
[10-Aug-2026 15:44:04 America/Mexico_City] Sistema iniciado - 2026-08-10 15:44:04
[10-Aug-2026 15:44:04 America/Mexico_City] Script finalizado - Tiempo de ejecución: 0.066s
[10-Aug-2026 15:44:06 America/Mexico_City] Sistema iniciado - 2026-08-10 15:44:06
[10-Aug-2026 15:44:06 America/Mexico_City] Script finalizado - Tiempo de ejecución: 0.038s
[11-Aug-2026 13:32:37 America/Mexico_City] Sistema iniciado - 2026-08-11 13:32:37
[11-Aug-2026 13:32:37 America/Mexico_City] Script finalizado - Tiempo de ejecución: 0.69s
[11-Aug-2026 13:32:37 America/Mexico_City] Sistema iniciado - 2026-08-11 13:32:37
[11-Aug-2026 13:32:37 America/Mexico_City] PHP Notice:  session_start(): Ignoring session_start() because a session is already active in C:\xampp\htdocs\Punto-de-venta\index.php on line 11
[11-Aug-2026 13:32:37 America/Mexico_City] Script finalizado - Tiempo de ejecución: 0.048s
[11-Aug-2026 13:32:38 America/Mexico_City] Sistema iniciado - 2026-08-11 13:32:38
[11-Aug-2026 13:32:38 America/Mexico_City] Script finalizado - Tiempo de ejecución: 0.078s
[11-Aug-2026 13:32:41 America/Mexico_City] Sistema iniciado - 2026-08-11 13:32:41
[11-Aug-2026 13:32:41 America/Mexico_City] Script finalizado - Tiempo de ejecución: 0.078s
[11-Aug-2026 15:12:24 America/Mexico_City] Sistema iniciado - 2026-08-11 15:12:24
[11-Aug-2026 15:12:24 America/Mexico_City] Script finalizado - Tiempo de ejecución: 0.698s
[11-Aug-2026 15:12:25 America/Mexico_City] Sistema iniciado - 2026-08-11 15:12:25
[11-Aug-2026 15:12:25 America/Mexico_City] PHP Notice:  session_start(): Ignoring session_start() because a session is already active in C:\xampp\htdocs\Punto-de-venta\index.php on line 11
[11-Aug-2026 15:12:25 America/Mexico_City] Script finalizado - Tiempo de ejecución: 0.033s
[11-Aug-2026 15:12:25 America/Mexico_City] Sistema iniciado - 2026-08-11 15:12:25
[11-Aug-2026 15:12:25 America/Mexico_City] Script finalizado - Tiempo de ejecución: 0.052s
[11-Aug-2026 15:12:28 America/Mexico_City] Sistema iniciado - 2026-08-11 15:12:28
[11-Aug-2026 15:12:28 America/Mexico_City] Script finalizado - Tiempo de ejecución: 0.048s
[11-Aug-2026 15:12:42 America/Mexico_City] Sistema iniciado - 2026-08-11 15:12:42
[11-Aug-2026 15:12:42 America/Mexico_City] Script finalizado - Tiempo de ejecución: 0.079s
[11-Aug-2026 15:12:45 America/Mexico_City] Sistema iniciado - 2026-08-11 15:12:45
[11-Aug-2026 15:12:45 America/Mexico_City] Script finalizado - Tiempo de ejecución: 0.046s
[11-Aug-2026 15:13:19 America/Mexico_City] Sistema iniciado - 2026-08-11 15:13:19
[11-Aug-2026 15:13:19 America/Mexico_City] Script finalizado - Tiempo de ejecución: 0.058s
[11-Aug-2026 15:13:21 America/Mexico_City] Sistema iniciado - 2026-08-11 15:13:21
[11-Aug-2026 15:13:21 America/Mexico_City] Script finalizado - Tiempo de ejecución: 0.029s
[19-Aug-2026 16:42:26 America/Mexico_City] Sistema iniciado - 2026-08-19 16:42:26
[19-Aug-2026 16:42:26 America/Mexico_City] Script finalizado - Tiempo de ejecución: 0.565s
[19-Aug-2026 16:42:26 America/Mexico_City] Sistema iniciado - 2026-08-19 16:42:26
[19-Aug-2026 16:42:26 America/Mexico_City] PHP Notice:  session_start(): Ignoring session_start() because a session is already active in C:\xampp\htdocs\Punto-de-venta\index.php on line 11
[19-Aug-2026 16:42:26 America/Mexico_City] Script finalizado - Tiempo de ejecución: 0.022s
[19-Aug-2026 16:42:26 America/Mexico_City] Sistema iniciado - 2026-08-19 16:42:26
[19-Aug-2026 16:42:27 America/Mexico_City] Script finalizado - Tiempo de ejecución: 0.238s
[19-Aug-2026 16:42:46 America/Mexico_City] Sistema iniciado - 2026-08-19 16:42:46
[19-Aug-2026 16:42:46 America/Mexico_City] Script finalizado - Tiempo de ejecución: 0.067s
[19-Aug-2026 16:42:52 America/Mexico_City] Sistema iniciado - 2026-08-19 16:42:52
[19-Aug-2026 16:42:52 America/Mexico_City] Script finalizado - Tiempo de ejecución: 0.041s
[19-Aug-2026 16:42:59 America/Mexico_City] Sistema iniciado - 2026-08-19 16:42:59
[19-Aug-2026 16:42:59 America/Mexico_City] Script finalizado - Tiempo de ejecución: 0.06s
[19-Aug-2026 16:43:00 America/Mexico_City] Sistema iniciado - 2026-08-19 16:43:00
[19-Aug-2026 16:43:01 America/Mexico_City] Script finalizado - Tiempo de ejecución: 0.047s
[19-Aug-2026 16:43:03 America/Mexico_City] Sistema iniciado - 2026-08-19 16:43:03
[19-Aug-2026 16:43:03 America/Mexico_City] Script finalizado - Tiempo de ejecución: 0.064s
[19-Aug-2026 16:43:42 America/Mexico_City] Sistema iniciado - 2026-08-19 16:43:42
[19-Aug-2026 16:43:42 America/Mexico_City] Script finalizado - Tiempo de ejecución: 0.057s
[19-Aug-2026 16:43:47 America/Mexico_City] Sistema iniciado - 2026-08-19 16:43:47
[19-Aug-2026 16:43:47 America/Mexico_City] Script finalizado - Tiempo de ejecución: 0.05s
[19-Aug-2026 16:44:20 America/Mexico_City] Sistema iniciado - 2026-08-19 16:44:20
[19-Aug-2026 16:44:20 America/Mexico_City] Script finalizado - Tiempo de ejecución: 0.053s
[19-Aug-2026 16:44:22 America/Mexico_City] Sistema iniciado - 2026-08-19 16:44:22
[19-Aug-2026 16:44:22 America/Mexico_City] Script finalizado - Tiempo de ejecución: 0.019s
[19-Aug-2026 16:44:23 America/Mexico_City] Sistema iniciado - 2026-08-19 16:44:23
[19-Aug-2026 16:44:23 America/Mexico_City] Script finalizado - Tiempo de ejecución: 0.036s
[19-Aug-2026 16:44:24 America/Mexico_City] Sistema iniciado - 2026-08-19 16:44:24
[19-Aug-2026 16:44:24 America/Mexico_City] Script finalizado - Tiempo de ejecución: 0.031s
[19-Aug-2026 16:44:25 America/Mexico_City] Sistema iniciado - 2026-08-19 16:44:25
[19-Aug-2026 16:44:25 America/Mexico_City] Script finalizado - Tiempo de ejecución: 0.046s
[19-Aug-2026 16:44:26 America/Mexico_City] Sistema iniciado - 2026-08-19 16:44:26
[19-Aug-2026 16:44:26 America/Mexico_City] Script finalizado - Tiempo de ejecución: 0.038s
[19-Aug-2026 16:44:40 America/Mexico_City] Sistema iniciado - 2026-08-19 16:44:40
[19-Aug-2026 16:44:40 America/Mexico_City] Script finalizado - Tiempo de ejecución: 0.033s
[19-Aug-2026 16:44:48 America/Mexico_City] Sistema iniciado - 2026-08-19 16:44:48
[19-Aug-2026 16:44:48 America/Mexico_City] Script finalizado - Tiempo de ejecución: 0.029s
[19-Aug-2026 16:44:53 America/Mexico_City] Sistema iniciado - 2026-08-19 16:44:53
[19-Aug-2026 16:44:53 America/Mexico_City] Script finalizado - Tiempo de ejecución: 0.018s
[19-Aug-2026 16:44:58 America/Mexico_City] Sistema iniciado - 2026-08-19 16:44:58
[19-Aug-2026 16:44:58 America/Mexico_City] Script finalizado - Tiempo de ejecución: 0.054s
[19-Aug-2026 16:45:33 America/Mexico_City] Sistema iniciado - 2026-08-19 16:45:33
[19-Aug-2026 16:45:33 America/Mexico_City] Script finalizado - Tiempo de ejecución: 0.062s
[19-Aug-2026 16:46:03 America/Mexico_City] Sistema iniciado - 2026-08-19 16:46:03
[19-Aug-2026 16:46:03 America/Mexico_City] Script finalizado - Tiempo de ejecución: 0.056s
[19-Aug-2026 16:46:10 America/Mexico_City] Sistema iniciado - 2026-08-19 16:46:10
[19-Aug-2026 16:46:10 America/Mexico_City] Script finalizado - Tiempo de ejecución: 0.045s
[19-Aug-2026 16:46:20 America/Mexico_City] Sistema iniciado - 2026-08-19 16:46:20
[19-Aug-2026 16:46:20 America/Mexico_City] Script finalizado - Tiempo de ejecución: 0.054s
[19-Aug-2026 16:46:21 America/Mexico_City] Sistema iniciado - 2026-08-19 16:46:21
[19-Aug-2026 16:46:21 America/Mexico_City] Script finalizado - Tiempo de ejecución: 0.034s
[19-Aug-2026 16:46:23 America/Mexico_City] Sistema iniciado - 2026-08-19 16:46:23
[19-Aug-2026 16:46:23 America/Mexico_City] Script finalizado - Tiempo de ejecución: 0.038s
[19-Aug-2026 16:46:24 America/Mexico_City] Sistema iniciado - 2026-08-19 16:46:24
[19-Aug-2026 16:46:24 America/Mexico_City] Script finalizado - Tiempo de ejecución: 0.056s
[25-Aug-2026 09:37:01 America/Mexico_City] Sistema iniciado - 2026-08-25 09:37:01
[25-Aug-2026 09:37:02 America/Mexico_City] Script finalizado - Tiempo de ejecución: 0.546s
[25-Aug-2026 09:37:02 America/Mexico_City] Sistema iniciado - 2026-08-25 09:37:02
[25-Aug-2026 09:37:02 America/Mexico_City] PHP Notice:  session_start(): Ignoring session_start() because a session is already active in C:\xampp\htdocs\Punto-de-venta\index.php on line 11
[25-Aug-2026 09:37:02 America/Mexico_City] Script finalizado - Tiempo de ejecución: 0.035s
[25-Aug-2026 09:37:02 America/Mexico_City] Sistema iniciado - 2026-08-25 09:37:02
[25-Aug-2026 09:37:02 America/Mexico_City] Script finalizado - Tiempo de ejecución: 0.158s
[25-Aug-2026 13:43:24 America/Mexico_City] Sistema iniciado - 2026-08-25 13:43:24
[25-Aug-2026 13:43:24 America/Mexico_City] Script finalizado - Tiempo de ejecución: 0.064s
[25-Aug-2026 13:43:26 America/Mexico_City] Sistema iniciado - 2026-08-25 13:43:26
[25-Aug-2026 13:43:26 America/Mexico_City] Script finalizado - Tiempo de ejecución: 0.061s
[25-Aug-2026 13:43:28 America/Mexico_City] Sistema iniciado - 2026-08-25 13:43:28
[25-Aug-2026 13:43:28 America/Mexico_City] Script finalizado - Tiempo de ejecución: 0.039s
[25-Aug-2026 13:43:32 America/Mexico_City] Sistema iniciado - 2026-08-25 13:43:32
[25-Aug-2026 13:43:32 America/Mexico_City] Script finalizado - Tiempo de ejecución: 0.062s
[25-Aug-2026 13:43:35 America/Mexico_City] Sistema iniciado - 2026-08-25 13:43:35
[25-Aug-2026 13:43:35 America/Mexico_City] Script finalizado - Tiempo de ejecución: 0.061s
[25-Aug-2026 13:43:38 America/Mexico_City] Sistema iniciado - 2026-08-25 13:43:38
[25-Aug-2026 13:43:38 America/Mexico_City] Script finalizado - Tiempo de ejecución: 0.05s
[25-Aug-2026 13:43:47 America/Mexico_City] Sistema iniciado - 2026-08-25 13:43:47
[25-Aug-2026 13:43:47 America/Mexico_City] Script finalizado - Tiempo de ejecución: 0.057s
[25-Aug-2026 13:43:57 America/Mexico_City] Sistema iniciado - 2026-08-25 13:43:57
[25-Aug-2026 13:43:57 America/Mexico_City] Script finalizado - Tiempo de ejecución: 0.047s
[26-Aug-2026 11:37:03 America/Mexico_City] Sistema iniciado - 2026-08-26 11:37:03
[26-Aug-2026 11:37:03 America/Mexico_City] Script finalizado - Tiempo de ejecución: 0.645s
[26-Aug-2026 11:37:03 America/Mexico_City] Sistema iniciado - 2026-08-26 11:37:03
[26-Aug-2026 11:37:03 America/Mexico_City] PHP Notice:  session_start(): Ignoring session_start() because a session is already active in C:\xampp\htdocs\Punto-de-venta\index.php on line 11
[26-Aug-2026 11:37:03 America/Mexico_City] Script finalizado - Tiempo de ejecución: 0.047s
[26-Aug-2026 11:37:03 America/Mexico_City] Sistema iniciado - 2026-08-26 11:37:03
[26-Aug-2026 11:37:03 America/Mexico_City] Script finalizado - Tiempo de ejecución: 0.065s
[26-Aug-2026 11:37:16 America/Mexico_City] Sistema iniciado - 2026-08-26 11:37:16
[26-Aug-2026 11:37:16 America/Mexico_City] Script finalizado - Tiempo de ejecución: 0.099s
[26-Aug-2026 13:40:13 America/Mexico_City] Sistema iniciado - 2026-08-26 13:40:13
[26-Aug-2026 13:40:13 America/Mexico_City] Script finalizado - Tiempo de ejecución: 0.075s
[27-Aug-2026 16:30:29 America/Mexico_City] Sistema iniciado - 2026-08-27 16:30:29
[27-Aug-2026 16:30:30 America/Mexico_City] Error en login_process.php: Credenciales incorrectas o cuenta inactiva
[27-Aug-2026 16:30:30 America/Mexico_City] Script finalizado - Tiempo de ejecución: 0.676s
[27-Aug-2026 16:30:31 America/Mexico_City] Sistema iniciado - 2026-08-27 16:30:31
[27-Aug-2026 16:30:32 America/Mexico_City] Script finalizado - Tiempo de ejecución: 0.666s
[27-Aug-2026 16:30:32 America/Mexico_City] Sistema iniciado - 2026-08-27 16:30:32
[27-Aug-2026 16:30:32 America/Mexico_City] PHP Notice:  session_start(): Ignoring session_start() because a session is already active in C:\xampp\htdocs\Punto-de-venta\index.php on line 11
[27-Aug-2026 16:30:32 America/Mexico_City] Script finalizado - Tiempo de ejecución: 0.031s
[27-Aug-2026 16:30:32 America/Mexico_City] Sistema iniciado - 2026-08-27 16:30:32
[27-Aug-2026 16:30:32 America/Mexico_City] Script finalizado - Tiempo de ejecución: 0.047s
[28-Aug-2026 08:26:47 America/Mexico_City] Sistema iniciado - 2026-08-28 08:26:47
[28-Aug-2026 08:26:47 America/Mexico_City] Script finalizado - Tiempo de ejecución: 0.579s
[28-Aug-2026 08:26:47 America/Mexico_City] Sistema iniciado - 2026-08-28 08:26:47
[28-Aug-2026 08:26:47 America/Mexico_City] PHP Notice:  session_start(): Ignoring session_start() because a session is already active in C:\xampp\htdocs\Punto-de-venta\index.php on line 11
[28-Aug-2026 08:26:47 America/Mexico_City] Script finalizado - Tiempo de ejecución: 0.038s
[28-Aug-2026 08:26:47 America/Mexico_City] Sistema iniciado - 2026-08-28 08:26:47
[28-Aug-2026 08:26:47 America/Mexico_City] Script finalizado - Tiempo de ejecución: 0.063s
[28-Aug-2026 09:01:06 America/Mexico_City] Sistema iniciado - 2026-08-28 09:01:06
[28-Aug-2026 09:01:06 America/Mexico_City] Script finalizado - Tiempo de ejecución: 0.075s
[28-Aug-2026 09:04:07 America/Mexico_City] Sistema iniciado - 2026-08-28 09:04:07
[28-Aug-2026 09:04:07 America/Mexico_City] Script finalizado - Tiempo de ejecución: 0.044s
[28-Aug-2026 09:04:24 America/Mexico_City] Sistema iniciado - 2026-08-28 09:04:24
[28-Aug-2026 09:04:24 America/Mexico_City] Script finalizado - Tiempo de ejecución: 0.053s
[28-Aug-2026 09:04:30 America/Mexico_City] Sistema iniciado - 2026-08-28 09:04:30
[28-Aug-2026 09:04:30 America/Mexico_City] Script finalizado - Tiempo de ejecución: 0.029s
[28-Aug-2026 09:04:37 America/Mexico_City] Sistema iniciado - 2026-08-28 09:04:37
[28-Aug-2026 09:04:37 America/Mexico_City] Script finalizado - Tiempo de ejecución: 0.067s
[28-Aug-2026 09:06:52 America/Mexico_City] Sistema iniciado - 2026-08-28 09:06:52
[28-Aug-2026 09:06:52 America/Mexico_City] Script finalizado - Tiempo de ejecución: 0.067s
[28-Aug-2026 09:07:09 America/Mexico_City] Sistema iniciado - 2026-08-28 09:07:09
[28-Aug-2026 09:07:09 America/Mexico_City] Script finalizado - Tiempo de ejecución: 0.043s
[28-Aug-2026 09:07:13 America/Mexico_City] Sistema iniciado - 2026-08-28 09:07:13
[28-Aug-2026 09:07:13 America/Mexico_City] Script finalizado - Tiempo de ejecución: 0.043s
[28-Aug-2026 11:07:22 America/Mexico_City] Sistema iniciado - 2026-08-28 11:07:22
[28-Aug-2026 11:07:23 America/Mexico_City] Script finalizado - Tiempo de ejecución: 0.414s
[28-Aug-2026 11:07:27 America/Mexico_City] Sistema iniciado - 2026-08-28 11:07:27
[28-Aug-2026 11:07:27 America/Mexico_City] Script finalizado - Tiempo de ejecución: 0.041s
[28-Aug-2026 11:07:41 America/Mexico_City] Sistema iniciado - 2026-08-28 11:07:41
[28-Aug-2026 11:07:41 America/Mexico_City] Script finalizado - Tiempo de ejecución: 0.045s
[28-Aug-2026 11:07:49 America/Mexico_City] Sistema iniciado - 2026-08-28 11:07:49
[28-Aug-2026 11:07:49 America/Mexico_City] Script finalizado - Tiempo de ejecución: 0.116s
[28-Aug-2026 11:07:53 America/Mexico_City] Sistema iniciado - 2026-08-28 11:07:53
[28-Aug-2026 11:07:54 America/Mexico_City] Script finalizado - Tiempo de ejecución: 0.046s
[28-Aug-2026 11:37:01 America/Mexico_City] Sistema iniciado - 2026-08-28 11:37:01
[28-Aug-2026 11:37:01 America/Mexico_City] Script finalizado - Tiempo de ejecución: 0.074s
[28-Aug-2026 11:37:20 America/Mexico_City] Sistema iniciado - 2026-08-28 11:37:20
[28-Aug-2026 11:37:21 America/Mexico_City] Script finalizado - Tiempo de ejecución: 0.042s
[28-Aug-2026 11:37:23 America/Mexico_City] Sistema iniciado - 2026-08-28 11:37:23
[28-Aug-2026 11:37:23 America/Mexico_City] Script finalizado - Tiempo de ejecución: 0.035s
[28-Aug-2026 11:38:31 America/Mexico_City] Sistema iniciado - 2026-08-28 11:38:31
[28-Aug-2026 11:38:31 America/Mexico_City] Script finalizado - Tiempo de ejecución: 0.05s
[28-Aug-2026 11:38:42 America/Mexico_City] Sistema iniciado - 2026-08-28 11:38:42
[28-Aug-2026 11:38:42 America/Mexico_City] Script finalizado - Tiempo de ejecución: 0.029s
[28-Aug-2026 11:38:52 America/Mexico_City] Sistema iniciado - 2026-08-28 11:38:52
[28-Aug-2026 11:38:52 America/Mexico_City] Script finalizado - Tiempo de ejecución: 0.029s
[31-Aug-2026 11:56:42 America/Mexico_City] Sistema iniciado - 2026-08-31 11:56:42
[31-Aug-2026 11:56:43 America/Mexico_City] Script finalizado - Tiempo de ejecución: 0.647s
[31-Aug-2026 11:56:43 America/Mexico_City] Sistema iniciado - 2026-08-31 11:56:43
[31-Aug-2026 11:56:43 America/Mexico_City] PHP Notice:  session_start(): Ignoring session_start() because a session is already active in C:\xampp\htdocs\Punto-de-venta\index.php on line 11
[31-Aug-2026 11:56:43 America/Mexico_City] Script finalizado - Tiempo de ejecución: 0.07s
[31-Aug-2026 11:56:43 America/Mexico_City] Sistema iniciado - 2026-08-31 11:56:43
[31-Aug-2026 11:56:43 America/Mexico_City] Script finalizado - Tiempo de ejecución: 0.149s
[31-Aug-2026 11:59:30 America/Mexico_City] Sistema iniciado - 2026-08-31 11:59:30
[31-Aug-2026 11:59:30 America/Mexico_City] Script finalizado - Tiempo de ejecución: 0.092s
[31-Aug-2026 12:03:46 America/Mexico_City] Sistema iniciado - 2026-08-31 12:03:46
[31-Aug-2026 12:03:46 America/Mexico_City] Script finalizado - Tiempo de ejecución: 0.059s
[01-Sep-2026 09:20:28 America/Mexico_City] Sistema iniciado - 2026-09-01 09:20:28
[01-Sep-2026 09:20:29 America/Mexico_City] Script finalizado - Tiempo de ejecución: 0.644s
[01-Sep-2026 09:20:29 America/Mexico_City] Sistema iniciado - 2026-09-01 09:20:29
[01-Sep-2026 09:20:29 America/Mexico_City] PHP Notice:  session_start(): Ignoring session_start() because a session is already active in C:\xampp\htdocs\Punto-de-venta\index.php on line 11
[01-Sep-2026 09:20:29 America/Mexico_City] Script finalizado - Tiempo de ejecución: 0.033s
[01-Sep-2026 09:20:29 America/Mexico_City] Sistema iniciado - 2026-09-01 09:20:29
[01-Sep-2026 09:20:29 America/Mexico_City] Script finalizado - Tiempo de ejecución: 0.067s
[01-Sep-2026 09:26:22 America/Mexico_City] Sistema iniciado - 2026-09-01 09:26:22
[01-Sep-2026 09:26:22 America/Mexico_City] PHP Notice:  session_start(): Ignoring session_start() because a session is already active in C:\xampp\htdocs\Punto-de-venta\index.php on line 11
[01-Sep-2026 09:26:22 America/Mexico_City] Script finalizado - Tiempo de ejecución: 0.052s
[01-Sep-2026 09:26:22 America/Mexico_City] Sistema iniciado - 2026-09-01 09:26:22
[01-Sep-2026 09:26:22 America/Mexico_City] Script finalizado - Tiempo de ejecución: 0.054s
[01-Sep-2026 09:39:29 America/Mexico_City] Sistema iniciado - 2026-09-01 09:39:29
[01-Sep-2026 09:39:29 America/Mexico_City] Error en login_process.php: Credenciales incorrectas o cuenta inactiva
[01-Sep-2026 09:39:29 America/Mexico_City] Script finalizado - Tiempo de ejecución: 0.641s
[01-Sep-2026 09:39:34 America/Mexico_City] Sistema iniciado - 2026-09-01 09:39:34
[01-Sep-2026 09:39:35 America/Mexico_City] Script finalizado - Tiempo de ejecución: 0.664s
[01-Sep-2026 09:39:35 America/Mexico_City] Sistema iniciado - 2026-09-01 09:39:35
[01-Sep-2026 09:39:35 America/Mexico_City] PHP Notice:  session_start(): Ignoring session_start() because a session is already active in C:\xampp\htdocs\Punto-de-venta\index.php on line 11
[01-Sep-2026 09:39:35 America/Mexico_City] Script finalizado - Tiempo de ejecución: 0.028s
[01-Sep-2026 09:39:35 America/Mexico_City] Sistema iniciado - 2026-09-01 09:39:35
[01-Sep-2026 09:39:35 America/Mexico_City] Script finalizado - Tiempo de ejecución: 0.048s
[01-Sep-2026 09:39:46 America/Mexico_City] Sistema iniciado - 2026-09-01 09:39:46
[01-Sep-2026 09:39:46 America/Mexico_City] Script finalizado - Tiempo de ejecución: 0.047s
[01-Sep-2026 09:39:55 America/Mexico_City] Sistema iniciado - 2026-09-01 09:39:55
[01-Sep-2026 09:39:55 America/Mexico_City] Script finalizado - Tiempo de ejecución: 0.068s
[01-Sep-2026 09:40:12 America/Mexico_City] Sistema iniciado - 2026-09-01 09:40:12
[01-Sep-2026 09:40:12 America/Mexico_City] Script finalizado - Tiempo de ejecución: 0.056s
[01-Sep-2026 09:40:37 America/Mexico_City] Sistema iniciado - 2026-09-01 09:40:37
[01-Sep-2026 09:40:37 America/Mexico_City] Script finalizado - Tiempo de ejecución: 0.033s
[01-Sep-2026 09:40:40 America/Mexico_City] Sistema iniciado - 2026-09-01 09:40:40
[01-Sep-2026 09:40:40 America/Mexico_City] Script finalizado - Tiempo de ejecución: 0.045s
[01-Sep-2026 09:40:52 America/Mexico_City] Sistema iniciado - 2026-09-01 09:40:52
[01-Sep-2026 09:40:52 America/Mexico_City] Script finalizado - Tiempo de ejecución: 0.064s
[01-Sep-2026 09:40:58 America/Mexico_City] Sistema iniciado - 2026-09-01 09:40:58
[01-Sep-2026 09:40:58 America/Mexico_City] PHP Deprecated:  number_format(): Passing null to parameter #1 ($num) of type float is deprecated in C:\xampp\htdocs\Punto-de-venta\views\reportes\index.php on line 232
[01-Sep-2026 09:40:58 America/Mexico_City] PHP Deprecated:  number_format(): Passing null to parameter #1 ($num) of type float is deprecated in C:\xampp\htdocs\Punto-de-venta\views\reportes\index.php on line 234
[01-Sep-2026 09:40:58 America/Mexico_City] PHP Deprecated:  number_format(): Passing null to parameter #1 ($num) of type float is deprecated in C:\xampp\htdocs\Punto-de-venta\views\reportes\index.php on line 232
[01-Sep-2026 09:40:58 America/Mexico_City] PHP Deprecated:  number_format(): Passing null to parameter #1 ($num) of type float is deprecated in C:\xampp\htdocs\Punto-de-venta\views\reportes\index.php on line 234
[01-Sep-2026 09:40:58 America/Mexico_City] Script finalizado - Tiempo de ejecución: 0.072s
[01-Sep-2026 09:43:36 America/Mexico_City] Sistema iniciado - 2026-09-01 09:43:36
[01-Sep-2026 09:43:36 America/Mexico_City] Script finalizado - Tiempo de ejecución: 0.048s
[01-Sep-2026 09:43:40 America/Mexico_City] Sistema iniciado - 2026-09-01 09:43:40
[01-Sep-2026 09:43:40 America/Mexico_City] Script finalizado - Tiempo de ejecución: 0.062s
[01-Sep-2026 09:54:45 America/Mexico_City] Sistema iniciado - 2026-09-01 09:54:45
[01-Sep-2026 09:54:45 America/Mexico_City] Script finalizado - Tiempo de ejecución: 0.191s
[01-Sep-2026 09:54:50 America/Mexico_City] Sistema iniciado - 2026-09-01 09:54:50
[01-Sep-2026 09:54:50 America/Mexico_City] Script finalizado - Tiempo de ejecución: 0.045s
[01-Sep-2026 09:54:53 America/Mexico_City] Sistema iniciado - 2026-09-01 09:54:53
[01-Sep-2026 09:54:53 America/Mexico_City] Script finalizado - Tiempo de ejecución: 0.065s
[01-Sep-2026 09:54:56 America/Mexico_City] Sistema iniciado - 2026-09-01 09:54:56
[01-Sep-2026 09:54:56 America/Mexico_City] Script finalizado - Tiempo de ejecución: 0.054s
[01-Sep-2026 09:54:59 America/Mexico_City] Sistema iniciado - 2026-09-01 09:54:59
[01-Sep-2026 09:54:59 America/Mexico_City] Script finalizado - Tiempo de ejecución: 0.046s
[01-Sep-2026 10:09:46 America/Mexico_City] Sistema iniciado - 2026-09-01 10:09:46
[01-Sep-2026 10:09:46 America/Mexico_City] Script finalizado - Tiempo de ejecución: 0.035s
[01-Sep-2026 10:32:17 America/Mexico_City] Sistema iniciado - 2026-09-01 10:32:17
[01-Sep-2026 10:32:17 America/Mexico_City] Script finalizado - Tiempo de ejecución: 0.033s
[01-Sep-2026 10:32:43 America/Mexico_City] Sistema iniciado - 2026-09-01 10:32:43
[01-Sep-2026 10:32:44 America/Mexico_City] Script finalizado - Tiempo de ejecución: 0.667s
[01-Sep-2026 10:32:44 America/Mexico_City] Sistema iniciado - 2026-09-01 10:32:44
[01-Sep-2026 10:32:44 America/Mexico_City] PHP Notice:  session_start(): Ignoring session_start() because a session is already active in C:\xampp\htdocs\Punto-de-venta\index.php on line 11
[01-Sep-2026 10:32:44 America/Mexico_City] Script finalizado - Tiempo de ejecución: 0.036s
[01-Sep-2026 10:32:44 America/Mexico_City] Sistema iniciado - 2026-09-01 10:32:44
[01-Sep-2026 10:32:44 America/Mexico_City] Script finalizado - Tiempo de ejecución: 0.065s
[01-Sep-2026 10:32:48 America/Mexico_City] Sistema iniciado - 2026-09-01 10:32:48
[01-Sep-2026 10:32:48 America/Mexico_City] Script finalizado - Tiempo de ejecución: 0.03s
[01-Sep-2026 10:32:55 America/Mexico_City] Sistema iniciado - 2026-09-01 10:32:55
[01-Sep-2026 10:32:55 America/Mexico_City] Script finalizado - Tiempo de ejecución: 0.021s
[01-Sep-2026 11:37:23 America/Mexico_City] Sistema iniciado - 2026-09-01 11:37:23
[01-Sep-2026 11:37:23 America/Mexico_City] Script finalizado - Tiempo de ejecución: 0.051s
[01-Sep-2026 11:37:32 America/Mexico_City] Sistema iniciado - 2026-09-01 11:37:32
[01-Sep-2026 11:37:32 America/Mexico_City] Script finalizado - Tiempo de ejecución: 0.029s
[01-Sep-2026 11:38:09 America/Mexico_City] Sistema iniciado - 2026-09-01 11:38:09
[01-Sep-2026 11:38:09 America/Mexico_City] Script finalizado - Tiempo de ejecución: 0.039s
[01-Sep-2026 11:38:09 America/Mexico_City] Sistema iniciado - 2026-09-01 11:38:09
[01-Sep-2026 11:38:09 America/Mexico_City] Script finalizado - Tiempo de ejecución: 0.047s
[01-Sep-2026 11:38:20 America/Mexico_City] Sistema iniciado - 2026-09-01 11:38:20
[01-Sep-2026 11:38:20 America/Mexico_City] Script finalizado - Tiempo de ejecución: 0.028s
[01-Sep-2026 11:46:16 America/Mexico_City] Sistema iniciado - 2026-09-01 11:46:16
[01-Sep-2026 11:46:16 America/Mexico_City] Script finalizado - Tiempo de ejecución: 0.06s
[01-Sep-2026 11:53:08 America/Mexico_City] Sistema iniciado - 2026-09-01 11:53:08
[01-Sep-2026 11:53:08 America/Mexico_City] Script finalizado - Tiempo de ejecución: 0.053s
[01-Sep-2026 12:11:11 America/Mexico_City] Sistema iniciado - 2026-09-01 12:11:11
[01-Sep-2026 12:11:11 America/Mexico_City] PHP Deprecated:  number_format(): Passing null to parameter #1 ($num) of type float is deprecated in C:\xampp\htdocs\Punto-de-venta\views\reportes\index.php on line 232
[01-Sep-2026 12:11:11 America/Mexico_City] PHP Deprecated:  number_format(): Passing null to parameter #1 ($num) of type float is deprecated in C:\xampp\htdocs\Punto-de-venta\views\reportes\index.php on line 234
[01-Sep-2026 12:11:11 America/Mexico_City] PHP Deprecated:  number_format(): Passing null to parameter #1 ($num) of type float is deprecated in C:\xampp\htdocs\Punto-de-venta\views\reportes\index.php on line 232
[01-Sep-2026 12:11:11 America/Mexico_City] PHP Deprecated:  number_format(): Passing null to parameter #1 ($num) of type float is deprecated in C:\xampp\htdocs\Punto-de-venta\views\reportes\index.php on line 234
[01-Sep-2026 12:11:11 America/Mexico_City] Script finalizado - Tiempo de ejecución: 0.111s
[01-Sep-2026 12:11:13 America/Mexico_City] Sistema iniciado - 2026-09-01 12:11:13
[01-Sep-2026 12:11:13 America/Mexico_City] Script finalizado - Tiempo de ejecución: 0.026s
[01-Sep-2026 12:11:18 America/Mexico_City] Sistema iniciado - 2026-09-01 12:11:18
[01-Sep-2026 12:11:18 America/Mexico_City] Script finalizado - Tiempo de ejecución: 0.054s
[01-Sep-2026 12:11:25 America/Mexico_City] Sistema iniciado - 2026-09-01 12:11:25
[01-Sep-2026 12:11:25 America/Mexico_City] Script finalizado - Tiempo de ejecución: 0.041s
[01-Sep-2026 12:11:30 America/Mexico_City] Sistema iniciado - 2026-09-01 12:11:30
[01-Sep-2026 12:11:30 America/Mexico_City] Script finalizado - Tiempo de ejecución: 0.063s
[01-Sep-2026 12:11:33 America/Mexico_City] Sistema iniciado - 2026-09-01 12:11:33
[01-Sep-2026 12:11:33 America/Mexico_City] Script finalizado - Tiempo de ejecución: 0.047s
[01-Sep-2026 12:12:04 America/Mexico_City] Sistema iniciado - 2026-09-01 12:12:04
[01-Sep-2026 12:12:04 America/Mexico_City] Script finalizado - Tiempo de ejecución: 0.033s
[01-Sep-2026 12:12:11 America/Mexico_City] Sistema iniciado - 2026-09-01 12:12:11
[01-Sep-2026 12:12:11 America/Mexico_City] Script finalizado - Tiempo de ejecución: 0.055s
[01-Sep-2026 12:15:08 America/Mexico_City] Sistema iniciado - 2026-09-01 12:15:08
[01-Sep-2026 12:15:08 America/Mexico_City] Script finalizado - Tiempo de ejecución: 0.045s
[01-Sep-2026 12:15:18 America/Mexico_City] Sistema iniciado - 2026-09-01 12:15:18
[01-Sep-2026 12:15:18 America/Mexico_City] Script finalizado - Tiempo de ejecución: 0.039s
[01-Sep-2026 12:15:42 America/Mexico_City] Sistema iniciado - 2026-09-01 12:15:42
[01-Sep-2026 12:15:42 America/Mexico_City] Script finalizado - Tiempo de ejecución: 0.029s
[01-Sep-2026 12:15:43 America/Mexico_City] Sistema iniciado - 2026-09-01 12:15:43
[01-Sep-2026 12:15:43 America/Mexico_City] Script finalizado - Tiempo de ejecución: 0.021s
[01-Sep-2026 12:16:19 America/Mexico_City] Sistema iniciado - 2026-09-01 12:16:19
[01-Sep-2026 12:16:19 America/Mexico_City] Script finalizado - Tiempo de ejecución: 0.05s
[01-Sep-2026 12:16:45 America/Mexico_City] Sistema iniciado - 2026-09-01 12:16:45
[01-Sep-2026 12:16:45 America/Mexico_City] Script finalizado - Tiempo de ejecución: 0.031s
[01-Sep-2026 12:16:48 America/Mexico_City] Sistema iniciado - 2026-09-01 12:16:48
[01-Sep-2026 12:16:48 America/Mexico_City] Script finalizado - Tiempo de ejecución: 0.053s
[01-Sep-2026 12:18:38 America/Mexico_City] Sistema iniciado - 2026-09-01 12:18:38
[01-Sep-2026 12:18:38 America/Mexico_City] PHP Deprecated:  number_format(): Passing null to parameter #1 ($num) of type float is deprecated in C:\xampp\htdocs\Punto-de-venta\views\reportes\index.php on line 232
[01-Sep-2026 12:18:38 America/Mexico_City] PHP Deprecated:  number_format(): Passing null to parameter #1 ($num) of type float is deprecated in C:\xampp\htdocs\Punto-de-venta\views\reportes\index.php on line 234
[01-Sep-2026 12:18:38 America/Mexico_City] PHP Deprecated:  number_format(): Passing null to parameter #1 ($num) of type float is deprecated in C:\xampp\htdocs\Punto-de-venta\views\reportes\index.php on line 232
[01-Sep-2026 12:18:38 America/Mexico_City] PHP Deprecated:  number_format(): Passing null to parameter #1 ($num) of type float is deprecated in C:\xampp\htdocs\Punto-de-venta\views\reportes\index.php on line 234
[01-Sep-2026 12:18:38 America/Mexico_City] Script finalizado - Tiempo de ejecución: 0.09s
[01-Sep-2026 12:18:40 America/Mexico_City] Sistema iniciado - 2026-09-01 12:18:40
[01-Sep-2026 12:18:40 America/Mexico_City] Script finalizado - Tiempo de ejecución: 0.06s
[01-Sep-2026 12:18:41 America/Mexico_City] Sistema iniciado - 2026-09-01 12:18:41
[01-Sep-2026 12:18:41 America/Mexico_City] Script finalizado - Tiempo de ejecución: 0.023s
[01-Sep-2026 12:18:59 America/Mexico_City] Sistema iniciado - 2026-09-01 12:18:59
[01-Sep-2026 12:18:59 America/Mexico_City] Script finalizado - Tiempo de ejecución: 0.045s
[01-Sep-2026 12:19:02 America/Mexico_City] Sistema iniciado - 2026-09-01 12:19:02
[01-Sep-2026 12:19:02 America/Mexico_City] Script finalizado - Tiempo de ejecución: 0.037s
[01-Sep-2026 12:19:03 America/Mexico_City] Sistema iniciado - 2026-09-01 12:19:03
[01-Sep-2026 12:19:03 America/Mexico_City] Script finalizado - Tiempo de ejecución: 0.068s
[01-Sep-2026 12:19:11 America/Mexico_City] Sistema iniciado - 2026-09-01 12:19:11
[01-Sep-2026 12:19:11 America/Mexico_City] Script finalizado - Tiempo de ejecución: 0.08s
[01-Sep-2026 12:19:13 America/Mexico_City] Sistema iniciado - 2026-09-01 12:19:13
[01-Sep-2026 12:19:13 America/Mexico_City] Script finalizado - Tiempo de ejecución: 0.045s
[01-Sep-2026 12:19:18 America/Mexico_City] Sistema iniciado - 2026-09-01 12:19:18
[01-Sep-2026 12:19:18 America/Mexico_City] Script finalizado - Tiempo de ejecución: 0.028s
[01-Sep-2026 12:19:21 America/Mexico_City] Sistema iniciado - 2026-09-01 12:19:21
[01-Sep-2026 12:19:21 America/Mexico_City] Script finalizado - Tiempo de ejecución: 0.034s
[01-Sep-2026 12:19:56 America/Mexico_City] Sistema iniciado - 2026-09-01 12:19:56
[01-Sep-2026 12:19:56 America/Mexico_City] Script finalizado - Tiempo de ejecución: 0.027s
[01-Sep-2026 12:19:59 America/Mexico_City] Sistema iniciado - 2026-09-01 12:19:59
[01-Sep-2026 12:19:59 America/Mexico_City] Script finalizado - Tiempo de ejecución: 0.025s
[01-Sep-2026 12:20:02 America/Mexico_City] Sistema iniciado - 2026-09-01 12:20:02
[01-Sep-2026 12:20:02 America/Mexico_City] Script finalizado - Tiempo de ejecución: 0.02s
[01-Sep-2026 12:20:05 America/Mexico_City] Sistema iniciado - 2026-09-01 12:20:05
[01-Sep-2026 12:20:05 America/Mexico_City] Script finalizado - Tiempo de ejecución: 0.018s
[01-Sep-2026 12:20:15 America/Mexico_City] Sistema iniciado - 2026-09-01 12:20:15
[01-Sep-2026 12:20:15 America/Mexico_City] Script finalizado - Tiempo de ejecución: 0.046s
[01-Sep-2026 12:20:33 America/Mexico_City] Sistema iniciado - 2026-09-01 12:20:33
[01-Sep-2026 12:20:34 America/Mexico_City] Script finalizado - Tiempo de ejecución: 0.053s
[01-Sep-2026 12:20:35 America/Mexico_City] Sistema iniciado - 2026-09-01 12:20:35
[01-Sep-2026 12:20:35 America/Mexico_City] Script finalizado - Tiempo de ejecución: 0.033s
[01-Sep-2026 12:20:57 America/Mexico_City] Sistema iniciado - 2026-09-01 12:20:57
[01-Sep-2026 12:20:57 America/Mexico_City] Script finalizado - Tiempo de ejecución: 0.02s
[01-Sep-2026 12:21:01 America/Mexico_City] Sistema iniciado - 2026-09-01 12:21:01
[01-Sep-2026 12:21:01 America/Mexico_City] Script finalizado - Tiempo de ejecución: 0.054s
[01-Sep-2026 12:21:05 America/Mexico_City] Sistema iniciado - 2026-09-01 12:21:05
[01-Sep-2026 12:21:05 America/Mexico_City] Script finalizado - Tiempo de ejecución: 0.061s
[01-Sep-2026 12:21:16 America/Mexico_City] Sistema iniciado - 2026-09-01 12:21:16
[01-Sep-2026 12:21:16 America/Mexico_City] Script finalizado - Tiempo de ejecución: 0.042s
[01-Sep-2026 12:21:17 America/Mexico_City] Sistema iniciado - 2026-09-01 12:21:17
[01-Sep-2026 12:21:17 America/Mexico_City] Script finalizado - Tiempo de ejecución: 0.036s
[01-Sep-2026 12:21:28 America/Mexico_City] Sistema iniciado - 2026-09-01 12:21:28
[01-Sep-2026 12:21:28 America/Mexico_City] Script finalizado - Tiempo de ejecución: 0.051s
[01-Sep-2026 13:00:03 America/Mexico_City] Sistema iniciado - 2026-09-01 13:00:03
[01-Sep-2026 13:00:03 America/Mexico_City] Script finalizado - Tiempo de ejecución: 0.035s
[01-Sep-2026 13:00:22 America/Mexico_City] Sistema iniciado - 2026-09-01 13:00:22
[01-Sep-2026 13:00:22 America/Mexico_City] Script finalizado - Tiempo de ejecución: 0.059s
[01-Sep-2026 13:00:24 America/Mexico_City] Sistema iniciado - 2026-09-01 13:00:24
[01-Sep-2026 13:00:24 America/Mexico_City] Script finalizado - Tiempo de ejecución: 0.047s
[01-Sep-2026 13:02:52 America/Mexico_City] Sistema iniciado - 2026-09-01 13:02:52
[01-Sep-2026 13:02:52 America/Mexico_City] Script finalizado - Tiempo de ejecución: 0.072s
[01-Sep-2026 13:02:55 America/Mexico_City] Sistema iniciado - 2026-09-01 13:02:55
[01-Sep-2026 13:02:55 America/Mexico_City] Script finalizado - Tiempo de ejecución: 0.029s
[01-Sep-2026 13:02:57 America/Mexico_City] Sistema iniciado - 2026-09-01 13:02:57
[01-Sep-2026 13:02:57 America/Mexico_City] Script finalizado - Tiempo de ejecución: 0.026s
[01-Sep-2026 13:03:00 America/Mexico_City] Sistema iniciado - 2026-09-01 13:03:00
[01-Sep-2026 13:03:00 America/Mexico_City] Script finalizado - Tiempo de ejecución: 0.023s
[01-Sep-2026 13:03:01 America/Mexico_City] Sistema iniciado - 2026-09-01 13:03:01
[01-Sep-2026 13:03:01 America/Mexico_City] Script finalizado - Tiempo de ejecución: 0.059s
[01-Sep-2026 13:03:01 America/Mexico_City] Sistema iniciado - 2026-09-01 13:03:01
[01-Sep-2026 13:03:01 America/Mexico_City] Script finalizado - Tiempo de ejecución: 0.052s
[01-Sep-2026 16:17:30 America/Mexico_City] Sistema iniciado - 2026-09-01 16:17:30
[01-Sep-2026 16:17:31 America/Mexico_City] Script finalizado - Tiempo de ejecución: 0.712s
[01-Sep-2026 16:17:31 America/Mexico_City] Sistema iniciado - 2026-09-01 16:17:31
[01-Sep-2026 16:17:31 America/Mexico_City] PHP Notice:  session_start(): Ignoring session_start() because a session is already active in C:\xampp\htdocs\Punto-de-venta\index.php on line 11
[01-Sep-2026 16:17:31 America/Mexico_City] Script finalizado - Tiempo de ejecución: 0.04s
[01-Sep-2026 16:17:31 America/Mexico_City] Sistema iniciado - 2026-09-01 16:17:31
[01-Sep-2026 16:17:31 America/Mexico_City] Script finalizado - Tiempo de ejecución: 0.039s
[02-Sep-2026 09:22:13 America/Mexico_City] Sistema iniciado - 2026-09-02 09:22:13
[02-Sep-2026 09:22:13 America/Mexico_City] Script finalizado - Tiempo de ejecución: 0.512s
[02-Sep-2026 09:22:13 America/Mexico_City] Sistema iniciado - 2026-09-02 09:22:13
[02-Sep-2026 09:22:14 America/Mexico_City] PHP Notice:  session_start(): Ignoring session_start() because a session is already active in C:\xampp\htdocs\Punto-de-venta\index.php on line 11
[02-Sep-2026 09:22:14 America/Mexico_City] Script finalizado - Tiempo de ejecución: 0.035s
[02-Sep-2026 09:22:14 America/Mexico_City] Sistema iniciado - 2026-09-02 09:22:14
[02-Sep-2026 09:22:14 America/Mexico_City] Script finalizado - Tiempo de ejecución: 0.047s
[02-Sep-2026 11:47:06 America/Mexico_City] Sistema iniciado - 2026-09-02 11:47:06
[02-Sep-2026 11:47:07 America/Mexico_City] Script finalizado - Tiempo de ejecución: 0.77s
[02-Sep-2026 11:47:07 America/Mexico_City] Sistema iniciado - 2026-09-02 11:47:07
[02-Sep-2026 11:47:07 America/Mexico_City] PHP Notice:  session_start(): Ignoring session_start() because a session is already active in C:\xampp\htdocs\Punto-de-venta\index.php on line 11
[02-Sep-2026 11:47:07 America/Mexico_City] Script finalizado - Tiempo de ejecución: 0.06s
[02-Sep-2026 11:47:07 America/Mexico_City] Sistema iniciado - 2026-09-02 11:47:07
[02-Sep-2026 11:47:07 America/Mexico_City] Script finalizado - Tiempo de ejecución: 0.114s
[02-Sep-2026 12:07:41 America/Mexico_City] Sistema iniciado - 2026-09-02 12:07:41
[02-Sep-2026 12:07:41 America/Mexico_City] Script finalizado - Tiempo de ejecución: 0.032s
[02-Sep-2026 12:07:49 America/Mexico_City] Sistema iniciado - 2026-09-02 12:07:49
[02-Sep-2026 12:07:49 America/Mexico_City] Script finalizado - Tiempo de ejecución: 0.082s
[02-Sep-2026 12:08:06 America/Mexico_City] Sistema iniciado - 2026-09-02 12:08:06
[02-Sep-2026 12:08:06 America/Mexico_City] Script finalizado - Tiempo de ejecución: 0.024s
[02-Sep-2026 12:08:09 America/Mexico_City] Sistema iniciado - 2026-09-02 12:08:09
[02-Sep-2026 12:08:09 America/Mexico_City] Script finalizado - Tiempo de ejecución: 0.026s
[02-Sep-2026 12:19:12 America/Mexico_City] Sistema iniciado - 2026-09-02 12:19:12
[02-Sep-2026 12:19:12 America/Mexico_City] Script finalizado - Tiempo de ejecución: 0.061s
[02-Sep-2026 12:19:16 America/Mexico_City] Sistema iniciado - 2026-09-02 12:19:16
[02-Sep-2026 12:19:16 America/Mexico_City] Script finalizado - Tiempo de ejecución: 0.051s
[02-Sep-2026 13:04:02 America/Mexico_City] Sistema iniciado - 2026-09-02 13:04:02
[02-Sep-2026 13:04:02 America/Mexico_City] Script finalizado - Tiempo de ejecución: 0.053s
[02-Sep-2026 13:04:14 America/Mexico_City] Sistema iniciado - 2026-09-02 13:04:14
[02-Sep-2026 13:04:14 America/Mexico_City] Script finalizado - Tiempo de ejecución: 0.071s
[02-Sep-2026 15:15:33 America/Mexico_City] Sistema iniciado - 2026-09-02 15:15:33
[02-Sep-2026 15:15:33 America/Mexico_City] Script finalizado - Tiempo de ejecución: 0.069s
[02-Sep-2026 15:48:54 America/Mexico_City] Sistema iniciado - 2026-09-02 15:48:54
[02-Sep-2026 15:48:54 America/Mexico_City] Error en login_process.php: Credenciales incorrectas o cuenta inactiva
[02-Sep-2026 15:48:54 America/Mexico_City] Script finalizado - Tiempo de ejecución: 0.542s
[02-Sep-2026 15:48:57 America/Mexico_City] Sistema iniciado - 2026-09-02 15:48:57
[02-Sep-2026 15:48:57 America/Mexico_City] Error en login_process.php: Credenciales incorrectas o cuenta inactiva
[02-Sep-2026 15:48:57 America/Mexico_City] Script finalizado - Tiempo de ejecución: 0.577s
[02-Sep-2026 15:49:20 America/Mexico_City] Sistema iniciado - 2026-09-02 15:49:20
[02-Sep-2026 15:49:20 America/Mexico_City] Error en login_process.php: Credenciales incorrectas o cuenta inactiva
[02-Sep-2026 15:49:20 America/Mexico_City] Script finalizado - Tiempo de ejecución: 0.513s
[02-Sep-2026 15:49:27 America/Mexico_City] Sistema iniciado - 2026-09-02 15:49:27
[02-Sep-2026 15:49:28 America/Mexico_City] Script finalizado - Tiempo de ejecución: 0.587s
[02-Sep-2026 15:49:28 America/Mexico_City] Sistema iniciado - 2026-09-02 15:49:28
[02-Sep-2026 15:49:28 America/Mexico_City] PHP Notice:  session_start(): Ignoring session_start() because a session is already active in C:\xampp\htdocs\Punto-de-venta\index.php on line 11
[02-Sep-2026 15:49:28 America/Mexico_City] Script finalizado - Tiempo de ejecución: 0.031s
[02-Sep-2026 15:49:28 America/Mexico_City] Sistema iniciado - 2026-09-02 15:49:28
[02-Sep-2026 15:49:28 America/Mexico_City] Script finalizado - Tiempo de ejecución: 0.051s
[02-Sep-2026 15:50:00 America/Mexico_City] Sistema iniciado - 2026-09-02 15:50:00
[02-Sep-2026 15:50:00 America/Mexico_City] Script finalizado - Tiempo de ejecución: 0.045s
[02-Sep-2026 15:51:21 America/Mexico_City] Sistema iniciado - 2026-09-02 15:51:21
[02-Sep-2026 15:51:21 America/Mexico_City] Script finalizado - Tiempo de ejecución: 0.04s
[02-Sep-2026 15:51:34 America/Mexico_City] Sistema iniciado - 2026-09-02 15:51:34
[02-Sep-2026 15:51:34 America/Mexico_City] Script finalizado - Tiempo de ejecución: 0.049s
[02-Sep-2026 15:51:46 America/Mexico_City] Sistema iniciado - 2026-09-02 15:51:46
[02-Sep-2026 15:51:46 America/Mexico_City] Script finalizado - Tiempo de ejecución: 0.026s
[02-Sep-2026 15:57:44 America/Mexico_City] Sistema iniciado - 2026-09-02 15:57:44
[02-Sep-2026 15:57:44 America/Mexico_City] Script finalizado - Tiempo de ejecución: 0.04s
[02-Sep-2026 15:57:55 America/Mexico_City] Sistema iniciado - 2026-09-02 15:57:55
[02-Sep-2026 15:57:55 America/Mexico_City] PHP Deprecated:  number_format(): Passing null to parameter #1 ($num) of type float is deprecated in C:\xampp\htdocs\Punto-de-venta\views\reportes\index.php on line 232
[02-Sep-2026 15:57:55 America/Mexico_City] PHP Deprecated:  number_format(): Passing null to parameter #1 ($num) of type float is deprecated in C:\xampp\htdocs\Punto-de-venta\views\reportes\index.php on line 234
[02-Sep-2026 15:57:55 America/Mexico_City] PHP Deprecated:  number_format(): Passing null to parameter #1 ($num) of type float is deprecated in C:\xampp\htdocs\Punto-de-venta\views\reportes\index.php on line 232
[02-Sep-2026 15:57:55 America/Mexico_City] PHP Deprecated:  number_format(): Passing null to parameter #1 ($num) of type float is deprecated in C:\xampp\htdocs\Punto-de-venta\views\reportes\index.php on line 234
[02-Sep-2026 15:57:55 America/Mexico_City] Script finalizado - Tiempo de ejecución: 0.079s
[02-Sep-2026 15:58:00 America/Mexico_City] Sistema iniciado - 2026-09-02 15:58:00
[02-Sep-2026 15:58:00 America/Mexico_City] Script finalizado - Tiempo de ejecución: 0.064s
[02-Sep-2026 15:58:05 America/Mexico_City] Sistema iniciado - 2026-09-02 15:58:05
[02-Sep-2026 15:58:05 America/Mexico_City] Script finalizado - Tiempo de ejecución: 0.034s
[02-Sep-2026 15:58:18 America/Mexico_City] Sistema iniciado - 2026-09-02 15:58:18
[02-Sep-2026 15:58:18 America/Mexico_City] Script finalizado - Tiempo de ejecución: 0.042s
[02-Sep-2026 15:59:11 America/Mexico_City] Sistema iniciado - 2026-09-02 15:59:11
[02-Sep-2026 15:59:11 America/Mexico_City] Script finalizado - Tiempo de ejecución: 0.545s
[02-Sep-2026 15:59:12 America/Mexico_City] Sistema iniciado - 2026-09-02 15:59:12
[02-Sep-2026 15:59:12 America/Mexico_City] PHP Notice:  session_start(): Ignoring session_start() because a session is already active in C:\xampp\htdocs\Punto-de-venta\index.php on line 11
[02-Sep-2026 15:59:12 America/Mexico_City] Script finalizado - Tiempo de ejecución: 0.049s
[02-Sep-2026 15:59:12 America/Mexico_City] Sistema iniciado - 2026-09-02 15:59:12
[02-Sep-2026 15:59:12 America/Mexico_City] Script finalizado - Tiempo de ejecución: 0.052s
[02-Sep-2026 16:07:28 America/Mexico_City] Sistema iniciado - 2026-09-02 16:07:28
[02-Sep-2026 16:07:28 America/Mexico_City] Script finalizado - Tiempo de ejecución: 0.051s
[02-Sep-2026 16:07:30 America/Mexico_City] Sistema iniciado - 2026-09-02 16:07:30
[02-Sep-2026 16:07:30 America/Mexico_City] Script finalizado - Tiempo de ejecución: 0.041s
[02-Sep-2026 16:08:09 America/Mexico_City] Sistema iniciado - 2026-09-02 16:08:09
[02-Sep-2026 16:08:09 America/Mexico_City] Script finalizado - Tiempo de ejecución: 0.032s
[02-Sep-2026 16:08:15 America/Mexico_City] Sistema iniciado - 2026-09-02 16:08:15
[02-Sep-2026 16:08:15 America/Mexico_City] Script finalizado - Tiempo de ejecución: 0.05s
[02-Sep-2026 16:12:10 America/Mexico_City] Sistema iniciado - 2026-09-02 16:12:10
[02-Sep-2026 16:12:10 America/Mexico_City] Script finalizado - Tiempo de ejecución: 0.048s
[02-Sep-2026 16:12:12 America/Mexico_City] Sistema iniciado - 2026-09-02 16:12:12
[02-Sep-2026 16:12:12 America/Mexico_City] Script finalizado - Tiempo de ejecución: 0.021s
[02-Sep-2026 16:12:30 America/Mexico_City] Sistema iniciado - 2026-09-02 16:12:30
[02-Sep-2026 16:12:30 America/Mexico_City] PHP Deprecated:  number_format(): Passing null to parameter #1 ($num) of type float is deprecated in C:\xampp\htdocs\Punto-de-venta\views\reportes\index.php on line 232
[02-Sep-2026 16:12:30 America/Mexico_City] PHP Deprecated:  number_format(): Passing null to parameter #1 ($num) of type float is deprecated in C:\xampp\htdocs\Punto-de-venta\views\reportes\index.php on line 234
[02-Sep-2026 16:12:30 America/Mexico_City] Script finalizado - Tiempo de ejecución: 0.041s
[02-Sep-2026 16:12:48 America/Mexico_City] Sistema iniciado - 2026-09-02 16:12:48
[02-Sep-2026 16:12:48 America/Mexico_City] Script finalizado - Tiempo de ejecución: 0.031s
[02-Sep-2026 16:13:10 America/Mexico_City] Sistema iniciado - 2026-09-02 16:13:10
[02-Sep-2026 16:13:10 America/Mexico_City] Script finalizado - Tiempo de ejecución: 0.032s
[02-Sep-2026 16:13:55 America/Mexico_City] Sistema iniciado - 2026-09-02 16:13:55
[02-Sep-2026 16:13:55 America/Mexico_City] Script finalizado - Tiempo de ejecución: 0.028s
[02-Sep-2026 16:14:15 America/Mexico_City] Sistema iniciado - 2026-09-02 16:14:15
[02-Sep-2026 16:14:15 America/Mexico_City] Script finalizado - Tiempo de ejecución: 0.068s
[02-Sep-2026 16:14:17 America/Mexico_City] Sistema iniciado - 2026-09-02 16:14:17
[02-Sep-2026 16:14:17 America/Mexico_City] Script finalizado - Tiempo de ejecución: 0.048s
[02-Sep-2026 16:14:22 America/Mexico_City] Sistema iniciado - 2026-09-02 16:14:22
[02-Sep-2026 16:14:22 America/Mexico_City] Script finalizado - Tiempo de ejecución: 0.052s
[02-Sep-2026 16:14:37 America/Mexico_City] Sistema iniciado - 2026-09-02 16:14:37
[02-Sep-2026 16:14:37 America/Mexico_City] Script finalizado - Tiempo de ejecución: 0.044s
[02-Sep-2026 16:14:45 America/Mexico_City] Sistema iniciado - 2026-09-02 16:14:45
[02-Sep-2026 16:14:45 America/Mexico_City] Script finalizado - Tiempo de ejecución: 0.021s
[02-Sep-2026 16:15:06 America/Mexico_City] Sistema iniciado - 2026-09-02 16:15:06
[02-Sep-2026 16:15:06 America/Mexico_City] Script finalizado - Tiempo de ejecución: 0.05s
[02-Sep-2026 16:15:09 America/Mexico_City] Sistema iniciado - 2026-09-02 16:15:09
[02-Sep-2026 16:15:09 America/Mexico_City] Script finalizado - Tiempo de ejecución: 0.028s
[02-Sep-2026 16:15:13 America/Mexico_City] Sistema iniciado - 2026-09-02 16:15:13
[02-Sep-2026 16:15:13 America/Mexico_City] Script finalizado - Tiempo de ejecución: 0.04s
[02-Sep-2026 16:15:27 America/Mexico_City] Sistema iniciado - 2026-09-02 16:15:27
[02-Sep-2026 16:15:27 America/Mexico_City] Script finalizado - Tiempo de ejecución: 0.024s
[02-Sep-2026 16:15:39 America/Mexico_City] Sistema iniciado - 2026-09-02 16:15:39
[02-Sep-2026 16:15:39 America/Mexico_City] Script finalizado - Tiempo de ejecución: 0.028s
[02-Sep-2026 16:15:41 America/Mexico_City] Sistema iniciado - 2026-09-02 16:15:41
[02-Sep-2026 16:15:41 America/Mexico_City] Script finalizado - Tiempo de ejecución: 0.043s
[02-Sep-2026 16:15:49 America/Mexico_City] Sistema iniciado - 2026-09-02 16:15:49
[02-Sep-2026 16:15:49 America/Mexico_City] Script finalizado - Tiempo de ejecución: 0.018s
[02-Sep-2026 16:16:00 America/Mexico_City] Sistema iniciado - 2026-09-02 16:16:00
[02-Sep-2026 16:16:00 America/Mexico_City] Script finalizado - Tiempo de ejecución: 0.032s
[02-Sep-2026 16:16:02 America/Mexico_City] Sistema iniciado - 2026-09-02 16:16:02
[02-Sep-2026 16:16:02 America/Mexico_City] Script finalizado - Tiempo de ejecución: 0.023s
[02-Sep-2026 16:16:04 America/Mexico_City] Sistema iniciado - 2026-09-02 16:16:04
[02-Sep-2026 16:16:04 America/Mexico_City] Script finalizado - Tiempo de ejecución: 0.033s
[02-Sep-2026 16:16:12 America/Mexico_City] Sistema iniciado - 2026-09-02 16:16:12
[02-Sep-2026 16:16:12 America/Mexico_City] Script finalizado - Tiempo de ejecución: 0.031s
[02-Sep-2026 16:16:20 America/Mexico_City] Sistema iniciado - 2026-09-02 16:16:20
[02-Sep-2026 16:16:20 America/Mexico_City] Script finalizado - Tiempo de ejecución: 0.078s
[02-Sep-2026 16:16:22 America/Mexico_City] Sistema iniciado - 2026-09-02 16:16:22
[02-Sep-2026 16:16:22 America/Mexico_City] Script finalizado - Tiempo de ejecución: 0.034s
[02-Sep-2026 16:16:24 America/Mexico_City] Sistema iniciado - 2026-09-02 16:16:24
[02-Sep-2026 16:16:24 America/Mexico_City] Script finalizado - Tiempo de ejecución: 0.03s
[02-Sep-2026 16:16:32 America/Mexico_City] Sistema iniciado - 2026-09-02 16:16:32
[02-Sep-2026 16:16:32 America/Mexico_City] Script finalizado - Tiempo de ejecución: 0.039s
[02-Sep-2026 16:16:42 America/Mexico_City] Sistema iniciado - 2026-09-02 16:16:42
[02-Sep-2026 16:16:42 America/Mexico_City] Script finalizado - Tiempo de ejecución: 0.086s
[02-Sep-2026 16:16:44 America/Mexico_City] Sistema iniciado - 2026-09-02 16:16:44
[02-Sep-2026 16:16:44 America/Mexico_City] Script finalizado - Tiempo de ejecución: 0.026s
[02-Sep-2026 16:16:47 America/Mexico_City] Sistema iniciado - 2026-09-02 16:16:47
[02-Sep-2026 16:16:47 America/Mexico_City] Script finalizado - Tiempo de ejecución: 0.029s
[02-Sep-2026 16:17:04 America/Mexico_City] Sistema iniciado - 2026-09-02 16:17:04
[02-Sep-2026 16:17:04 America/Mexico_City] Script finalizado - Tiempo de ejecución: 0.021s
[02-Sep-2026 16:17:25 America/Mexico_City] Sistema iniciado - 2026-09-02 16:17:25
[02-Sep-2026 16:17:25 America/Mexico_City] Script finalizado - Tiempo de ejecución: 0.072s
[02-Sep-2026 16:17:26 America/Mexico_City] Sistema iniciado - 2026-09-02 16:17:26
[02-Sep-2026 16:17:26 America/Mexico_City] Script finalizado - Tiempo de ejecución: 0.033s
[02-Sep-2026 16:43:36 America/Mexico_City] Sistema iniciado - 2026-09-02 16:43:36
[02-Sep-2026 16:43:36 America/Mexico_City] Script finalizado - Tiempo de ejecución: 0.032s
[02-Sep-2026 16:43:55 America/Mexico_City] Sistema iniciado - 2026-09-02 16:43:55
[02-Sep-2026 16:43:55 America/Mexico_City] Script finalizado - Tiempo de ejecución: 0.027s
[02-Sep-2026 16:43:57 America/Mexico_City] Sistema iniciado - 2026-09-02 16:43:57
[02-Sep-2026 16:43:57 America/Mexico_City] Script finalizado - Tiempo de ejecución: 0.023s
[02-Sep-2026 16:44:50 America/Mexico_City] Sistema iniciado - 2026-09-02 16:44:50
[02-Sep-2026 16:44:50 America/Mexico_City] PHP Deprecated:  number_format(): Passing null to parameter #1 ($num) of type float is deprecated in C:\xampp\htdocs\Punto-de-venta\views\reportes\index.php on line 232
[02-Sep-2026 16:44:50 America/Mexico_City] PHP Deprecated:  number_format(): Passing null to parameter #1 ($num) of type float is deprecated in C:\xampp\htdocs\Punto-de-venta\views\reportes\index.php on line 234
[02-Sep-2026 16:44:50 America/Mexico_City] Script finalizado - Tiempo de ejecución: 0.054s
[02-Sep-2026 16:44:53 America/Mexico_City] Sistema iniciado - 2026-09-02 16:44:53
[02-Sep-2026 16:44:53 America/Mexico_City] PHP Deprecated:  number_format(): Passing null to parameter #1 ($num) of type float is deprecated in C:\xampp\htdocs\Punto-de-venta\views\reportes\index.php on line 232
[02-Sep-2026 16:44:53 America/Mexico_City] PHP Deprecated:  number_format(): Passing null to parameter #1 ($num) of type float is deprecated in C:\xampp\htdocs\Punto-de-venta\views\reportes\index.php on line 234
[02-Sep-2026 16:44:53 America/Mexico_City] Script finalizado - Tiempo de ejecución: 0.031s
[02-Sep-2026 16:44:57 America/Mexico_City] Sistema iniciado - 2026-09-02 16:44:57
[02-Sep-2026 16:44:57 America/Mexico_City] Script finalizado - Tiempo de ejecución: 0.024s
[02-Sep-2026 16:45:07 America/Mexico_City] Sistema iniciado - 2026-09-02 16:45:07
[02-Sep-2026 16:45:07 America/Mexico_City] Script finalizado - Tiempo de ejecución: 0.037s
[02-Sep-2026 16:45:12 America/Mexico_City] Sistema iniciado - 2026-09-02 16:45:12
[02-Sep-2026 16:45:13 America/Mexico_City] Script finalizado - Tiempo de ejecución: 0.026s
[02-Sep-2026 16:45:23 America/Mexico_City] Sistema iniciado - 2026-09-02 16:45:23
[02-Sep-2026 16:45:24 America/Mexico_City] Script finalizado - Tiempo de ejecución: 0.033s
[02-Sep-2026 16:45:25 America/Mexico_City] Sistema iniciado - 2026-09-02 16:45:25
[02-Sep-2026 16:45:25 America/Mexico_City] Script finalizado - Tiempo de ejecución: 0.02s
[02-Sep-2026 16:45:32 America/Mexico_City] Sistema iniciado - 2026-09-02 16:45:32
[02-Sep-2026 16:45:32 America/Mexico_City] Script finalizado - Tiempo de ejecución: 0.035s
[02-Sep-2026 16:45:35 America/Mexico_City] Sistema iniciado - 2026-09-02 16:45:35
[02-Sep-2026 16:45:35 America/Mexico_City] Script finalizado - Tiempo de ejecución: 0.035s
[02-Sep-2026 16:45:36 America/Mexico_City] Sistema iniciado - 2026-09-02 16:45:36
[02-Sep-2026 16:45:36 America/Mexico_City] Script finalizado - Tiempo de ejecución: 0.028s
[02-Sep-2026 16:45:39 America/Mexico_City] Sistema iniciado - 2026-09-02 16:45:39
[02-Sep-2026 16:45:39 America/Mexico_City] Script finalizado - Tiempo de ejecución: 0.029s
[02-Sep-2026 16:45:42 America/Mexico_City] Sistema iniciado - 2026-09-02 16:45:42
[02-Sep-2026 16:45:42 America/Mexico_City] Script finalizado - Tiempo de ejecución: 0.048s
[02-Sep-2026 16:45:43 America/Mexico_City] Sistema iniciado - 2026-09-02 16:45:43
[02-Sep-2026 16:45:43 America/Mexico_City] Script finalizado - Tiempo de ejecución: 0.023s
[02-Sep-2026 16:45:48 America/Mexico_City] Sistema iniciado - 2026-09-02 16:45:48
[02-Sep-2026 16:45:48 America/Mexico_City] Script finalizado - Tiempo de ejecución: 0.044s
[02-Sep-2026 16:45:51 America/Mexico_City] Sistema iniciado - 2026-09-02 16:45:51
[02-Sep-2026 16:45:51 America/Mexico_City] Script finalizado - Tiempo de ejecución: 0.02s
[02-Sep-2026 16:45:58 America/Mexico_City] Sistema iniciado - 2026-09-02 16:45:58
[02-Sep-2026 16:45:58 America/Mexico_City] Script finalizado - Tiempo de ejecución: 0.02s
[02-Sep-2026 16:46:10 America/Mexico_City] Sistema iniciado - 2026-09-02 16:46:10
[02-Sep-2026 16:46:10 America/Mexico_City] Script finalizado - Tiempo de ejecución: 0.025s
[02-Sep-2026 16:46:27 America/Mexico_City] Sistema iniciado - 2026-09-02 16:46:27
[02-Sep-2026 16:46:27 America/Mexico_City] Script finalizado - Tiempo de ejecución: 0.031s
[02-Sep-2026 16:46:34 America/Mexico_City] Sistema iniciado - 2026-09-02 16:46:34
[02-Sep-2026 16:46:34 America/Mexico_City] Script finalizado - Tiempo de ejecución: 0.023s
[02-Sep-2026 16:46:44 America/Mexico_City] Sistema iniciado - 2026-09-02 16:46:44
[02-Sep-2026 16:46:44 America/Mexico_City] Script finalizado - Tiempo de ejecución: 0.025s
[02-Sep-2026 16:46:52 America/Mexico_City] Sistema iniciado - 2026-09-02 16:46:52
[02-Sep-2026 16:46:52 America/Mexico_City] Script finalizado - Tiempo de ejecución: 0.021s
[02-Sep-2026 16:46:54 America/Mexico_City] Sistema iniciado - 2026-09-02 16:46:54
[02-Sep-2026 16:46:55 America/Mexico_City] Script finalizado - Tiempo de ejecución: 0.028s
[02-Sep-2026 16:47:00 America/Mexico_City] Sistema iniciado - 2026-09-02 16:47:00
[02-Sep-2026 16:47:00 America/Mexico_City] Script finalizado - Tiempo de ejecución: 0.023s
[02-Sep-2026 16:47:03 America/Mexico_City] Sistema iniciado - 2026-09-02 16:47:03
[02-Sep-2026 16:47:03 America/Mexico_City] Script finalizado - Tiempo de ejecución: 0.019s
[02-Sep-2026 16:47:46 America/Mexico_City] Sistema iniciado - 2026-09-02 16:47:46
[02-Sep-2026 16:47:46 America/Mexico_City] Script finalizado - Tiempo de ejecución: 0.041s
[02-Sep-2026 16:48:29 America/Mexico_City] Sistema iniciado - 2026-09-02 16:48:29
[02-Sep-2026 16:48:29 America/Mexico_City] Script finalizado - Tiempo de ejecución: 0.022s
[02-Sep-2026 16:48:31 America/Mexico_City] Sistema iniciado - 2026-09-02 16:48:31
[02-Sep-2026 16:48:31 America/Mexico_City] Script finalizado - Tiempo de ejecución: 0.018s
[02-Sep-2026 16:50:12 America/Mexico_City] Sistema iniciado - 2026-09-02 16:50:12
[02-Sep-2026 16:50:12 America/Mexico_City] Script finalizado - Tiempo de ejecución: 0.031s
[02-Sep-2026 16:50:17 America/Mexico_City] Sistema iniciado - 2026-09-02 16:50:17
[02-Sep-2026 16:50:17 America/Mexico_City] Script finalizado - Tiempo de ejecución: 0.046s
[02-Sep-2026 16:50:25 America/Mexico_City] Sistema iniciado - 2026-09-02 16:50:25
[02-Sep-2026 16:50:25 America/Mexico_City] Script finalizado - Tiempo de ejecución: 0.018s
[02-Sep-2026 16:50:26 America/Mexico_City] Sistema iniciado - 2026-09-02 16:50:26
[02-Sep-2026 16:50:26 America/Mexico_City] Script finalizado - Tiempo de ejecución: 0.048s
[02-Sep-2026 16:51:42 America/Mexico_City] Sistema iniciado - 2026-09-02 16:51:42
[02-Sep-2026 16:51:42 America/Mexico_City] Script finalizado - Tiempo de ejecución: 0.06s
[02-Sep-2026 16:51:42 America/Mexico_City] Sistema iniciado - 2026-09-02 16:51:42
[02-Sep-2026 16:51:42 America/Mexico_City] Script finalizado - Tiempo de ejecución: 0.043s
[02-Sep-2026 16:52:10 America/Mexico_City] Sistema iniciado - 2026-09-02 16:52:10
[02-Sep-2026 16:52:10 America/Mexico_City] Script finalizado - Tiempo de ejecución: 0.083s
[02-Sep-2026 16:52:13 America/Mexico_City] Sistema iniciado - 2026-09-02 16:52:13
[02-Sep-2026 16:52:13 America/Mexico_City] Script finalizado - Tiempo de ejecución: 0.022s
[02-Sep-2026 16:52:28 America/Mexico_City] Sistema iniciado - 2026-09-02 16:52:28
[02-Sep-2026 16:52:28 America/Mexico_City] Script finalizado - Tiempo de ejecución: 0.031s
[02-Sep-2026 16:52:30 America/Mexico_City] Sistema iniciado - 2026-09-02 16:52:30
[02-Sep-2026 16:52:30 America/Mexico_City] Script finalizado - Tiempo de ejecución: 0.049s
[02-Sep-2026 16:52:35 America/Mexico_City] Sistema iniciado - 2026-09-02 16:52:35
[02-Sep-2026 16:52:35 America/Mexico_City] Script finalizado - Tiempo de ejecución: 0.037s
[02-Sep-2026 16:52:39 America/Mexico_City] Sistema iniciado - 2026-09-02 16:52:39
[02-Sep-2026 16:52:39 America/Mexico_City] Script finalizado - Tiempo de ejecución: 0.024s
[02-Sep-2026 16:52:48 America/Mexico_City] Sistema iniciado - 2026-09-02 16:52:48
[02-Sep-2026 16:52:48 America/Mexico_City] Script finalizado - Tiempo de ejecución: 0.017s
[02-Sep-2026 16:53:37 America/Mexico_City] Sistema iniciado - 2026-09-02 16:53:37
[02-Sep-2026 16:53:37 America/Mexico_City] Script finalizado - Tiempo de ejecución: 0.078s
[02-Sep-2026 16:53:37 America/Mexico_City] Sistema iniciado - 2026-09-02 16:53:37
[02-Sep-2026 16:53:37 America/Mexico_City] Script finalizado - Tiempo de ejecución: 0.03s
[02-Sep-2026 16:53:41 America/Mexico_City] Sistema iniciado - 2026-09-02 16:53:41
[02-Sep-2026 16:53:41 America/Mexico_City] Script finalizado - Tiempo de ejecución: 0.02s
[02-Sep-2026 16:53:43 America/Mexico_City] Sistema iniciado - 2026-09-02 16:53:43
[02-Sep-2026 16:53:43 America/Mexico_City] Script finalizado - Tiempo de ejecución: 0.024s
[02-Sep-2026 16:53:52 America/Mexico_City] Sistema iniciado - 2026-09-02 16:53:52
[02-Sep-2026 16:53:52 America/Mexico_City] Script finalizado - Tiempo de ejecución: 0.037s
[02-Sep-2026 16:53:52 America/Mexico_City] Sistema iniciado - 2026-09-02 16:53:52
[02-Sep-2026 16:53:52 America/Mexico_City] Script finalizado - Tiempo de ejecución: 0.019s
[02-Sep-2026 16:53:57 America/Mexico_City] Sistema iniciado - 2026-09-02 16:53:57
[02-Sep-2026 16:53:57 America/Mexico_City] Script finalizado - Tiempo de ejecución: 0.018s
[02-Sep-2026 16:54:41 America/Mexico_City] Sistema iniciado - 2026-09-02 16:54:41
[02-Sep-2026 16:54:41 America/Mexico_City] Script finalizado - Tiempo de ejecución: 0.048s
[02-Sep-2026 16:54:41 America/Mexico_City] Sistema iniciado - 2026-09-02 16:54:41
[02-Sep-2026 16:54:41 America/Mexico_City] Script finalizado - Tiempo de ejecución: 0.05s
[02-Sep-2026 16:54:43 America/Mexico_City] Sistema iniciado - 2026-09-02 16:54:43
[02-Sep-2026 16:54:43 America/Mexico_City] Script finalizado - Tiempo de ejecución: 0.048s
[02-Sep-2026 16:54:57 America/Mexico_City] Sistema iniciado - 2026-09-02 16:54:57
[02-Sep-2026 16:54:57 America/Mexico_City] Script finalizado - Tiempo de ejecución: 0.058s
[02-Sep-2026 16:55:08 America/Mexico_City] Sistema iniciado - 2026-09-02 16:55:08
[02-Sep-2026 16:55:08 America/Mexico_City] Script finalizado - Tiempo de ejecución: 0.035s
[02-Sep-2026 16:55:13 America/Mexico_City] Sistema iniciado - 2026-09-02 16:55:13
[02-Sep-2026 16:55:13 America/Mexico_City] Script finalizado - Tiempo de ejecución: 0.024s
[02-Sep-2026 16:55:20 America/Mexico_City] Sistema iniciado - 2026-09-02 16:55:20
[02-Sep-2026 16:55:20 America/Mexico_City] Script finalizado - Tiempo de ejecución: 0.026s
[02-Sep-2026 16:55:28 America/Mexico_City] Sistema iniciado - 2026-09-02 16:55:28
[02-Sep-2026 16:55:28 America/Mexico_City] Script finalizado - Tiempo de ejecución: 0.052s
[02-Sep-2026 16:55:28 America/Mexico_City] Sistema iniciado - 2026-09-02 16:55:28
[02-Sep-2026 16:55:28 America/Mexico_City] Script finalizado - Tiempo de ejecución: 0.03s
[02-Sep-2026 16:55:35 America/Mexico_City] Sistema iniciado - 2026-09-02 16:55:35
[02-Sep-2026 16:55:35 America/Mexico_City] Script finalizado - Tiempo de ejecución: 0.031s
[02-Sep-2026 16:55:41 America/Mexico_City] Sistema iniciado - 2026-09-02 16:55:41
[02-Sep-2026 16:55:41 America/Mexico_City] Script finalizado - Tiempo de ejecución: 0.056s
[02-Sep-2026 16:55:41 America/Mexico_City] Sistema iniciado - 2026-09-02 16:55:41
[02-Sep-2026 16:55:41 America/Mexico_City] Script finalizado - Tiempo de ejecución: 0.029s
[02-Sep-2026 16:55:46 America/Mexico_City] Sistema iniciado - 2026-09-02 16:55:46
[02-Sep-2026 16:55:46 America/Mexico_City] Script finalizado - Tiempo de ejecución: 0.029s
[02-Sep-2026 16:55:50 America/Mexico_City] Sistema iniciado - 2026-09-02 16:55:50
[02-Sep-2026 16:55:50 America/Mexico_City] Script finalizado - Tiempo de ejecución: 0.063s
[02-Sep-2026 16:55:50 America/Mexico_City] Sistema iniciado - 2026-09-02 16:55:50
[02-Sep-2026 16:55:50 America/Mexico_City] Script finalizado - Tiempo de ejecución: 0.025s
[02-Sep-2026 16:55:52 America/Mexico_City] Sistema iniciado - 2026-09-02 16:55:52
[02-Sep-2026 16:55:52 America/Mexico_City] Script finalizado - Tiempo de ejecución: 0.023s
[02-Sep-2026 16:56:16 America/Mexico_City] Sistema iniciado - 2026-09-02 16:56:16
[02-Sep-2026 16:56:16 America/Mexico_City] Script finalizado - Tiempo de ejecución: 0.074s
[02-Sep-2026 16:56:16 America/Mexico_City] Sistema iniciado - 2026-09-02 16:56:16
[02-Sep-2026 16:56:16 America/Mexico_City] Script finalizado - Tiempo de ejecución: 0.024s
[02-Sep-2026 16:56:21 America/Mexico_City] Sistema iniciado - 2026-09-02 16:56:21
[02-Sep-2026 16:56:21 America/Mexico_City] Script finalizado - Tiempo de ejecución: 0.029s
[02-Sep-2026 16:56:25 America/Mexico_City] Sistema iniciado - 2026-09-02 16:56:25
[02-Sep-2026 16:56:25 America/Mexico_City] Script finalizado - Tiempo de ejecución: 0.04s
[02-Sep-2026 16:56:25 America/Mexico_City] Sistema iniciado - 2026-09-02 16:56:25
[02-Sep-2026 16:56:25 America/Mexico_City] Script finalizado - Tiempo de ejecución: 0.029s
[02-Sep-2026 16:56:40 America/Mexico_City] Sistema iniciado - 2026-09-02 16:56:40
[02-Sep-2026 16:56:40 America/Mexico_City] Script finalizado - Tiempo de ejecución: 0.077s
[02-Sep-2026 16:56:42 America/Mexico_City] Sistema iniciado - 2026-09-02 16:56:42
[02-Sep-2026 16:56:42 America/Mexico_City] Script finalizado - Tiempo de ejecución: 0.025s
[02-Sep-2026 16:56:58 America/Mexico_City] Sistema iniciado - 2026-09-02 16:56:58
[02-Sep-2026 16:56:58 America/Mexico_City] Script finalizado - Tiempo de ejecución: 0.039s
[02-Sep-2026 16:57:00 America/Mexico_City] Sistema iniciado - 2026-09-02 16:57:00
[02-Sep-2026 16:57:00 America/Mexico_City] Script finalizado - Tiempo de ejecución: 0.024s
[02-Sep-2026 16:57:15 America/Mexico_City] Sistema iniciado - 2026-09-02 16:57:15
[02-Sep-2026 16:57:15 America/Mexico_City] Script finalizado - Tiempo de ejecución: 0.034s
[02-Sep-2026 16:57:17 America/Mexico_City] Sistema iniciado - 2026-09-02 16:57:17
[02-Sep-2026 16:57:17 America/Mexico_City] Script finalizado - Tiempo de ejecución: 0.034s
[02-Sep-2026 16:57:19 America/Mexico_City] Sistema iniciado - 2026-09-02 16:57:19
[02-Sep-2026 16:57:19 America/Mexico_City] Script finalizado - Tiempo de ejecución: 0.039s
[02-Sep-2026 16:57:34 America/Mexico_City] Sistema iniciado - 2026-09-02 16:57:34
[02-Sep-2026 16:57:34 America/Mexico_City] Script finalizado - Tiempo de ejecución: 0.026s
[02-Sep-2026 16:57:41 America/Mexico_City] Sistema iniciado - 2026-09-02 16:57:41
[02-Sep-2026 16:57:41 America/Mexico_City] Script finalizado - Tiempo de ejecución: 0.033s
[02-Sep-2026 16:57:45 America/Mexico_City] Sistema iniciado - 2026-09-02 16:57:45
[02-Sep-2026 16:57:45 America/Mexico_City] Script finalizado - Tiempo de ejecución: 0.033s
[02-Sep-2026 16:58:01 America/Mexico_City] Sistema iniciado - 2026-09-02 16:58:01
[02-Sep-2026 16:58:01 America/Mexico_City] Error en ajustar_stock.php: No hay suficiente stock para esta salida
[02-Sep-2026 16:58:01 America/Mexico_City] Script finalizado - Tiempo de ejecución: 0.028s
[02-Sep-2026 16:58:09 America/Mexico_City] Sistema iniciado - 2026-09-02 16:58:09
[02-Sep-2026 16:58:09 America/Mexico_City] Script finalizado - Tiempo de ejecución: 0.038s
[02-Sep-2026 16:58:11 America/Mexico_City] Sistema iniciado - 2026-09-02 16:58:11
[02-Sep-2026 16:58:11 America/Mexico_City] Script finalizado - Tiempo de ejecución: 0.019s
[02-Sep-2026 16:58:15 America/Mexico_City] Sistema iniciado - 2026-09-02 16:58:15
[02-Sep-2026 16:58:15 America/Mexico_City] Script finalizado - Tiempo de ejecución: 0.039s
[02-Sep-2026 16:58:27 America/Mexico_City] Sistema iniciado - 2026-09-02 16:58:27
[02-Sep-2026 16:58:27 America/Mexico_City] Script finalizado - Tiempo de ejecución: 0.025s
[02-Sep-2026 16:58:33 America/Mexico_City] Sistema iniciado - 2026-09-02 16:58:33
[02-Sep-2026 16:58:33 America/Mexico_City] Script finalizado - Tiempo de ejecución: 0.024s
[02-Sep-2026 16:58:36 America/Mexico_City] Sistema iniciado - 2026-09-02 16:58:36
[02-Sep-2026 16:58:36 America/Mexico_City] Script finalizado - Tiempo de ejecución: 0.028s
[02-Sep-2026 16:58:54 America/Mexico_City] Sistema iniciado - 2026-09-02 16:58:54
[02-Sep-2026 16:58:54 America/Mexico_City] Script finalizado - Tiempo de ejecución: 0.051s
[02-Sep-2026 16:58:56 America/Mexico_City] Sistema iniciado - 2026-09-02 16:58:56
[02-Sep-2026 16:58:56 America/Mexico_City] Script finalizado - Tiempo de ejecución: 0.024s
[02-Sep-2026 16:58:59 America/Mexico_City] Sistema iniciado - 2026-09-02 16:58:59
[02-Sep-2026 16:58:59 America/Mexico_City] Script finalizado - Tiempo de ejecución: 0.022s
[02-Sep-2026 16:59:12 America/Mexico_City] Sistema iniciado - 2026-09-02 16:59:12
[02-Sep-2026 16:59:12 America/Mexico_City] Script finalizado - Tiempo de ejecución: 0.023s
[02-Sep-2026 17:00:28 America/Mexico_City] Sistema iniciado - 2026-09-02 17:00:28
[02-Sep-2026 17:00:28 America/Mexico_City] Script finalizado - Tiempo de ejecución: 0.05s
[02-Sep-2026 17:02:07 America/Mexico_City] Sistema iniciado - 2026-09-02 17:02:07
[02-Sep-2026 17:02:08 America/Mexico_City] PHP Deprecated:  str_replace(): Passing null to parameter #2 ($replace) of type array|string is deprecated in C:\xampp\htdocs\Punto-de-venta\config\email.php on line 285
[02-Sep-2026 17:02:08 America/Mexico_City] PHP Deprecated:  str_replace(): Passing null to parameter #2 ($replace) of type array|string is deprecated in C:\xampp\htdocs\Punto-de-venta\config\email.php on line 285
[02-Sep-2026 17:02:12 America/Mexico_City] Output captured before JSON response in crear_cotizacion: <br />
<b>Deprecated</b>:  str_replace(): Passing null to parameter #2 ($replace) of type array|string is deprecated in <b>C:\xampp\htdocs\Punto-de-venta\config\email.php</b> on line <b>285</b><br />
<br />
<b>Deprecated</b>:  str_replace(): Passing null to parameter #2 ($replace) of type array|string is deprecated in <b>C:\xampp\htdocs\Punto-de-venta\config\email.php</b> on line <b>285</b><br />

[02-Sep-2026 17:02:12 America/Mexico_City] Script finalizado - Tiempo de ejecución: 4.423s
[02-Sep-2026 17:05:29 America/Mexico_City] Sistema iniciado - 2026-09-02 17:05:29
[02-Sep-2026 17:05:29 America/Mexico_City] PHP Deprecated:  str_replace(): Passing null to parameter #2 ($replace) of type array|string is deprecated in C:\xampp\htdocs\Punto-de-venta\config\email.php on line 285
[02-Sep-2026 17:05:29 America/Mexico_City] PHP Deprecated:  str_replace(): Passing null to parameter #2 ($replace) of type array|string is deprecated in C:\xampp\htdocs\Punto-de-venta\config\email.php on line 285
[02-Sep-2026 17:05:33 America/Mexico_City] Script finalizado - Tiempo de ejecución: 4.235s
[02-Sep-2026 17:06:34 America/Mexico_City] Sistema iniciado - 2026-09-02 17:06:34
[02-Sep-2026 17:06:34 America/Mexico_City] Script finalizado - Tiempo de ejecución: 0.043s
[02-Sep-2026 17:08:47 America/Mexico_City] Sistema iniciado - 2026-09-02 17:08:47
[02-Sep-2026 17:08:47 America/Mexico_City] PHP Deprecated:  str_replace(): Passing null to parameter #2 ($replace) of type array|string is deprecated in C:\xampp\htdocs\Punto-de-venta\config\email.php on line 285
[02-Sep-2026 17:08:47 America/Mexico_City] PHP Deprecated:  str_replace(): Passing null to parameter #2 ($replace) of type array|string is deprecated in C:\xampp\htdocs\Punto-de-venta\config\email.php on line 285
[02-Sep-2026 17:08:51 America/Mexico_City] Script finalizado - Tiempo de ejecución: 3.607s
[02-Sep-2026 17:25:25 America/Mexico_City] Sistema iniciado - 2026-09-02 17:25:25
[02-Sep-2026 17:25:25 America/Mexico_City] Script finalizado - Tiempo de ejecución: 0.029s
[02-Sep-2026 17:25:28 America/Mexico_City] Sistema iniciado - 2026-09-02 17:25:28
[02-Sep-2026 17:25:28 America/Mexico_City] Script finalizado - Tiempo de ejecución: 0.026s
[02-Sep-2026 17:25:45 America/Mexico_City] Sistema iniciado - 2026-09-02 17:25:45
[02-Sep-2026 17:25:45 America/Mexico_City] Script finalizado - Tiempo de ejecución: 0.035s
[02-Sep-2026 17:26:23 America/Mexico_City] Sistema iniciado - 2026-09-02 17:26:23
[02-Sep-2026 17:26:23 America/Mexico_City] PHP Deprecated:  str_replace(): Passing null to parameter #2 ($replace) of type array|string is deprecated in C:\xampp\htdocs\Punto-de-venta\config\email.php on line 285
[02-Sep-2026 17:26:23 America/Mexico_City] PHP Deprecated:  str_replace(): Passing null to parameter #2 ($replace) of type array|string is deprecated in C:\xampp\htdocs\Punto-de-venta\config\email.php on line 285
[02-Sep-2026 17:26:30 America/Mexico_City] Output captured before JSON response in crear_cotizacion: <br />
<b>Deprecated</b>:  str_replace(): Passing null to parameter #2 ($replace) of type array|string is deprecated in <b>C:\xampp\htdocs\Punto-de-venta\config\email.php</b> on line <b>285</b><br />
<br />
<b>Deprecated</b>:  str_replace(): Passing null to parameter #2 ($replace) of type array|string is deprecated in <b>C:\xampp\htdocs\Punto-de-venta\config\email.php</b> on line <b>285</b><br />

[02-Sep-2026 17:26:30 America/Mexico_City] Script finalizado - Tiempo de ejecución: 7.497s
[02-Sep-2026 17:27:40 America/Mexico_City] Sistema iniciado - 2026-09-02 17:27:40
[02-Sep-2026 17:27:40 America/Mexico_City] Script finalizado - Tiempo de ejecución: 0.045s
[02-Sep-2026 17:28:04 America/Mexico_City] Sistema iniciado - 2026-09-02 17:28:04
[02-Sep-2026 17:28:04 America/Mexico_City] Script finalizado - Tiempo de ejecución: 0.095s
[02-Sep-2026 17:28:04 America/Mexico_City] Sistema iniciado - 2026-09-02 17:28:04
[02-Sep-2026 17:28:04 America/Mexico_City] Script finalizado - Tiempo de ejecución: 0.068s
[02-Sep-2026 17:28:48 America/Mexico_City] Sistema iniciado - 2026-09-02 17:28:48
[02-Sep-2026 17:28:48 America/Mexico_City] PHP Deprecated:  str_replace(): Passing null to parameter #2 ($replace) of type array|string is deprecated in C:\xampp\htdocs\Punto-de-venta\config\email.php on line 285
[02-Sep-2026 17:28:48 America/Mexico_City] PHP Deprecated:  str_replace(): Passing null to parameter #2 ($replace) of type array|string is deprecated in C:\xampp\htdocs\Punto-de-venta\config\email.php on line 285
[02-Sep-2026 17:28:56 America/Mexico_City] Output captured before JSON response in crear_cotizacion: <br />
<b>Deprecated</b>:  str_replace(): Passing null to parameter #2 ($replace) of type array|string is deprecated in <b>C:\xampp\htdocs\Punto-de-venta\config\email.php</b> on line <b>285</b><br />
<br />
<b>Deprecated</b>:  str_replace(): Passing null to parameter #2 ($replace) of type array|string is deprecated in <b>C:\xampp\htdocs\Punto-de-venta\config\email.php</b> on line <b>285</b><br />

[02-Sep-2026 17:28:56 America/Mexico_City] Script finalizado - Tiempo de ejecución: 7.343s
[02-Sep-2026 17:35:21 America/Mexico_City] Sistema iniciado - 2026-09-02 17:35:21
[02-Sep-2026 17:35:21 America/Mexico_City] Script finalizado - Tiempo de ejecución: 0.03s
[02-Sep-2026 17:35:24 America/Mexico_City] Sistema iniciado - 2026-09-02 17:35:24
[02-Sep-2026 17:35:24 America/Mexico_City] Script finalizado - Tiempo de ejecución: 0.026s
[02-Sep-2026 17:35:40 America/Mexico_City] Sistema iniciado - 2026-09-02 17:35:40
[02-Sep-2026 17:35:40 America/Mexico_City] Error en crear_cliente.php: La dirección contiene caracteres no válidos
[02-Sep-2026 17:35:40 America/Mexico_City] Script finalizado - Tiempo de ejecución: 0.034s
[02-Sep-2026 17:35:51 America/Mexico_City] Sistema iniciado - 2026-09-02 17:35:51
[02-Sep-2026 17:35:51 America/Mexico_City] Script finalizado - Tiempo de ejecución: 0.079s
[02-Sep-2026 17:35:51 America/Mexico_City] Sistema iniciado - 2026-09-02 17:35:51
[02-Sep-2026 17:35:51 America/Mexico_City] Script finalizado - Tiempo de ejecución: 0.041s
[02-Sep-2026 17:36:16 America/Mexico_City] Sistema iniciado - 2026-09-02 17:36:16
[02-Sep-2026 17:36:16 America/Mexico_City] PHP Deprecated:  str_replace(): Passing null to parameter #2 ($replace) of type array|string is deprecated in C:\xampp\htdocs\Punto-de-venta\config\email.php on line 285
[02-Sep-2026 17:36:16 America/Mexico_City] PHP Deprecated:  str_replace(): Passing null to parameter #2 ($replace) of type array|string is deprecated in C:\xampp\htdocs\Punto-de-venta\config\email.php on line 285
[02-Sep-2026 17:36:19 America/Mexico_City] Output captured before JSON response in crear_cotizacion: <br />
<b>Deprecated</b>:  str_replace(): Passing null to parameter #2 ($replace) of type array|string is deprecated in <b>C:\xampp\htdocs\Punto-de-venta\config\email.php</b> on line <b>285</b><br />
<br />
<b>Deprecated</b>:  str_replace(): Passing null to parameter #2 ($replace) of type array|string is deprecated in <b>C:\xampp\htdocs\Punto-de-venta\config\email.php</b> on line <b>285</b><br />

[02-Sep-2026 17:36:19 America/Mexico_City] Script finalizado - Tiempo de ejecución: 2.285s
[02-Sep-2026 17:36:23 America/Mexico_City] Sistema iniciado - 2026-09-02 17:36:23
[02-Sep-2026 17:36:23 America/Mexico_City] PHP Deprecated:  str_replace(): Passing null to parameter #2 ($replace) of type array|string is deprecated in C:\xampp\htdocs\Punto-de-venta\config\email.php on line 285
[02-Sep-2026 17:36:23 America/Mexico_City] PHP Deprecated:  str_replace(): Passing null to parameter #2 ($replace) of type array|string is deprecated in C:\xampp\htdocs\Punto-de-venta\config\email.php on line 285
[02-Sep-2026 17:36:25 America/Mexico_City] Script finalizado - Tiempo de ejecución: 2.245s
[03-Sep-2026 10:05:07 America/Mexico_City] Sistema iniciado - 2026-09-03 10:05:07
[03-Sep-2026 10:05:07 America/Mexico_City] Script finalizado - Tiempo de ejecución: 0.707s
[03-Sep-2026 10:05:07 America/Mexico_City] Sistema iniciado - 2026-09-03 10:05:07
[03-Sep-2026 10:05:07 America/Mexico_City] PHP Notice:  session_start(): Ignoring session_start() because a session is already active in C:\xampp\htdocs\Punto-de-venta\index.php on line 11
[03-Sep-2026 10:05:07 America/Mexico_City] Script finalizado - Tiempo de ejecución: 0.047s
[03-Sep-2026 10:05:07 America/Mexico_City] Sistema iniciado - 2026-09-03 10:05:07
[03-Sep-2026 10:05:08 America/Mexico_City] Script finalizado - Tiempo de ejecución: 0.108s
[04-Sep-2026 08:54:37 America/Mexico_City] Sistema iniciado - 2026-09-04 08:54:37
[04-Sep-2026 08:54:37 America/Mexico_City] Script finalizado - Tiempo de ejecución: 0.547s
[04-Sep-2026 08:54:37 America/Mexico_City] Sistema iniciado - 2026-09-04 08:54:37
[04-Sep-2026 08:54:37 America/Mexico_City] PHP Notice:  session_start(): Ignoring session_start() because a session is already active in C:\xampp\htdocs\Punto-de-venta\index.php on line 11
[04-Sep-2026 08:54:37 America/Mexico_City] Script finalizado - Tiempo de ejecución: 0.049s
[04-Sep-2026 08:54:37 America/Mexico_City] Sistema iniciado - 2026-09-04 08:54:37
[04-Sep-2026 08:54:37 America/Mexico_City] Script finalizado - Tiempo de ejecución: 0.06s
[04-Sep-2026 10:01:19 America/Mexico_City] Sistema iniciado - 2026-09-04 10:01:19
[04-Sep-2026 10:01:20 America/Mexico_City] Script finalizado - Tiempo de ejecución: 0.641s
[04-Sep-2026 10:03:12 America/Mexico_City] Sistema iniciado - 2026-09-04 10:03:12
[04-Sep-2026 10:03:13 America/Mexico_City] Script finalizado - Tiempo de ejecución: 0.59s
[04-Sep-2026 10:03:13 America/Mexico_City] Sistema iniciado - 2026-09-04 10:03:13
[04-Sep-2026 10:03:13 America/Mexico_City] PHP Notice:  session_start(): Ignoring session_start() because a session is already active in C:\xampp\htdocs\Punto-de-venta\index.php on line 11
[04-Sep-2026 10:03:13 America/Mexico_City] Script finalizado - Tiempo de ejecución: 0.156s
[04-Sep-2026 10:03:13 America/Mexico_City] Sistema iniciado - 2026-09-04 10:03:13
[04-Sep-2026 10:03:13 America/Mexico_City] Script finalizado - Tiempo de ejecución: 0.042s
[04-Sep-2026 10:16:38 America/Mexico_City] Sistema iniciado - 2026-09-04 10:16:38
[04-Sep-2026 10:16:38 America/Mexico_City] Script finalizado - Tiempo de ejecución: 0.049s
[04-Sep-2026 10:16:45 America/Mexico_City] Sistema iniciado - 2026-09-04 10:16:45
[04-Sep-2026 10:16:45 America/Mexico_City] Script finalizado - Tiempo de ejecución: 0.052s
[04-Sep-2026 10:16:47 America/Mexico_City] Sistema iniciado - 2026-09-04 10:16:47
[04-Sep-2026 10:16:47 America/Mexico_City] Script finalizado - Tiempo de ejecución: 0.055s
[04-Sep-2026 10:31:23 America/Mexico_City] Sistema iniciado - 2026-09-04 10:31:23
[04-Sep-2026 10:31:24 America/Mexico_City] Script finalizado - Tiempo de ejecución: 0.571s
[04-Sep-2026 10:35:29 America/Mexico_City] Sistema iniciado - 2026-09-04 10:35:29
[04-Sep-2026 10:35:29 America/Mexico_City] Script finalizado - Tiempo de ejecución: 0.505s
[04-Sep-2026 10:35:29 America/Mexico_City] Sistema iniciado - 2026-09-04 10:35:29
[04-Sep-2026 10:35:29 America/Mexico_City] PHP Notice:  session_start(): Ignoring session_start() because a session is already active in C:\xampp\htdocs\Punto-de-venta\index.php on line 11
[04-Sep-2026 10:35:29 America/Mexico_City] Script finalizado - Tiempo de ejecución: 0.039s
[04-Sep-2026 10:35:29 America/Mexico_City] Sistema iniciado - 2026-09-04 10:35:29
[04-Sep-2026 10:35:29 America/Mexico_City] Script finalizado - Tiempo de ejecución: 0.054s
[04-Sep-2026 10:56:40 America/Mexico_City] Sistema iniciado - 2026-09-04 10:56:40
[04-Sep-2026 10:56:40 America/Mexico_City] Script finalizado - Tiempo de ejecución: 0.057s
[04-Sep-2026 10:57:21 America/Mexico_City] Sistema iniciado - 2026-09-04 10:57:21
[04-Sep-2026 10:57:21 America/Mexico_City] Script finalizado - Tiempo de ejecución: 0.559s
[04-Sep-2026 10:57:21 America/Mexico_City] Sistema iniciado - 2026-09-04 10:57:21
[04-Sep-2026 10:57:21 America/Mexico_City] PHP Notice:  session_start(): Ignoring session_start() because a session is already active in C:\xampp\htdocs\Punto-de-venta\index.php on line 11
[04-Sep-2026 10:57:21 America/Mexico_City] Script finalizado - Tiempo de ejecución: 0.058s
[04-Sep-2026 10:57:21 America/Mexico_City] Sistema iniciado - 2026-09-04 10:57:21
[04-Sep-2026 10:57:21 America/Mexico_City] Script finalizado - Tiempo de ejecución: 0.052s
[04-Sep-2026 10:58:41 America/Mexico_City] Sistema iniciado - 2026-09-04 10:58:41
[04-Sep-2026 10:58:41 America/Mexico_City] Script finalizado - Tiempo de ejecución: 0.542s
[04-Sep-2026 10:58:41 America/Mexico_City] Sistema iniciado - 2026-09-04 10:58:41
[04-Sep-2026 10:58:41 America/Mexico_City] PHP Notice:  session_start(): Ignoring session_start() because a session is already active in C:\xampp\htdocs\Punto-de-venta\index.php on line 11
[04-Sep-2026 10:58:41 America/Mexico_City] Script finalizado - Tiempo de ejecución: 0.034s
[04-Sep-2026 10:58:41 America/Mexico_City] Sistema iniciado - 2026-09-04 10:58:41
[04-Sep-2026 10:58:41 America/Mexico_City] Script finalizado - Tiempo de ejecución: 0.042s
[04-Sep-2026 10:59:04 America/Mexico_City] Sistema iniciado - 2026-09-04 10:59:04
[04-Sep-2026 10:59:04 America/Mexico_City] Script finalizado - Tiempo de ejecución: 0.056s
[04-Sep-2026 11:19:53 America/Mexico_City] Sistema iniciado - 2026-09-04 11:19:53
[04-Sep-2026 11:19:54 America/Mexico_City] Script finalizado - Tiempo de ejecución: 0.626s
[04-Sep-2026 11:23:44 America/Mexico_City] Sistema iniciado - 2026-09-04 11:23:44
[04-Sep-2026 11:23:45 America/Mexico_City] Script finalizado - Tiempo de ejecución: 0.503s
[04-Sep-2026 11:23:45 America/Mexico_City] Sistema iniciado - 2026-09-04 11:23:45
[04-Sep-2026 11:23:45 America/Mexico_City] PHP Notice:  session_start(): Ignoring session_start() because a session is already active in C:\xampp\htdocs\Punto-de-venta\index.php on line 11
[04-Sep-2026 11:23:45 America/Mexico_City] Script finalizado - Tiempo de ejecución: 0.045s
[04-Sep-2026 11:23:45 America/Mexico_City] Sistema iniciado - 2026-09-04 11:23:45
[04-Sep-2026 11:23:45 America/Mexico_City] Script finalizado - Tiempo de ejecución: 0.06s
[04-Sep-2026 11:25:25 America/Mexico_City] Sistema iniciado - 2026-09-04 11:25:25
[04-Sep-2026 11:25:25 America/Mexico_City] Script finalizado - Tiempo de ejecución: 0.021s
[04-Sep-2026 11:25:29 America/Mexico_City] Sistema iniciado - 2026-09-04 11:25:29
[04-Sep-2026 11:25:29 America/Mexico_City] Script finalizado - Tiempo de ejecución: 0.034s
[04-Sep-2026 11:34:37 America/Mexico_City] Sistema iniciado - 2026-09-04 11:34:37
[04-Sep-2026 11:34:37 America/Mexico_City] Script finalizado - Tiempo de ejecución: 0.036s
[04-Sep-2026 11:34:45 America/Mexico_City] Sistema iniciado - 2026-09-04 11:34:45
[04-Sep-2026 11:34:45 America/Mexico_City] Script finalizado - Tiempo de ejecución: 0.048s
[04-Sep-2026 11:35:52 America/Mexico_City] Sistema iniciado - 2026-09-04 11:35:52
[04-Sep-2026 11:35:52 America/Mexico_City] Script finalizado - Tiempo de ejecución: 0.03s
[04-Sep-2026 12:34:24 America/Mexico_City] Sistema iniciado - 2026-09-04 12:34:24
[04-Sep-2026 12:34:25 America/Mexico_City] Script finalizado - Tiempo de ejecución: 0.67s
[04-Sep-2026 12:34:25 America/Mexico_City] Sistema iniciado - 2026-09-04 12:34:25
[04-Sep-2026 12:34:25 America/Mexico_City] PHP Notice:  session_start(): Ignoring session_start() because a session is already active in C:\xampp\htdocs\Punto-de-venta\index.php on line 11
[04-Sep-2026 12:34:25 America/Mexico_City] Script finalizado - Tiempo de ejecución: 0.037s
[04-Sep-2026 12:34:25 America/Mexico_City] Sistema iniciado - 2026-09-04 12:34:25
[04-Sep-2026 12:34:25 America/Mexico_City] Script finalizado - Tiempo de ejecución: 0.055s
[04-Sep-2026 12:35:08 America/Mexico_City] Sistema iniciado - 2026-09-04 12:35:08
[04-Sep-2026 12:35:08 America/Mexico_City] Script finalizado - Tiempo de ejecución: 0.028s
[04-Sep-2026 12:35:10 America/Mexico_City] Sistema iniciado - 2026-09-04 12:35:10
[04-Sep-2026 12:35:10 America/Mexico_City] Script finalizado - Tiempo de ejecución: 0.03s
[04-Sep-2026 12:35:12 America/Mexico_City] Sistema iniciado - 2026-09-04 12:35:12
[04-Sep-2026 12:35:12 America/Mexico_City] Script finalizado - Tiempo de ejecución: 0.043s
[04-Sep-2026 12:35:15 America/Mexico_City] Sistema iniciado - 2026-09-04 12:35:15
[04-Sep-2026 12:35:15 America/Mexico_City] Script finalizado - Tiempo de ejecución: 0.024s
[04-Sep-2026 12:35:22 America/Mexico_City] Sistema iniciado - 2026-09-04 12:35:22
[04-Sep-2026 12:35:22 America/Mexico_City] Script finalizado - Tiempo de ejecución: 0.028s
[04-Sep-2026 12:35:28 America/Mexico_City] Sistema iniciado - 2026-09-04 12:35:28
[04-Sep-2026 12:35:28 America/Mexico_City] Script finalizado - Tiempo de ejecución: 0.03s
[04-Sep-2026 12:47:16 America/Mexico_City] Sistema iniciado - 2026-09-04 12:47:16
[04-Sep-2026 12:47:16 America/Mexico_City] Script finalizado - Tiempo de ejecución: 0.043s
[04-Sep-2026 12:47:59 America/Mexico_City] Sistema iniciado - 2026-09-04 12:47:59
[04-Sep-2026 12:47:59 America/Mexico_City] Script finalizado - Tiempo de ejecución: 0.037s
[04-Sep-2026 12:48:04 America/Mexico_City] Sistema iniciado - 2026-09-04 12:48:04
[04-Sep-2026 12:48:04 America/Mexico_City] Script finalizado - Tiempo de ejecución: 0.039s
[04-Sep-2026 12:48:05 America/Mexico_City] Sistema iniciado - 2026-09-04 12:48:05
[04-Sep-2026 12:48:05 America/Mexico_City] Script finalizado - Tiempo de ejecución: 0.027s
[04-Sep-2026 12:50:19 America/Mexico_City] Sistema iniciado - 2026-09-04 12:50:19
[04-Sep-2026 12:50:19 America/Mexico_City] Script finalizado - Tiempo de ejecución: 0.035s
[04-Sep-2026 12:50:24 America/Mexico_City] Sistema iniciado - 2026-09-04 12:50:24
[04-Sep-2026 12:50:24 America/Mexico_City] Script finalizado - Tiempo de ejecución: 0.057s
[04-Sep-2026 13:26:38 America/Mexico_City] Sistema iniciado - 2026-09-04 13:26:38
[04-Sep-2026 13:26:38 America/Mexico_City] Script finalizado - Tiempo de ejecución: 0.598s
[04-Sep-2026 13:26:38 America/Mexico_City] Sistema iniciado - 2026-09-04 13:26:38
[04-Sep-2026 13:26:38 America/Mexico_City] PHP Notice:  session_start(): Ignoring session_start() because a session is already active in C:\xampp\htdocs\Punto-de-venta\index.php on line 11
[04-Sep-2026 13:26:38 America/Mexico_City] Script finalizado - Tiempo de ejecución: 0.036s
[04-Sep-2026 13:26:38 America/Mexico_City] Sistema iniciado - 2026-09-04 13:26:38
[04-Sep-2026 13:26:38 America/Mexico_City] Script finalizado - Tiempo de ejecución: 0.046s
[04-Sep-2026 13:26:45 America/Mexico_City] Sistema iniciado - 2026-09-04 13:26:45
[04-Sep-2026 13:26:45 America/Mexico_City] Script finalizado - Tiempo de ejecución: 0.031s
[04-Sep-2026 13:27:24 America/Mexico_City] Sistema iniciado - 2026-09-04 13:27:24
[04-Sep-2026 13:27:25 America/Mexico_City] Script finalizado - Tiempo de ejecución: 0.645s
[04-Sep-2026 13:27:25 America/Mexico_City] Sistema iniciado - 2026-09-04 13:27:25
[04-Sep-2026 13:27:25 America/Mexico_City] PHP Notice:  session_start(): Ignoring session_start() because a session is already active in C:\xampp\htdocs\Punto-de-venta\index.php on line 11
[04-Sep-2026 13:27:25 America/Mexico_City] Script finalizado - Tiempo de ejecución: 0.026s
[04-Sep-2026 13:27:25 America/Mexico_City] Sistema iniciado - 2026-09-04 13:27:25
[04-Sep-2026 13:27:25 America/Mexico_City] Script finalizado - Tiempo de ejecución: 0.033s
[04-Sep-2026 13:27:41 America/Mexico_City] Sistema iniciado - 2026-09-04 13:27:41
[04-Sep-2026 13:27:41 America/Mexico_City] Script finalizado - Tiempo de ejecución: 0.072s
[04-Sep-2026 13:30:43 America/Mexico_City] Sistema iniciado - 2026-09-04 13:30:43
[04-Sep-2026 13:30:43 America/Mexico_City] Script finalizado - Tiempo de ejecución: 0.066s
[04-Sep-2026 13:30:48 America/Mexico_City] Sistema iniciado - 2026-09-04 13:30:48
[04-Sep-2026 13:30:48 America/Mexico_City] Script finalizado - Tiempo de ejecución: 0.03s
[04-Sep-2026 13:33:25 America/Mexico_City] Sistema iniciado - 2026-09-04 13:33:25
[04-Sep-2026 13:33:25 America/Mexico_City] Script finalizado - Tiempo de ejecución: 0.064s
[04-Sep-2026 13:33:27 America/Mexico_City] Sistema iniciado - 2026-09-04 13:33:27
[04-Sep-2026 13:33:27 America/Mexico_City] Script finalizado - Tiempo de ejecución: 0.02s
[04-Sep-2026 13:33:37 America/Mexico_City] Sistema iniciado - 2026-09-04 13:33:37
[04-Sep-2026 13:33:37 America/Mexico_City] Script finalizado - Tiempo de ejecución: 0.047s
[04-Sep-2026 13:48:18 America/Mexico_City] Sistema iniciado - 2026-09-04 13:48:18
[04-Sep-2026 13:48:18 America/Mexico_City] Script finalizado - Tiempo de ejecución: 0.042s
[04-Sep-2026 13:48:24 America/Mexico_City] Sistema iniciado - 2026-09-04 13:48:24
[04-Sep-2026 13:48:24 America/Mexico_City] Script finalizado - Tiempo de ejecución: 0.032s
[04-Sep-2026 13:49:57 America/Mexico_City] Sistema iniciado - 2026-09-04 13:49:57
[04-Sep-2026 13:49:57 America/Mexico_City] Script finalizado - Tiempo de ejecución: 0.039s
[04-Sep-2026 13:58:51 America/Mexico_City] Sistema iniciado - 2026-09-04 13:58:51
[04-Sep-2026 13:58:51 America/Mexico_City] Script finalizado - Tiempo de ejecución: 0.062s
[04-Sep-2026 15:11:29 America/Mexico_City] Sistema iniciado - 2026-09-04 15:11:29
[04-Sep-2026 15:11:29 America/Mexico_City] Script finalizado - Tiempo de ejecución: 0.06s
[04-Sep-2026 15:11:30 America/Mexico_City] Sistema iniciado - 2026-09-04 15:11:30
[04-Sep-2026 15:11:30 America/Mexico_City] Script finalizado - Tiempo de ejecución: 0.047s
[07-Sep-2026 09:32:09 America/Mexico_City] Sistema iniciado - 2026-09-07 09:32:09
[07-Sep-2026 09:32:09 America/Mexico_City] Script finalizado - Tiempo de ejecución: 0.706s
[07-Sep-2026 09:32:09 America/Mexico_City] Sistema iniciado - 2026-09-07 09:32:09
[07-Sep-2026 09:32:09 America/Mexico_City] PHP Notice:  session_start(): Ignoring session_start() because a session is already active in C:\xampp\htdocs\Punto-de-venta\index.php on line 11
[07-Sep-2026 09:32:09 America/Mexico_City] Script finalizado - Tiempo de ejecución: 0.036s
[07-Sep-2026 09:32:09 America/Mexico_City] Sistema iniciado - 2026-09-07 09:32:09
[07-Sep-2026 09:32:09 America/Mexico_City] Script finalizado - Tiempo de ejecución: 0.049s
[07-Sep-2026 09:32:16 America/Mexico_City] Sistema iniciado - 2026-09-07 09:32:16
[07-Sep-2026 09:32:16 America/Mexico_City] Script finalizado - Tiempo de ejecución: 0.057s
[07-Sep-2026 13:42:34 America/Mexico_City] Sistema iniciado - 2026-09-07 13:42:34
[07-Sep-2026 13:42:35 America/Mexico_City] Script finalizado - Tiempo de ejecución: 0.832s
[07-Sep-2026 15:18:23 America/Mexico_City] Sistema iniciado - 2026-09-07 15:18:23
[07-Sep-2026 15:18:24 America/Mexico_City] Script finalizado - Tiempo de ejecución: 0.704s
[07-Sep-2026 15:18:24 America/Mexico_City] Sistema iniciado - 2026-09-07 15:18:24
[07-Sep-2026 15:18:24 America/Mexico_City] PHP Notice:  session_start(): Ignoring session_start() because a session is already active in C:\xampp\htdocs\Punto-de-venta\index.php on line 11
[07-Sep-2026 15:18:24 America/Mexico_City] Script finalizado - Tiempo de ejecución: 0.042s
[07-Sep-2026 15:18:24 America/Mexico_City] Sistema iniciado - 2026-09-07 15:18:24
[07-Sep-2026 15:18:24 America/Mexico_City] Script finalizado - Tiempo de ejecución: 0.056s
[07-Sep-2026 15:18:34 America/Mexico_City] Sistema iniciado - 2026-09-07 15:18:34
[07-Sep-2026 15:18:34 America/Mexico_City] Script finalizado - Tiempo de ejecución: 0.035s
[08-Sep-2026 09:26:27 America/Mexico_City] Sistema iniciado - 2026-09-08 09:26:27
[08-Sep-2026 09:26:27 America/Mexico_City] Script finalizado - Tiempo de ejecución: 0.538s
[08-Sep-2026 09:26:27 America/Mexico_City] Sistema iniciado - 2026-09-08 09:26:27
[08-Sep-2026 09:26:27 America/Mexico_City] PHP Notice:  session_start(): Ignoring session_start() because a session is already active in C:\xampp\htdocs\Punto-de-venta\index.php on line 11
[08-Sep-2026 09:26:27 America/Mexico_City] Script finalizado - Tiempo de ejecución: 0.05s
[08-Sep-2026 09:26:27 America/Mexico_City] Sistema iniciado - 2026-09-08 09:26:27
[08-Sep-2026 09:26:27 America/Mexico_City] Script finalizado - Tiempo de ejecución: 0.055s
[08-Sep-2026 10:16:41 America/Mexico_City] Sistema iniciado - 2026-09-08 10:16:41
[08-Sep-2026 10:16:41 America/Mexico_City] Script finalizado - Tiempo de ejecución: 0.033s
[08-Sep-2026 10:16:54 America/Mexico_City] Sistema iniciado - 2026-09-08 10:16:54
[08-Sep-2026 10:16:54 America/Mexico_City] PHP Notice:  iconv(): Detected an incomplete multibyte character in input string in C:\xampp\htdocs\Punto-de-venta\controllers\importar_leads.php on line 12
[08-Sep-2026 10:16:54 America/Mexico_City] Script finalizado - Tiempo de ejecución: 0.055s
[08-Sep-2026 13:40:51 America/Mexico_City] Sistema iniciado - 2026-09-08 13:40:51
[08-Sep-2026 13:40:52 America/Mexico_City] Script finalizado - Tiempo de ejecución: 0.733s
[08-Sep-2026 13:40:52 America/Mexico_City] Sistema iniciado - 2026-09-08 13:40:52
[08-Sep-2026 13:40:52 America/Mexico_City] PHP Notice:  session_start(): Ignoring session_start() because a session is already active in C:\xampp\htdocs\Punto-de-venta\index.php on line 11
[08-Sep-2026 13:40:52 America/Mexico_City] Script finalizado - Tiempo de ejecución: 0.026s
[08-Sep-2026 13:40:52 America/Mexico_City] Sistema iniciado - 2026-09-08 13:40:52
[08-Sep-2026 13:40:52 America/Mexico_City] Script finalizado - Tiempo de ejecución: 0.119s
[08-Sep-2026 13:41:06 America/Mexico_City] Sistema iniciado - 2026-09-08 13:41:06
[08-Sep-2026 13:41:06 America/Mexico_City] Script finalizado - Tiempo de ejecución: 0.032s
[08-Sep-2026 13:41:50 America/Mexico_City] Sistema iniciado - 2026-09-08 13:41:50
[08-Sep-2026 13:41:50 America/Mexico_City] Script finalizado - Tiempo de ejecución: 0.035s
[08-Sep-2026 13:42:03 America/Mexico_City] Sistema iniciado - 2026-09-08 13:42:03
[08-Sep-2026 13:42:03 America/Mexico_City] Script finalizado - Tiempo de ejecución: 0.035s
[08-Sep-2026 13:42:20 America/Mexico_City] Sistema iniciado - 2026-09-08 13:42:20
[08-Sep-2026 13:42:20 America/Mexico_City] Script finalizado - Tiempo de ejecución: 0.056s
[08-Sep-2026 13:42:26 America/Mexico_City] Sistema iniciado - 2026-09-08 13:42:26
[08-Sep-2026 13:42:26 America/Mexico_City] Script finalizado - Tiempo de ejecución: 0.03s
[08-Sep-2026 13:42:50 America/Mexico_City] Sistema iniciado - 2026-09-08 13:42:50
[08-Sep-2026 13:42:50 America/Mexico_City] Script finalizado - Tiempo de ejecución: 0.037s
[08-Sep-2026 13:42:53 America/Mexico_City] Sistema iniciado - 2026-09-08 13:42:53
[08-Sep-2026 13:42:53 America/Mexico_City] Script finalizado - Tiempo de ejecución: 0.054s
[08-Sep-2026 13:44:36 America/Mexico_City] Sistema iniciado - 2026-09-08 13:44:36
[08-Sep-2026 13:44:36 America/Mexico_City] Script finalizado - Tiempo de ejecución: 0.052s
[08-Sep-2026 13:44:42 America/Mexico_City] Sistema iniciado - 2026-09-08 13:44:42
[08-Sep-2026 13:44:42 America/Mexico_City] PHP Deprecated:  number_format(): Passing null to parameter #1 ($num) of type float is deprecated in C:\xampp\htdocs\Punto-de-venta\views\reportes\index.php on line 232
[08-Sep-2026 13:44:42 America/Mexico_City] PHP Deprecated:  number_format(): Passing null to parameter #1 ($num) of type float is deprecated in C:\xampp\htdocs\Punto-de-venta\views\reportes\index.php on line 234
[08-Sep-2026 13:44:42 America/Mexico_City] Script finalizado - Tiempo de ejecución: 0.074s
[08-Sep-2026 13:44:47 America/Mexico_City] Sistema iniciado - 2026-09-08 13:44:47
[08-Sep-2026 13:44:47 America/Mexico_City] Script finalizado - Tiempo de ejecución: 0.026s
[08-Sep-2026 13:44:49 America/Mexico_City] Sistema iniciado - 2026-09-08 13:44:49
[08-Sep-2026 13:44:49 America/Mexico_City] Script finalizado - Tiempo de ejecución: 0.025s
[08-Sep-2026 13:45:35 America/Mexico_City] Sistema iniciado - 2026-09-08 13:45:35
[08-Sep-2026 13:45:35 America/Mexico_City] Script finalizado - Tiempo de ejecución: 0.029s
[08-Sep-2026 13:59:19 America/Mexico_City] Sistema iniciado - 2026-09-08 13:59:19
[08-Sep-2026 13:59:19 America/Mexico_City] Script finalizado - Tiempo de ejecución: 0.036s
[08-Sep-2026 15:12:22 America/Mexico_City] Sistema iniciado - 2026-09-08 15:12:22
[08-Sep-2026 15:12:22 America/Mexico_City] Script finalizado - Tiempo de ejecución: 0.106s
[08-Sep-2026 15:34:23 America/Mexico_City] Sistema iniciado - 2026-09-08 15:34:23
[08-Sep-2026 15:34:23 America/Mexico_City] Script finalizado - Tiempo de ejecución: 0.084s
[08-Sep-2026 15:34:25 America/Mexico_City] Sistema iniciado - 2026-09-08 15:34:25
[08-Sep-2026 15:34:25 America/Mexico_City] Script finalizado - Tiempo de ejecución: 0.034s
[08-Sep-2026 15:34:35 America/Mexico_City] Sistema iniciado - 2026-09-08 15:34:35
[08-Sep-2026 15:34:35 America/Mexico_City] Script finalizado - Tiempo de ejecución: 0.042s
[08-Sep-2026 15:40:43 America/Mexico_City] Sistema iniciado - 2026-09-08 15:40:43
[08-Sep-2026 15:40:43 America/Mexico_City] Script finalizado - Tiempo de ejecución: 0.078s
[08-Sep-2026 15:43:04 America/Mexico_City] Sistema iniciado - 2026-09-08 15:43:04
[08-Sep-2026 15:43:04 America/Mexico_City] Script finalizado - Tiempo de ejecución: 0.059s
[08-Sep-2026 15:43:05 America/Mexico_City] Sistema iniciado - 2026-09-08 15:43:05
[08-Sep-2026 15:43:05 America/Mexico_City] Script finalizado - Tiempo de ejecución: 0.087s
[08-Sep-2026 15:43:17 America/Mexico_City] Sistema iniciado - 2026-09-08 15:43:17
[08-Sep-2026 15:43:17 America/Mexico_City] Script finalizado - Tiempo de ejecución: 0.026s
[08-Sep-2026 15:43:21 America/Mexico_City] Sistema iniciado - 2026-09-08 15:43:21
[08-Sep-2026 15:43:21 America/Mexico_City] Script finalizado - Tiempo de ejecución: 0.047s
[08-Sep-2026 17:15:56 America/Mexico_City] Sistema iniciado - 2026-09-08 17:15:56
[08-Sep-2026 17:15:56 America/Mexico_City] Script finalizado - Tiempo de ejecución: 0.139s
[08-Sep-2026 17:15:58 America/Mexico_City] Sistema iniciado - 2026-09-08 17:15:58
[08-Sep-2026 17:15:58 America/Mexico_City] Script finalizado - Tiempo de ejecución: 0.039s
[08-Sep-2026 17:16:24 America/Mexico_City] Sistema iniciado - 2026-09-08 17:16:24
[08-Sep-2026 17:16:24 America/Mexico_City] Script finalizado - Tiempo de ejecución: 0.031s
[08-Sep-2026 17:24:14 America/Mexico_City] Sistema iniciado - 2026-09-08 17:24:14
[08-Sep-2026 17:24:14 America/Mexico_City] Script finalizado - Tiempo de ejecución: 0.044s
[08-Sep-2026 17:24:30 America/Mexico_City] Sistema iniciado - 2026-09-08 17:24:30
[08-Sep-2026 17:24:30 America/Mexico_City] Script finalizado - Tiempo de ejecución: 0.065s
[17-Sep-2026 09:11:30 America/Mexico_City] Sistema iniciado - 2026-09-17 09:11:30
[17-Sep-2026 09:11:30 America/Mexico_City] Script finalizado - Tiempo de ejecución: 0.548s
[17-Sep-2026 09:11:30 America/Mexico_City] Sistema iniciado - 2026-09-17 09:11:30
[17-Sep-2026 09:11:30 America/Mexico_City] PHP Notice:  session_start(): Ignoring session_start() because a session is already active in C:\xampp\htdocs\Punto-de-venta\index.php on line 11
[17-Sep-2026 09:11:30 America/Mexico_City] Script finalizado - Tiempo de ejecución: 0.04s
[17-Sep-2026 09:11:30 America/Mexico_City] Sistema iniciado - 2026-09-17 09:11:30
[17-Sep-2026 09:11:30 America/Mexico_City] Script finalizado - Tiempo de ejecución: 0.221s
[17-Sep-2026 09:11:39 America/Mexico_City] Sistema iniciado - 2026-09-17 09:11:39
[17-Sep-2026 09:11:39 America/Mexico_City] Script finalizado - Tiempo de ejecución: 0.053s
[17-Sep-2026 09:11:43 America/Mexico_City] Sistema iniciado - 2026-09-17 09:11:43
[17-Sep-2026 09:11:43 America/Mexico_City] Script finalizado - Tiempo de ejecución: 0.051s
[17-Sep-2026 09:11:44 America/Mexico_City] Sistema iniciado - 2026-09-17 09:11:44
[17-Sep-2026 09:11:44 America/Mexico_City] Script finalizado - Tiempo de ejecución: 0.035s
[17-Sep-2026 09:11:50 America/Mexico_City] Sistema iniciado - 2026-09-17 09:11:50
[17-Sep-2026 09:11:50 America/Mexico_City] Script finalizado - Tiempo de ejecución: 0.083s
[17-Sep-2026 09:11:51 America/Mexico_City] Sistema iniciado - 2026-09-17 09:11:51
[17-Sep-2026 09:11:51 America/Mexico_City] Script finalizado - Tiempo de ejecución: 0.058s
[17-Sep-2026 12:56:33 America/Mexico_City] Sistema iniciado - 2026-09-17 12:56:33
[17-Sep-2026 12:56:33 America/Mexico_City] Script finalizado - Tiempo de ejecución: 0.513s
[17-Sep-2026 12:56:33 America/Mexico_City] Sistema iniciado - 2026-09-17 12:56:33
[17-Sep-2026 12:56:33 America/Mexico_City] PHP Notice:  session_start(): Ignoring session_start() because a session is already active in C:\xampp\htdocs\Punto-de-venta\index.php on line 11
[17-Sep-2026 12:56:33 America/Mexico_City] Script finalizado - Tiempo de ejecución: 0.029s
[17-Sep-2026 12:56:33 America/Mexico_City] Sistema iniciado - 2026-09-17 12:56:33
[17-Sep-2026 12:56:33 America/Mexico_City] Script finalizado - Tiempo de ejecución: 0.05s
[17-Sep-2026 12:57:13 America/Mexico_City] Sistema iniciado - 2026-09-17 12:57:13
[17-Sep-2026 12:57:13 America/Mexico_City] Script finalizado - Tiempo de ejecución: 0.063s
[17-Sep-2026 12:57:16 America/Mexico_City] Sistema iniciado - 2026-09-17 12:57:16
[17-Sep-2026 12:57:16 America/Mexico_City] Script finalizado - Tiempo de ejecución: 0.052s
[17-Sep-2026 13:09:34 America/Mexico_City] Sistema iniciado - 2026-09-17 13:09:34
[17-Sep-2026 13:09:34 America/Mexico_City] Script finalizado - Tiempo de ejecución: 0.073s
[17-Sep-2026 13:09:37 America/Mexico_City] Sistema iniciado - 2026-09-17 13:09:37
[17-Sep-2026 13:09:37 America/Mexico_City] Script finalizado - Tiempo de ejecución: 0.038s
[17-Sep-2026 13:09:39 America/Mexico_City] Sistema iniciado - 2026-09-17 13:09:39
[17-Sep-2026 13:09:39 America/Mexico_City] Script finalizado - Tiempo de ejecución: 0.019s
[17-Sep-2026 13:09:50 America/Mexico_City] Sistema iniciado - 2026-09-17 13:09:50
[17-Sep-2026 13:09:50 America/Mexico_City] Script finalizado - Tiempo de ejecución: 0.038s
[21-Sep-2026 09:22:26 America/Mexico_City] Sistema iniciado - 2026-09-21 09:22:26
[21-Sep-2026 09:22:27 America/Mexico_City] Error en login_process.php: Credenciales incorrectas o cuenta inactiva
[21-Sep-2026 09:22:27 America/Mexico_City] Script finalizado - Tiempo de ejecución: 0.633s
[21-Sep-2026 09:22:39 America/Mexico_City] Sistema iniciado - 2026-09-21 09:22:39
[21-Sep-2026 09:22:40 America/Mexico_City] Script finalizado - Tiempo de ejecución: 0.751s
[21-Sep-2026 09:22:40 America/Mexico_City] Sistema iniciado - 2026-09-21 09:22:40
[21-Sep-2026 09:22:40 America/Mexico_City] PHP Notice:  session_start(): Ignoring session_start() because a session is already active in C:\xampp\htdocs\Punto-de-venta\index.php on line 11
[21-Sep-2026 09:22:40 America/Mexico_City] Script finalizado - Tiempo de ejecución: 0.079s
[21-Sep-2026 09:22:40 America/Mexico_City] Sistema iniciado - 2026-09-21 09:22:40
[21-Sep-2026 09:22:40 America/Mexico_City] Script finalizado - Tiempo de ejecución: 0.151s
[21-Sep-2026 09:22:48 America/Mexico_City] Sistema iniciado - 2026-09-21 09:22:48
[21-Sep-2026 09:22:48 America/Mexico_City] Script finalizado - Tiempo de ejecución: 0.046s
[21-Sep-2026 09:28:19 America/Mexico_City] Sistema iniciado - 2026-09-21 09:28:19
[21-Sep-2026 09:28:19 America/Mexico_City] Script finalizado - Tiempo de ejecución: 0.075s
[21-Sep-2026 09:28:20 America/Mexico_City] Sistema iniciado - 2026-09-21 09:28:20
[21-Sep-2026 09:28:20 America/Mexico_City] Script finalizado - Tiempo de ejecución: 0.079s
[21-Sep-2026 09:28:23 America/Mexico_City] Sistema iniciado - 2026-09-21 09:28:23
[21-Sep-2026 09:28:23 America/Mexico_City] Script finalizado - Tiempo de ejecución: 0.035s
[21-Sep-2026 09:35:54 America/Mexico_City] Sistema iniciado - 2026-09-21 09:35:54
[21-Sep-2026 09:35:54 America/Mexico_City] Script finalizado - Tiempo de ejecución: 0.097s
[21-Sep-2026 09:36:10 America/Mexico_City] Sistema iniciado - 2026-09-21 09:36:10
[21-Sep-2026 09:36:10 America/Mexico_City] Script finalizado - Tiempo de ejecución: 0.053s
[21-Sep-2026 09:36:21 America/Mexico_City] Sistema iniciado - 2026-09-21 09:36:21
[21-Sep-2026 09:36:21 America/Mexico_City] PHP Fatal error:  Uncaught PDOException: SQLSTATE[42S22]: Column not found: 1054 Unknown column 'tabla' in 'where clause' in C:\Users\Elisa GC\.gemini\antigravity\brain\c30a2e0d-38dd-4359-b0fa-4c4281daf61c\scratch\check_inserted.php:6
Stack trace:
#0 C:\Users\Elisa GC\.gemini\antigravity\brain\c30a2e0d-38dd-4359-b0fa-4c4281daf61c\scratch\check_inserted.php(6): PDO->exec('DELETE FROM aud...')
#1 {main}
  thrown in C:\Users\Elisa GC\.gemini\antigravity\brain\c30a2e0d-38dd-4359-b0fa-4c4281daf61c\scratch\check_inserted.php on line 6
[21-Sep-2026 09:36:21 America/Mexico_City] Script finalizado - Tiempo de ejecución: 0.066s
[21-Sep-2026 09:36:27 America/Mexico_City] Sistema iniciado - 2026-09-21 09:36:27
[21-Sep-2026 09:36:27 America/Mexico_City] Script finalizado - Tiempo de ejecución: 0.055s
[21-Sep-2026 09:39:07 America/Mexico_City] Sistema iniciado - 2026-09-21 09:39:07
[21-Sep-2026 09:39:07 America/Mexico_City] Script finalizado - Tiempo de ejecución: 0.067s
[21-Sep-2026 09:39:14 America/Mexico_City] Sistema iniciado - 2026-09-21 09:39:14
[21-Sep-2026 09:39:14 America/Mexico_City] Script finalizado - Tiempo de ejecución: 0.081s
[21-Sep-2026 09:39:16 America/Mexico_City] Sistema iniciado - 2026-09-21 09:39:16
[21-Sep-2026 09:39:16 America/Mexico_City] Script finalizado - Tiempo de ejecución: 0.101s
[21-Sep-2026 09:42:20 America/Mexico_City] Sistema iniciado - 2026-09-21 09:42:20
[21-Sep-2026 09:42:20 America/Mexico_City] Script finalizado - Tiempo de ejecución: 0.035s
[21-Sep-2026 09:42:35 America/Mexico_City] Sistema iniciado - 2026-09-21 09:42:35
[21-Sep-2026 09:42:35 America/Mexico_City] Script finalizado - Tiempo de ejecución: 0.054s
[21-Sep-2026 09:42:43 America/Mexico_City] Sistema iniciado - 2026-09-21 09:42:43
[21-Sep-2026 09:42:43 America/Mexico_City] Script finalizado - Tiempo de ejecución: 0.03s
[21-Sep-2026 09:42:59 America/Mexico_City] Sistema iniciado - 2026-09-21 09:42:59
[21-Sep-2026 09:42:59 America/Mexico_City] Script finalizado - Tiempo de ejecución: 0.048s
[21-Sep-2026 09:43:01 America/Mexico_City] Sistema iniciado - 2026-09-21 09:43:01
[21-Sep-2026 09:43:01 America/Mexico_City] Script finalizado - Tiempo de ejecución: 0.026s
[21-Sep-2026 09:43:05 America/Mexico_City] Sistema iniciado - 2026-09-21 09:43:05
[21-Sep-2026 09:43:05 America/Mexico_City] Script finalizado - Tiempo de ejecución: 0.027s
[21-Sep-2026 09:43:09 America/Mexico_City] Sistema iniciado - 2026-09-21 09:43:09
[21-Sep-2026 09:43:09 America/Mexico_City] Script finalizado - Tiempo de ejecución: 0.032s
[21-Sep-2026 09:43:16 America/Mexico_City] Sistema iniciado - 2026-09-21 09:43:16
[21-Sep-2026 09:43:16 America/Mexico_City] Script finalizado - Tiempo de ejecución: 0.025s
[21-Sep-2026 09:44:46 America/Mexico_City] Sistema iniciado - 2026-09-21 09:44:46
[21-Sep-2026 09:44:46 America/Mexico_City] Script finalizado - Tiempo de ejecución: 0.044s
[21-Sep-2026 09:51:58 America/Mexico_City] Sistema iniciado - 2026-09-21 09:51:58
[21-Sep-2026 09:51:58 America/Mexico_City] PHP Fatal error:  Cannot redeclare normalizarEncabezado() (previously declared in C:\xampp\htdocs\Punto-de-venta\controllers\importar_leads.php:10) in C:\xampp\htdocs\Punto-de-venta\controllers\importar_leads.php on line 20
[21-Sep-2026 09:51:58 America/Mexico_City] Script finalizado - Tiempo de ejecución: 0.16s
[21-Sep-2026 09:52:14 America/Mexico_City] Sistema iniciado - 2026-09-21 09:52:14
[21-Sep-2026 09:52:14 America/Mexico_City] Sistema iniciado - 2026-09-21 09:52:14
[21-Sep-2026 09:52:14 America/Mexico_City] Script finalizado - Tiempo de ejecución: 0.16s
[21-Sep-2026 09:52:15 America/Mexico_City] Sistema iniciado - 2026-09-21 09:52:15
[21-Sep-2026 09:52:15 America/Mexico_City] Script finalizado - Tiempo de ejecución: 0.142s
[21-Sep-2026 09:52:15 America/Mexico_City] Script finalizado - Tiempo de ejecución: 1.426s
[21-Sep-2026 09:54:23 America/Mexico_City] Sistema iniciado - 2026-09-21 09:54:23
[21-Sep-2026 09:54:24 America/Mexico_City] Error en login_process.php: Credenciales incorrectas o cuenta inactiva
[21-Sep-2026 09:54:24 America/Mexico_City] Script finalizado - Tiempo de ejecución: 0.625s
[21-Sep-2026 09:54:29 America/Mexico_City] Sistema iniciado - 2026-09-21 09:54:29
[21-Sep-2026 09:54:30 America/Mexico_City] Script finalizado - Tiempo de ejecución: 0.542s
[21-Sep-2026 09:54:30 America/Mexico_City] Sistema iniciado - 2026-09-21 09:54:30
[21-Sep-2026 09:54:30 America/Mexico_City] PHP Notice:  session_start(): Ignoring session_start() because a session is already active in C:\xampp\htdocs\Punto-de-venta\index.php on line 11
[21-Sep-2026 09:54:30 America/Mexico_City] Script finalizado - Tiempo de ejecución: 0.058s
[21-Sep-2026 09:54:30 America/Mexico_City] Sistema iniciado - 2026-09-21 09:54:30
[21-Sep-2026 09:54:30 America/Mexico_City] Script finalizado - Tiempo de ejecución: 0.049s
[21-Sep-2026 09:54:36 America/Mexico_City] Sistema iniciado - 2026-09-21 09:54:36
[21-Sep-2026 09:54:36 America/Mexico_City] Script finalizado - Tiempo de ejecución: 0.09s
[21-Sep-2026 09:55:56 America/Mexico_City] Sistema iniciado - 2026-09-21 09:55:56
[21-Sep-2026 09:55:56 America/Mexico_City] Script finalizado - Tiempo de ejecución: 0.049s
[21-Sep-2026 09:55:58 America/Mexico_City] Sistema iniciado - 2026-09-21 09:55:58
[21-Sep-2026 09:55:58 America/Mexico_City] Script finalizado - Tiempo de ejecución: 0.029s
[21-Sep-2026 09:56:27 America/Mexico_City] Sistema iniciado - 2026-09-21 09:56:27
[21-Sep-2026 09:56:27 America/Mexico_City] Script finalizado - Tiempo de ejecución: 0.055s
[21-Sep-2026 09:59:26 America/Mexico_City] Sistema iniciado - 2026-09-21 09:59:26
[21-Sep-2026 09:59:26 America/Mexico_City] Script finalizado - Tiempo de ejecución: 0.05s
[21-Sep-2026 09:59:48 America/Mexico_City] Sistema iniciado - 2026-09-21 09:59:48
[21-Sep-2026 09:59:48 America/Mexico_City] Script finalizado - Tiempo de ejecución: 0.06s
[21-Sep-2026 10:03:53 America/Mexico_City] Sistema iniciado - 2026-09-21 10:03:53
[21-Sep-2026 10:03:54 America/Mexico_City] Script finalizado - Tiempo de ejecución: 0.035s
[21-Sep-2026 10:04:40 America/Mexico_City] Sistema iniciado - 2026-09-21 10:04:40
[21-Sep-2026 10:04:40 America/Mexico_City] Script finalizado - Tiempo de ejecución: 0.07s
[21-Sep-2026 10:04:42 America/Mexico_City] Sistema iniciado - 2026-09-21 10:04:42
[21-Sep-2026 10:04:42 America/Mexico_City] Script finalizado - Tiempo de ejecución: 0.035s
[21-Sep-2026 10:05:24 America/Mexico_City] Sistema iniciado - 2026-09-21 10:05:24
[21-Sep-2026 10:05:24 America/Mexico_City] Script finalizado - Tiempo de ejecución: 0.029s
[21-Sep-2026 10:06:14 America/Mexico_City] Sistema iniciado - 2026-09-21 10:06:14
[21-Sep-2026 10:06:14 America/Mexico_City] Script finalizado - Tiempo de ejecución: 0.09s
[21-Sep-2026 10:06:16 America/Mexico_City] Sistema iniciado - 2026-09-21 10:06:16
[21-Sep-2026 10:06:16 America/Mexico_City] Script finalizado - Tiempo de ejecución: 0.027s
[21-Sep-2026 10:06:19 America/Mexico_City] Sistema iniciado - 2026-09-21 10:06:19
[21-Sep-2026 10:06:19 America/Mexico_City] Script finalizado - Tiempo de ejecución: 0.029s
[21-Sep-2026 10:06:35 America/Mexico_City] Sistema iniciado - 2026-09-21 10:06:35
[21-Sep-2026 10:06:35 America/Mexico_City] Script finalizado - Tiempo de ejecución: 0.034s
[21-Sep-2026 10:07:16 America/Mexico_City] Sistema iniciado - 2026-09-21 10:07:16
[21-Sep-2026 10:07:16 America/Mexico_City] Script finalizado - Tiempo de ejecución: 0.035s
[21-Sep-2026 10:07:22 America/Mexico_City] Sistema iniciado - 2026-09-21 10:07:22
[21-Sep-2026 10:07:22 America/Mexico_City] Script finalizado - Tiempo de ejecución: 0.036s
[21-Sep-2026 10:07:34 America/Mexico_City] Sistema iniciado - 2026-09-21 10:07:34
[21-Sep-2026 10:07:34 America/Mexico_City] Script finalizado - Tiempo de ejecución: 0.035s
[21-Sep-2026 10:07:40 America/Mexico_City] Sistema iniciado - 2026-09-21 10:07:40
[21-Sep-2026 10:07:40 America/Mexico_City] Script finalizado - Tiempo de ejecución: 0.032s
[21-Sep-2026 10:07:46 America/Mexico_City] Sistema iniciado - 2026-09-21 10:07:46
[21-Sep-2026 10:07:46 America/Mexico_City] Script finalizado - Tiempo de ejecución: 0.032s
[21-Sep-2026 10:08:25 America/Mexico_City] Sistema iniciado - 2026-09-21 10:08:25
[21-Sep-2026 10:08:25 America/Mexico_City] Script finalizado - Tiempo de ejecución: 0.069s
[21-Sep-2026 10:08:40 America/Mexico_City] Sistema iniciado - 2026-09-21 10:08:40
[21-Sep-2026 10:08:41 America/Mexico_City] Script finalizado - Tiempo de ejecución: 0.023s
[21-Sep-2026 10:08:42 America/Mexico_City] Sistema iniciado - 2026-09-21 10:08:42
[21-Sep-2026 10:08:42 America/Mexico_City] PHP Deprecated:  number_format(): Passing null to parameter #1 ($num) of type float is deprecated in C:\xampp\htdocs\Punto-de-venta\views\reportes\index.php on line 232
[21-Sep-2026 10:08:42 America/Mexico_City] PHP Deprecated:  number_format(): Passing null to parameter #1 ($num) of type float is deprecated in C:\xampp\htdocs\Punto-de-venta\views\reportes\index.php on line 234
[21-Sep-2026 10:08:42 America/Mexico_City] Script finalizado - Tiempo de ejecución: 0.045s
[21-Sep-2026 10:09:13 America/Mexico_City] Sistema iniciado - 2026-09-21 10:09:13
[21-Sep-2026 10:09:13 America/Mexico_City] Script finalizado - Tiempo de ejecución: 0.051s
[21-Sep-2026 10:09:22 America/Mexico_City] Sistema iniciado - 2026-09-21 10:09:22
[21-Sep-2026 10:09:22 America/Mexico_City] Script finalizado - Tiempo de ejecución: 0.044s
[21-Sep-2026 10:09:27 America/Mexico_City] Sistema iniciado - 2026-09-21 10:09:27
[21-Sep-2026 10:09:27 America/Mexico_City] Script finalizado - Tiempo de ejecución: 0.027s
[21-Sep-2026 10:09:30 America/Mexico_City] Sistema iniciado - 2026-09-21 10:09:30
[21-Sep-2026 10:09:30 America/Mexico_City] Script finalizado - Tiempo de ejecución: 0.022s
[21-Sep-2026 10:09:57 America/Mexico_City] Sistema iniciado - 2026-09-21 10:09:57
[21-Sep-2026 10:09:57 America/Mexico_City] Script finalizado - Tiempo de ejecución: 0.054s
[21-Sep-2026 10:10:09 America/Mexico_City] Sistema iniciado - 2026-09-21 10:10:09
[21-Sep-2026 10:10:09 America/Mexico_City] Script finalizado - Tiempo de ejecución: 0.03s
[21-Sep-2026 10:10:12 America/Mexico_City] Sistema iniciado - 2026-09-21 10:10:12
[21-Sep-2026 10:10:12 America/Mexico_City] Script finalizado - Tiempo de ejecución: 0.021s
[21-Sep-2026 10:10:15 America/Mexico_City] Sistema iniciado - 2026-09-21 10:10:15
[21-Sep-2026 10:10:15 America/Mexico_City] Script finalizado - Tiempo de ejecución: 0.022s
[21-Sep-2026 10:10:27 America/Mexico_City] Sistema iniciado - 2026-09-21 10:10:27
[21-Sep-2026 10:10:27 America/Mexico_City] Script finalizado - Tiempo de ejecución: 0.039s
[21-Sep-2026 10:10:53 America/Mexico_City] Sistema iniciado - 2026-09-21 10:10:53
[21-Sep-2026 10:10:53 America/Mexico_City] Script finalizado - Tiempo de ejecución: 0.023s
[21-Sep-2026 10:11:01 America/Mexico_City] Sistema iniciado - 2026-09-21 10:11:01
[21-Sep-2026 10:11:01 America/Mexico_City] Script finalizado - Tiempo de ejecución: 0.024s
[21-Sep-2026 10:11:12 America/Mexico_City] Sistema iniciado - 2026-09-21 10:11:12
[21-Sep-2026 10:11:12 America/Mexico_City] Script finalizado - Tiempo de ejecución: 0.051s
[21-Sep-2026 10:55:29 America/Mexico_City] Sistema iniciado - 2026-09-21 10:55:29
[21-Sep-2026 10:55:30 America/Mexico_City] Script finalizado - Tiempo de ejecución: 0.131s
[21-Sep-2026 10:59:07 America/Mexico_City] Sistema iniciado - 2026-09-21 10:59:07
[21-Sep-2026 10:59:07 America/Mexico_City] Script finalizado - Tiempo de ejecución: 0.038s
[21-Sep-2026 10:59:10 America/Mexico_City] Sistema iniciado - 2026-09-21 10:59:10
[21-Sep-2026 10:59:10 America/Mexico_City] Script finalizado - Tiempo de ejecución: 0.031s
[21-Sep-2026 10:59:20 America/Mexico_City] Sistema iniciado - 2026-09-21 10:59:20
[21-Sep-2026 10:59:20 America/Mexico_City] Script finalizado - Tiempo de ejecución: 0.552s
[21-Sep-2026 10:59:22 America/Mexico_City] Sistema iniciado - 2026-09-21 10:59:22
[21-Sep-2026 10:59:22 America/Mexico_City] Script finalizado - Tiempo de ejecución: 0.022s
[21-Sep-2026 10:59:31 America/Mexico_City] Sistema iniciado - 2026-09-21 10:59:31
[21-Sep-2026 10:59:31 America/Mexico_City] PHP Notice:  session_start(): Ignoring session_start() because a session is already active in C:\xampp\htdocs\Punto-de-venta\index.php on line 11
[21-Sep-2026 10:59:31 America/Mexico_City] Script finalizado - Tiempo de ejecución: 0.052s
[21-Sep-2026 10:59:31 America/Mexico_City] Sistema iniciado - 2026-09-21 10:59:31
[21-Sep-2026 10:59:31 America/Mexico_City] Script finalizado - Tiempo de ejecución: 0.057s
[21-Sep-2026 10:59:58 America/Mexico_City] Sistema iniciado - 2026-09-21 10:59:58
[21-Sep-2026 10:59:59 America/Mexico_City] Script finalizado - Tiempo de ejecución: 0.536s
[21-Sep-2026 10:59:59 America/Mexico_City] Sistema iniciado - 2026-09-21 10:59:59
[21-Sep-2026 10:59:59 America/Mexico_City] PHP Notice:  session_start(): Ignoring session_start() because a session is already active in C:\xampp\htdocs\Punto-de-venta\index.php on line 11
[21-Sep-2026 10:59:59 America/Mexico_City] Script finalizado - Tiempo de ejecución: 0.031s
[21-Sep-2026 10:59:59 America/Mexico_City] Sistema iniciado - 2026-09-21 10:59:59
[21-Sep-2026 10:59:59 America/Mexico_City] Script finalizado - Tiempo de ejecución: 0.062s
[21-Sep-2026 11:56:28 America/Mexico_City] Sistema iniciado - 2026-09-21 11:56:28
[21-Sep-2026 11:56:29 America/Mexico_City] Script finalizado - Tiempo de ejecución: 0.527s
[21-Sep-2026 11:56:29 America/Mexico_City] Sistema iniciado - 2026-09-21 11:56:29
[21-Sep-2026 11:56:29 America/Mexico_City] PHP Notice:  session_start(): Ignoring session_start() because a session is already active in C:\xampp\htdocs\Punto-de-venta\index.php on line 11
[21-Sep-2026 11:56:29 America/Mexico_City] Script finalizado - Tiempo de ejecución: 0.045s
[21-Sep-2026 11:56:29 America/Mexico_City] Sistema iniciado - 2026-09-21 11:56:29
[21-Sep-2026 11:56:29 America/Mexico_City] Script finalizado - Tiempo de ejecución: 0.038s
[21-Sep-2026 11:56:47 America/Mexico_City] Sistema iniciado - 2026-09-21 11:56:47
[21-Sep-2026 11:56:47 America/Mexico_City] Script finalizado - Tiempo de ejecución: 0.048s
[21-Sep-2026 11:56:50 America/Mexico_City] Sistema iniciado - 2026-09-21 11:56:50
[21-Sep-2026 11:56:50 America/Mexico_City] Script finalizado - Tiempo de ejecución: 0.016s
[21-Sep-2026 11:56:52 America/Mexico_City] Sistema iniciado - 2026-09-21 11:56:52
[21-Sep-2026 11:56:53 America/Mexico_City] Script finalizado - Tiempo de ejecución: 0.037s
[21-Sep-2026 11:57:08 America/Mexico_City] Sistema iniciado - 2026-09-21 11:57:08
[21-Sep-2026 11:57:08 America/Mexico_City] Script finalizado - Tiempo de ejecución: 0.031s
[21-Sep-2026 11:57:13 America/Mexico_City] Sistema iniciado - 2026-09-21 11:57:13
[21-Sep-2026 11:57:13 America/Mexico_City] Script finalizado - Tiempo de ejecución: 0.045s
[21-Sep-2026 12:01:20 America/Mexico_City] Sistema iniciado - 2026-09-21 12:01:20
[21-Sep-2026 12:01:20 America/Mexico_City] Script finalizado - Tiempo de ejecución: 0.03s
[21-Sep-2026 12:02:13 America/Mexico_City] Sistema iniciado - 2026-09-21 12:02:13
[21-Sep-2026 12:02:13 America/Mexico_City] Script finalizado - Tiempo de ejecución: 0.054s
[21-Sep-2026 12:15:30 America/Mexico_City] Sistema iniciado - 2026-09-21 12:15:30
[21-Sep-2026 12:15:30 America/Mexico_City] Script finalizado - Tiempo de ejecución: 0.034s
[21-Sep-2026 12:31:58 America/Mexico_City] Sistema iniciado - 2026-09-21 12:31:58
[21-Sep-2026 12:31:58 America/Mexico_City] Script finalizado - Tiempo de ejecución: 0.026s
[21-Sep-2026 12:32:46 America/Mexico_City] Sistema iniciado - 2026-09-21 12:32:46
[21-Sep-2026 12:32:46 America/Mexico_City] Script finalizado - Tiempo de ejecución: 0.044s
[21-Sep-2026 13:09:31 America/Mexico_City] Sistema iniciado - 2026-09-21 13:09:31
[21-Sep-2026 13:09:31 America/Mexico_City] Script finalizado - Tiempo de ejecución: 0.046s
[21-Sep-2026 13:15:27 America/Mexico_City] Sistema iniciado - 2026-09-21 13:15:27
[21-Sep-2026 13:15:27 America/Mexico_City] Script finalizado - Tiempo de ejecución: 0.031s
[21-Sep-2026 13:15:31 America/Mexico_City] Sistema iniciado - 2026-09-21 13:15:31
[21-Sep-2026 13:15:31 America/Mexico_City] Script finalizado - Tiempo de ejecución: 0.036s
[21-Sep-2026 13:15:49 America/Mexico_City] Sistema iniciado - 2026-09-21 13:15:49
[21-Sep-2026 13:15:49 America/Mexico_City] Script finalizado - Tiempo de ejecución: 0.042s
[21-Sep-2026 13:15:51 America/Mexico_City] Sistema iniciado - 2026-09-21 13:15:51
[21-Sep-2026 13:15:51 America/Mexico_City] Script finalizado - Tiempo de ejecución: 0.032s
[21-Sep-2026 13:16:01 America/Mexico_City] Sistema iniciado - 2026-09-21 13:16:01
[21-Sep-2026 13:16:01 America/Mexico_City] Script finalizado - Tiempo de ejecución: 0.031s
[21-Sep-2026 13:18:26 America/Mexico_City] Sistema iniciado - 2026-09-21 13:18:26
[21-Sep-2026 13:18:26 America/Mexico_City] Script finalizado - Tiempo de ejecución: 0.042s
[21-Sep-2026 13:26:47 America/Mexico_City] Sistema iniciado - 2026-09-21 13:26:47
[21-Sep-2026 13:26:48 America/Mexico_City] Script finalizado - Tiempo de ejecución: 0.679s
[21-Sep-2026 13:26:48 America/Mexico_City] Sistema iniciado - 2026-09-21 13:26:48
[21-Sep-2026 13:26:48 America/Mexico_City] PHP Notice:  session_start(): Ignoring session_start() because a session is already active in C:\xampp\htdocs\Punto-de-venta\index.php on line 11
[21-Sep-2026 13:26:48 America/Mexico_City] Script finalizado - Tiempo de ejecución: 0.031s
[21-Sep-2026 13:26:48 America/Mexico_City] Sistema iniciado - 2026-09-21 13:26:48
[21-Sep-2026 13:26:48 America/Mexico_City] Script finalizado - Tiempo de ejecución: 0.059s
[21-Sep-2026 13:31:54 America/Mexico_City] Sistema iniciado - 2026-09-21 13:31:54
[21-Sep-2026 13:31:54 America/Mexico_City] Script finalizado - Tiempo de ejecución: 0.032s
[21-Sep-2026 13:31:54 America/Mexico_City] Sistema iniciado - 2026-09-21 13:31:54
[21-Sep-2026 13:31:54 America/Mexico_City] Script finalizado - Tiempo de ejecución: 0.027s
[21-Sep-2026 13:31:59 America/Mexico_City] Sistema iniciado - 2026-09-21 13:31:59
[21-Sep-2026 13:31:59 America/Mexico_City] Script finalizado - Tiempo de ejecución: 0.023s
[21-Sep-2026 13:32:00 America/Mexico_City] Sistema iniciado - 2026-09-21 13:32:00
[21-Sep-2026 13:32:00 America/Mexico_City] Script finalizado - Tiempo de ejecución: 0.044s
[21-Sep-2026 13:32:02 America/Mexico_City] Sistema iniciado - 2026-09-21 13:32:02
[21-Sep-2026 13:32:02 America/Mexico_City] Script finalizado - Tiempo de ejecución: 0.052s
[21-Sep-2026 13:45:18 America/Mexico_City] Sistema iniciado - 2026-09-21 13:45:18
[21-Sep-2026 13:45:19 America/Mexico_City] Script finalizado - Tiempo de ejecución: 0.656s
[21-Sep-2026 13:45:19 America/Mexico_City] Sistema iniciado - 2026-09-21 13:45:19
[21-Sep-2026 13:45:19 America/Mexico_City] PHP Notice:  session_start(): Ignoring session_start() because a session is already active in C:\xampp\htdocs\Punto-de-venta\index.php on line 11
[21-Sep-2026 13:45:19 America/Mexico_City] Script finalizado - Tiempo de ejecución: 0.029s
[21-Sep-2026 13:45:19 America/Mexico_City] Sistema iniciado - 2026-09-21 13:45:19
[21-Sep-2026 13:45:19 America/Mexico_City] Script finalizado - Tiempo de ejecución: 0.037s
[21-Sep-2026 13:45:38 America/Mexico_City] Sistema iniciado - 2026-09-21 13:45:38
[21-Sep-2026 13:45:38 America/Mexico_City] Script finalizado - Tiempo de ejecución: 0.04s
[21-Sep-2026 13:50:48 America/Mexico_City] Sistema iniciado - 2026-09-21 13:50:48
[21-Sep-2026 13:50:48 America/Mexico_City] Script finalizado - Tiempo de ejecución: 0.167s
[21-Sep-2026 13:50:50 America/Mexico_City] Sistema iniciado - 2026-09-21 13:50:50
[21-Sep-2026 13:50:50 America/Mexico_City] Script finalizado - Tiempo de ejecución: 0.024s
[21-Sep-2026 13:50:53 America/Mexico_City] Sistema iniciado - 2026-09-21 13:50:53
[21-Sep-2026 13:50:53 America/Mexico_City] Script finalizado - Tiempo de ejecución: 0.105s
[21-Sep-2026 13:54:42 America/Mexico_City] Sistema iniciado - 2026-09-21 13:54:42
[21-Sep-2026 13:54:42 America/Mexico_City] Script finalizado - Tiempo de ejecución: 0.05s
[21-Sep-2026 13:54:43 America/Mexico_City] Sistema iniciado - 2026-09-21 13:54:43
[21-Sep-2026 13:54:43 America/Mexico_City] Script finalizado - Tiempo de ejecución: 0.047s
[21-Sep-2026 13:54:46 America/Mexico_City] Sistema iniciado - 2026-09-21 13:54:46
[21-Sep-2026 13:54:46 America/Mexico_City] Script finalizado - Tiempo de ejecución: 0.025s
[21-Sep-2026 13:54:49 America/Mexico_City] Sistema iniciado - 2026-09-21 13:54:49
[21-Sep-2026 13:54:49 America/Mexico_City] Script finalizado - Tiempo de ejecución: 0.027s
[21-Sep-2026 13:55:10 America/Mexico_City] Sistema iniciado - 2026-09-21 13:55:10
[21-Sep-2026 13:55:10 America/Mexico_City] Script finalizado - Tiempo de ejecución: 0.12s
[21-Sep-2026 13:55:11 America/Mexico_City] Sistema iniciado - 2026-09-21 13:55:11
[21-Sep-2026 13:55:11 America/Mexico_City] Script finalizado - Tiempo de ejecución: 0.04s
[21-Sep-2026 13:55:13 America/Mexico_City] Sistema iniciado - 2026-09-21 13:55:13
[21-Sep-2026 13:55:13 America/Mexico_City] Script finalizado - Tiempo de ejecución: 0.024s
[21-Sep-2026 13:55:18 America/Mexico_City] Sistema iniciado - 2026-09-21 13:55:18
[21-Sep-2026 13:55:18 America/Mexico_City] Script finalizado - Tiempo de ejecución: 0.028s
[21-Sep-2026 13:55:21 America/Mexico_City] Sistema iniciado - 2026-09-21 13:55:21
[21-Sep-2026 13:55:21 America/Mexico_City] Script finalizado - Tiempo de ejecución: 0.046s
[21-Sep-2026 15:19:37 America/Mexico_City] Sistema iniciado - 2026-09-21 15:19:37
[21-Sep-2026 15:19:37 America/Mexico_City] Script finalizado - Tiempo de ejecución: 0.022s
[21-Sep-2026 15:19:50 America/Mexico_City] Sistema iniciado - 2026-09-21 15:19:50
[21-Sep-2026 15:19:50 America/Mexico_City] Script finalizado - Tiempo de ejecución: 0.034s
[21-Sep-2026 15:19:52 America/Mexico_City] Sistema iniciado - 2026-09-21 15:19:52
[21-Sep-2026 15:19:52 America/Mexico_City] Script finalizado - Tiempo de ejecución: 0.04s
[21-Sep-2026 15:19:56 America/Mexico_City] Sistema iniciado - 2026-09-21 15:19:56
[21-Sep-2026 15:19:56 America/Mexico_City] Script finalizado - Tiempo de ejecución: 0.041s
[21-Sep-2026 16:07:11 America/Mexico_City] Sistema iniciado - 2026-09-21 16:07:11
[21-Sep-2026 16:07:11 America/Mexico_City] Script finalizado - Tiempo de ejecución: 0.486s
[21-Sep-2026 16:07:11 America/Mexico_City] Sistema iniciado - 2026-09-21 16:07:11
[21-Sep-2026 16:07:11 America/Mexico_City] PHP Notice:  session_start(): Ignoring session_start() because a session is already active in C:\xampp\htdocs\Punto-de-venta\index.php on line 11
[21-Sep-2026 16:07:11 America/Mexico_City] Script finalizado - Tiempo de ejecución: 0.033s
[21-Sep-2026 16:07:11 America/Mexico_City] Sistema iniciado - 2026-09-21 16:07:11
[21-Sep-2026 16:07:11 America/Mexico_City] Script finalizado - Tiempo de ejecución: 0.047s
[21-Sep-2026 16:07:20 America/Mexico_City] Sistema iniciado - 2026-09-21 16:07:20
[21-Sep-2026 16:07:20 America/Mexico_City] Script finalizado - Tiempo de ejecución: 0.024s
[21-Sep-2026 16:07:23 America/Mexico_City] Sistema iniciado - 2026-09-21 16:07:23
[21-Sep-2026 16:07:23 America/Mexico_City] Script finalizado - Tiempo de ejecución: 0.024s
[21-Sep-2026 16:07:25 America/Mexico_City] Sistema iniciado - 2026-09-21 16:07:25
[21-Sep-2026 16:07:25 America/Mexico_City] Script finalizado - Tiempo de ejecución: 0.053s
[21-Sep-2026 16:07:33 America/Mexico_City] Sistema iniciado - 2026-09-21 16:07:33
[21-Sep-2026 16:07:33 America/Mexico_City] Script finalizado - Tiempo de ejecución: 0.02s
[21-Sep-2026 16:08:03 America/Mexico_City] Sistema iniciado - 2026-09-21 16:08:03
[21-Sep-2026 16:08:03 America/Mexico_City] Script finalizado - Tiempo de ejecución: 0.027s
[21-Sep-2026 17:39:37 America/Mexico_City] Sistema iniciado - 2026-09-21 17:39:37
[21-Sep-2026 17:39:37 America/Mexico_City] Script finalizado - Tiempo de ejecución: 0.056s
[21-Sep-2026 17:42:41 America/Mexico_City] Sistema iniciado - 2026-09-21 17:42:41
[21-Sep-2026 17:42:41 America/Mexico_City] Script finalizado - Tiempo de ejecución: 0.156s
[21-Sep-2026 17:42:43 America/Mexico_City] Sistema iniciado - 2026-09-21 17:42:43
[21-Sep-2026 17:42:43 America/Mexico_City] Script finalizado - Tiempo de ejecución: 0.059s
[21-Sep-2026 17:42:46 America/Mexico_City] Sistema iniciado - 2026-09-21 17:42:46
[21-Sep-2026 17:42:46 America/Mexico_City] Script finalizado - Tiempo de ejecución: 0.043s
[21-Sep-2026 17:42:55 America/Mexico_City] Sistema iniciado - 2026-09-21 17:42:55
[21-Sep-2026 17:42:55 America/Mexico_City] Script finalizado - Tiempo de ejecución: 0.1s
[21-Sep-2026 17:42:56 America/Mexico_City] Sistema iniciado - 2026-09-21 17:42:56
[21-Sep-2026 17:42:56 America/Mexico_City] Script finalizado - Tiempo de ejecución: 0.023s
[21-Sep-2026 17:42:58 America/Mexico_City] Sistema iniciado - 2026-09-21 17:42:58
[21-Sep-2026 17:42:58 America/Mexico_City] Script finalizado - Tiempo de ejecución: 0.024s
[21-Sep-2026 17:43:00 America/Mexico_City] Sistema iniciado - 2026-09-21 17:43:00
[21-Sep-2026 17:43:00 America/Mexico_City] Script finalizado - Tiempo de ejecución: 0.034s
[21-Sep-2026 17:43:03 America/Mexico_City] Sistema iniciado - 2026-09-21 17:43:03
[21-Sep-2026 17:43:03 America/Mexico_City] Script finalizado - Tiempo de ejecución: 0.038s
[22-Sep-2026 09:27:38 America/Mexico_City] Sistema iniciado - 2026-09-22 09:27:38
[22-Sep-2026 09:27:39 America/Mexico_City] Script finalizado - Tiempo de ejecución: 0.654s
[22-Sep-2026 09:27:39 America/Mexico_City] Sistema iniciado - 2026-09-22 09:27:39
[22-Sep-2026 09:27:39 America/Mexico_City] PHP Notice:  session_start(): Ignoring session_start() because a session is already active in C:\xampp\htdocs\Punto-de-venta\index.php on line 11
[22-Sep-2026 09:27:39 America/Mexico_City] Script finalizado - Tiempo de ejecución: 0.037s
[22-Sep-2026 09:27:39 America/Mexico_City] Sistema iniciado - 2026-09-22 09:27:39
[22-Sep-2026 09:27:39 America/Mexico_City] Script finalizado - Tiempo de ejecución: 0.037s
[22-Sep-2026 09:27:50 America/Mexico_City] Sistema iniciado - 2026-09-22 09:27:50
[22-Sep-2026 09:27:50 America/Mexico_City] Script finalizado - Tiempo de ejecución: 0.07s
[22-Sep-2026 09:27:55 America/Mexico_City] Sistema iniciado - 2026-09-22 09:27:55
[22-Sep-2026 09:27:55 America/Mexico_City] Script finalizado - Tiempo de ejecución: 0.048s
[22-Sep-2026 09:27:57 America/Mexico_City] Sistema iniciado - 2026-09-22 09:27:57
[22-Sep-2026 09:27:57 America/Mexico_City] Script finalizado - Tiempo de ejecución: 0.042s
[22-Sep-2026 09:27:59 America/Mexico_City] Sistema iniciado - 2026-09-22 09:27:59
[22-Sep-2026 09:27:59 America/Mexico_City] Script finalizado - Tiempo de ejecución: 0.039s
[22-Sep-2026 09:27:59 America/Mexico_City] Sistema iniciado - 2026-09-22 09:27:59
[22-Sep-2026 09:27:59 America/Mexico_City] Script finalizado - Tiempo de ejecución: 0.025s
[22-Sep-2026 09:28:02 America/Mexico_City] Sistema iniciado - 2026-09-22 09:28:02
[22-Sep-2026 09:28:02 America/Mexico_City] Script finalizado - Tiempo de ejecución: 0.062s
[22-Sep-2026 09:28:08 America/Mexico_City] Sistema iniciado - 2026-09-22 09:28:08
[22-Sep-2026 09:28:08 America/Mexico_City] Script finalizado - Tiempo de ejecución: 0.061s
[22-Sep-2026 09:41:39 America/Mexico_City] Sistema iniciado - 2026-09-22 09:41:39
[22-Sep-2026 09:41:39 America/Mexico_City] Script finalizado - Tiempo de ejecución: 0.046s
[22-Sep-2026 09:41:41 America/Mexico_City] Sistema iniciado - 2026-09-22 09:41:41
[22-Sep-2026 09:41:41 America/Mexico_City] Script finalizado - Tiempo de ejecución: 0.095s
[22-Sep-2026 09:42:43 America/Mexico_City] Sistema iniciado - 2026-09-22 09:42:43
[22-Sep-2026 09:42:43 America/Mexico_City] Script finalizado - Tiempo de ejecución: 0.031s
[22-Sep-2026 09:42:48 America/Mexico_City] Sistema iniciado - 2026-09-22 09:42:48
[22-Sep-2026 09:42:48 America/Mexico_City] Script finalizado - Tiempo de ejecución: 0.033s
[22-Sep-2026 09:42:53 America/Mexico_City] Sistema iniciado - 2026-09-22 09:42:53
[22-Sep-2026 09:42:53 America/Mexico_City] Script finalizado - Tiempo de ejecución: 0.081s
[22-Sep-2026 09:42:59 America/Mexico_City] Sistema iniciado - 2026-09-22 09:42:59
[22-Sep-2026 09:42:59 America/Mexico_City] Script finalizado - Tiempo de ejecución: 0.068s
[22-Sep-2026 09:44:08 America/Mexico_City] Sistema iniciado - 2026-09-22 09:44:08
[22-Sep-2026 09:44:08 America/Mexico_City] Script finalizado - Tiempo de ejecución: 0.044s
[22-Sep-2026 09:45:32 America/Mexico_City] Sistema iniciado - 2026-09-22 09:45:32
[22-Sep-2026 09:45:32 America/Mexico_City] Script finalizado - Tiempo de ejecución: 0.06s
[22-Sep-2026 09:45:58 America/Mexico_City] Sistema iniciado - 2026-09-22 09:45:58
[22-Sep-2026 09:45:58 America/Mexico_City] Script finalizado - Tiempo de ejecución: 0.241s
[22-Sep-2026 09:46:00 America/Mexico_City] Sistema iniciado - 2026-09-22 09:46:00
[22-Sep-2026 09:46:00 America/Mexico_City] Script finalizado - Tiempo de ejecución: 0.107s
[22-Sep-2026 09:46:53 America/Mexico_City] Sistema iniciado - 2026-09-22 09:46:53
[22-Sep-2026 09:46:53 America/Mexico_City] Script finalizado - Tiempo de ejecución: 0.03s
[22-Sep-2026 09:46:56 America/Mexico_City] Sistema iniciado - 2026-09-22 09:46:56
[22-Sep-2026 09:46:56 America/Mexico_City] Script finalizado - Tiempo de ejecución: 0.022s
[22-Sep-2026 09:47:31 America/Mexico_City] Sistema iniciado - 2026-09-22 09:47:31
[22-Sep-2026 09:47:31 America/Mexico_City] Script finalizado - Tiempo de ejecución: 0.025s
[22-Sep-2026 09:47:34 America/Mexico_City] Sistema iniciado - 2026-09-22 09:47:34
[22-Sep-2026 09:47:34 America/Mexico_City] Script finalizado - Tiempo de ejecución: 0.054s
[22-Sep-2026 09:47:43 America/Mexico_City] Sistema iniciado - 2026-09-22 09:47:43
[22-Sep-2026 09:47:43 America/Mexico_City] Script finalizado - Tiempo de ejecución: 0.026s
[22-Sep-2026 09:53:42 America/Mexico_City] Sistema iniciado - 2026-09-22 09:53:42
[22-Sep-2026 09:53:42 America/Mexico_City] Script finalizado - Tiempo de ejecución: 0.037s
[22-Sep-2026 09:53:48 America/Mexico_City] Sistema iniciado - 2026-09-22 09:53:48
[22-Sep-2026 09:53:48 America/Mexico_City] Script finalizado - Tiempo de ejecución: 0.045s
[22-Sep-2026 09:53:50 America/Mexico_City] Sistema iniciado - 2026-09-22 09:53:50
[22-Sep-2026 09:53:50 America/Mexico_City] Script finalizado - Tiempo de ejecución: 0.025s
[22-Sep-2026 09:54:03 America/Mexico_City] Sistema iniciado - 2026-09-22 09:54:03
[22-Sep-2026 09:54:03 America/Mexico_City] Script finalizado - Tiempo de ejecución: 0.035s
[22-Sep-2026 09:54:04 America/Mexico_City] Sistema iniciado - 2026-09-22 09:54:04
[22-Sep-2026 09:54:04 America/Mexico_City] Script finalizado - Tiempo de ejecución: 0.029s
[22-Sep-2026 09:54:08 America/Mexico_City] Sistema iniciado - 2026-09-22 09:54:08
[22-Sep-2026 09:54:08 America/Mexico_City] Script finalizado - Tiempo de ejecución: 0.029s
[22-Sep-2026 09:54:12 America/Mexico_City] Sistema iniciado - 2026-09-22 09:54:12
[22-Sep-2026 09:54:12 America/Mexico_City] Script finalizado - Tiempo de ejecución: 0.024s
[22-Sep-2026 09:54:20 America/Mexico_City] Sistema iniciado - 2026-09-22 09:54:20
[22-Sep-2026 09:54:20 America/Mexico_City] Script finalizado - Tiempo de ejecución: 0.046s
[22-Sep-2026 09:54:28 America/Mexico_City] Sistema iniciado - 2026-09-22 09:54:28
[22-Sep-2026 09:54:28 America/Mexico_City] Script finalizado - Tiempo de ejecución: 0.035s
[22-Sep-2026 09:54:31 America/Mexico_City] Sistema iniciado - 2026-09-22 09:54:31
[22-Sep-2026 09:54:31 America/Mexico_City] Script finalizado - Tiempo de ejecución: 0.022s
[22-Sep-2026 09:54:49 America/Mexico_City] Sistema iniciado - 2026-09-22 09:54:49
[22-Sep-2026 09:54:49 America/Mexico_City] Script finalizado - Tiempo de ejecución: 0.025s
[22-Sep-2026 09:54:50 America/Mexico_City] Sistema iniciado - 2026-09-22 09:54:50
[22-Sep-2026 09:54:50 America/Mexico_City] Script finalizado - Tiempo de ejecución: 0.045s
[22-Sep-2026 09:54:55 America/Mexico_City] Sistema iniciado - 2026-09-22 09:54:55
[22-Sep-2026 09:54:55 America/Mexico_City] Script finalizado - Tiempo de ejecución: 0.045s
[22-Sep-2026 09:54:59 America/Mexico_City] Sistema iniciado - 2026-09-22 09:54:59
[22-Sep-2026 09:54:59 America/Mexico_City] Script finalizado - Tiempo de ejecución: 0.022s
[22-Sep-2026 09:55:09 America/Mexico_City] Sistema iniciado - 2026-09-22 09:55:09
[22-Sep-2026 09:55:09 America/Mexico_City] Script finalizado - Tiempo de ejecución: 0.024s
[22-Sep-2026 09:55:11 America/Mexico_City] Sistema iniciado - 2026-09-22 09:55:11
[22-Sep-2026 09:55:11 America/Mexico_City] Script finalizado - Tiempo de ejecución: 0.028s
[22-Sep-2026 09:55:16 America/Mexico_City] Sistema iniciado - 2026-09-22 09:55:16
[22-Sep-2026 09:55:16 America/Mexico_City] Script finalizado - Tiempo de ejecución: 0.045s
[22-Sep-2026 09:55:17 America/Mexico_City] Sistema iniciado - 2026-09-22 09:55:17
[22-Sep-2026 09:55:17 America/Mexico_City] Script finalizado - Tiempo de ejecución: 0.024s
[22-Sep-2026 09:55:28 America/Mexico_City] Sistema iniciado - 2026-09-22 09:55:28
[22-Sep-2026 09:55:28 America/Mexico_City] Script finalizado - Tiempo de ejecución: 0.031s
[22-Sep-2026 09:55:34 America/Mexico_City] Sistema iniciado - 2026-09-22 09:55:34
[22-Sep-2026 09:55:34 America/Mexico_City] Script finalizado - Tiempo de ejecución: 0.056s
[22-Sep-2026 09:55:36 America/Mexico_City] Sistema iniciado - 2026-09-22 09:55:36
[22-Sep-2026 09:55:36 America/Mexico_City] Script finalizado - Tiempo de ejecución: 0.067s
[22-Sep-2026 09:55:39 America/Mexico_City] Sistema iniciado - 2026-09-22 09:55:39
[22-Sep-2026 09:55:39 America/Mexico_City] Script finalizado - Tiempo de ejecución: 0.05s
[22-Sep-2026 09:58:33 America/Mexico_City] Sistema iniciado - 2026-09-22 09:58:33
[22-Sep-2026 09:58:33 America/Mexico_City] Script finalizado - Tiempo de ejecución: 0.033s
[22-Sep-2026 09:59:14 America/Mexico_City] Sistema iniciado - 2026-09-22 09:59:14
[22-Sep-2026 09:59:14 America/Mexico_City] Script finalizado - Tiempo de ejecución: 0.165s
[22-Sep-2026 09:59:16 America/Mexico_City] Sistema iniciado - 2026-09-22 09:59:16
[22-Sep-2026 09:59:16 America/Mexico_City] Script finalizado - Tiempo de ejecución: 0.029s
[22-Sep-2026 09:59:33 America/Mexico_City] Sistema iniciado - 2026-09-22 09:59:33
[22-Sep-2026 09:59:33 America/Mexico_City] Script finalizado - Tiempo de ejecución: 0.034s
[22-Sep-2026 09:59:41 America/Mexico_City] Sistema iniciado - 2026-09-22 09:59:41
[22-Sep-2026 09:59:41 America/Mexico_City] Script finalizado - Tiempo de ejecución: 0.026s
[22-Sep-2026 10:00:14 America/Mexico_City] Sistema iniciado - 2026-09-22 10:00:14
[22-Sep-2026 10:00:14 America/Mexico_City] Script finalizado - Tiempo de ejecución: 0.024s
[22-Sep-2026 10:02:01 America/Mexico_City] Sistema iniciado - 2026-09-22 10:02:01
[22-Sep-2026 10:02:01 America/Mexico_City] Script finalizado - Tiempo de ejecución: 0.028s
[22-Sep-2026 10:03:33 America/Mexico_City] Sistema iniciado - 2026-09-22 10:03:33
[22-Sep-2026 10:03:33 America/Mexico_City] Script finalizado - Tiempo de ejecución: 0.052s
[22-Sep-2026 10:03:59 America/Mexico_City] Sistema iniciado - 2026-09-22 10:03:59
[22-Sep-2026 10:04:00 America/Mexico_City] Script finalizado - Tiempo de ejecución: 0.064s
[22-Sep-2026 10:04:51 America/Mexico_City] Sistema iniciado - 2026-09-22 10:04:51
[22-Sep-2026 10:04:51 America/Mexico_City] Script finalizado - Tiempo de ejecución: 0.159s
[22-Sep-2026 10:04:53 America/Mexico_City] Sistema iniciado - 2026-09-22 10:04:53
[22-Sep-2026 10:04:53 America/Mexico_City] Script finalizado - Tiempo de ejecución: 0.055s
[22-Sep-2026 10:18:14 America/Mexico_City] Sistema iniciado - 2026-09-22 10:18:14
[22-Sep-2026 10:18:14 America/Mexico_City] Script finalizado - Tiempo de ejecución: 0.052s
[22-Sep-2026 10:18:20 America/Mexico_City] Sistema iniciado - 2026-09-22 10:18:20
[22-Sep-2026 10:18:20 America/Mexico_City] Script finalizado - Tiempo de ejecución: 0.064s
[22-Sep-2026 10:18:29 America/Mexico_City] Sistema iniciado - 2026-09-22 10:18:29
[22-Sep-2026 10:18:29 America/Mexico_City] Script finalizado - Tiempo de ejecución: 0.026s
[22-Sep-2026 10:18:34 America/Mexico_City] Sistema iniciado - 2026-09-22 10:18:34
[22-Sep-2026 10:18:34 America/Mexico_City] Script finalizado - Tiempo de ejecución: 0.062s
[22-Sep-2026 10:18:36 America/Mexico_City] Sistema iniciado - 2026-09-22 10:18:36
[22-Sep-2026 10:18:36 America/Mexico_City] Script finalizado - Tiempo de ejecución: 0.025s
[22-Sep-2026 10:19:49 America/Mexico_City] Sistema iniciado - 2026-09-22 10:19:49
[22-Sep-2026 10:19:49 America/Mexico_City] Script finalizado - Tiempo de ejecución: 0.022s
[22-Sep-2026 10:19:53 America/Mexico_City] Sistema iniciado - 2026-09-22 10:19:53
[22-Sep-2026 10:19:54 America/Mexico_City] Script finalizado - Tiempo de ejecución: 0.031s
[22-Sep-2026 10:50:02 America/Mexico_City] Sistema iniciado - 2026-09-22 10:50:02
[22-Sep-2026 10:50:02 America/Mexico_City] Script finalizado - Tiempo de ejecución: 0.031s
[22-Sep-2026 10:50:05 America/Mexico_City] Sistema iniciado - 2026-09-22 10:50:05
[22-Sep-2026 10:50:05 America/Mexico_City] Script finalizado - Tiempo de ejecución: 0.023s
[22-Sep-2026 10:50:56 America/Mexico_City] Sistema iniciado - 2026-09-22 10:50:56
[22-Sep-2026 10:50:56 America/Mexico_City] Script finalizado - Tiempo de ejecución: 0.6s
[22-Sep-2026 10:50:58 America/Mexico_City] Sistema iniciado - 2026-09-22 10:50:58
[22-Sep-2026 10:50:58 America/Mexico_City] Script finalizado - Tiempo de ejecución: 0.05s
[22-Sep-2026 10:54:20 America/Mexico_City] Sistema iniciado - 2026-09-22 10:54:20
[22-Sep-2026 10:54:20 America/Mexico_City] Script finalizado - Tiempo de ejecución: 0.05s
[22-Sep-2026 10:54:50 America/Mexico_City] Sistema iniciado - 2026-09-22 10:54:50
[22-Sep-2026 10:54:50 America/Mexico_City] Script finalizado - Tiempo de ejecución: 0.024s
[22-Sep-2026 10:54:58 America/Mexico_City] Sistema iniciado - 2026-09-22 10:54:58
[22-Sep-2026 10:54:58 America/Mexico_City] Script finalizado - Tiempo de ejecución: 0.05s
[22-Sep-2026 11:07:55 America/Mexico_City] Sistema iniciado - 2026-09-22 11:07:55
[22-Sep-2026 11:07:56 America/Mexico_City] Script finalizado - Tiempo de ejecución: 0.519s
[22-Sep-2026 11:07:56 America/Mexico_City] Sistema iniciado - 2026-09-22 11:07:56
[22-Sep-2026 11:07:56 America/Mexico_City] PHP Notice:  session_start(): Ignoring session_start() because a session is already active in C:\xampp\htdocs\Punto-de-venta\index.php on line 11
[22-Sep-2026 11:07:56 America/Mexico_City] Script finalizado - Tiempo de ejecución: 0.037s
[22-Sep-2026 11:07:56 America/Mexico_City] Sistema iniciado - 2026-09-22 11:07:56
[22-Sep-2026 11:07:56 America/Mexico_City] Script finalizado - Tiempo de ejecución: 0.039s
[22-Sep-2026 11:08:09 America/Mexico_City] Sistema iniciado - 2026-09-22 11:08:09
[22-Sep-2026 11:08:09 America/Mexico_City] Script finalizado - Tiempo de ejecución: 0.033s
[22-Sep-2026 11:08:11 America/Mexico_City] Sistema iniciado - 2026-09-22 11:08:11
[22-Sep-2026 11:08:11 America/Mexico_City] Script finalizado - Tiempo de ejecución: 0.043s
[22-Sep-2026 11:08:17 America/Mexico_City] Sistema iniciado - 2026-09-22 11:08:17
[22-Sep-2026 11:08:17 America/Mexico_City] Script finalizado - Tiempo de ejecución: 0.05s
[22-Sep-2026 11:08:19 America/Mexico_City] Sistema iniciado - 2026-09-22 11:08:19
[22-Sep-2026 11:08:19 America/Mexico_City] Script finalizado - Tiempo de ejecución: 0.036s
[22-Sep-2026 11:08:22 America/Mexico_City] Sistema iniciado - 2026-09-22 11:08:22
[22-Sep-2026 11:08:22 America/Mexico_City] Script finalizado - Tiempo de ejecución: 0.049s
[22-Sep-2026 11:08:31 America/Mexico_City] Sistema iniciado - 2026-09-22 11:08:31
[22-Sep-2026 11:08:31 America/Mexico_City] Script finalizado - Tiempo de ejecución: 0.033s
[22-Sep-2026 11:08:33 America/Mexico_City] Sistema iniciado - 2026-09-22 11:08:33
[22-Sep-2026 11:08:33 America/Mexico_City] Script finalizado - Tiempo de ejecución: 0.042s
[22-Sep-2026 11:08:45 America/Mexico_City] Sistema iniciado - 2026-09-22 11:08:45
[22-Sep-2026 11:08:45 America/Mexico_City] Script finalizado - Tiempo de ejecución: 0.041s
[22-Sep-2026 11:08:49 America/Mexico_City] Sistema iniciado - 2026-09-22 11:08:49
[22-Sep-2026 11:08:50 America/Mexico_City] Script finalizado - Tiempo de ejecución: 0.039s
[22-Sep-2026 11:17:46 America/Mexico_City] Sistema iniciado - 2026-09-22 11:17:46
[22-Sep-2026 11:17:46 America/Mexico_City] Script finalizado - Tiempo de ejecución: 0.024s
[22-Sep-2026 11:17:48 America/Mexico_City] Sistema iniciado - 2026-09-22 11:17:48
[22-Sep-2026 11:17:48 America/Mexico_City] Script finalizado - Tiempo de ejecución: 0.049s
[22-Sep-2026 11:17:53 America/Mexico_City] Sistema iniciado - 2026-09-22 11:17:53
[22-Sep-2026 11:17:53 America/Mexico_City] Script finalizado - Tiempo de ejecución: 0.049s
[22-Sep-2026 11:17:57 America/Mexico_City] Sistema iniciado - 2026-09-22 11:17:57
[22-Sep-2026 11:17:57 America/Mexico_City] Script finalizado - Tiempo de ejecución: 0.033s
[22-Sep-2026 11:18:03 America/Mexico_City] Sistema iniciado - 2026-09-22 11:18:03
[22-Sep-2026 11:18:03 America/Mexico_City] Script finalizado - Tiempo de ejecución: 0.042s
[22-Sep-2026 11:18:06 America/Mexico_City] Sistema iniciado - 2026-09-22 11:18:06
[22-Sep-2026 11:18:06 America/Mexico_City] Script finalizado - Tiempo de ejecución: 0.041s
[22-Sep-2026 11:19:24 America/Mexico_City] Sistema iniciado - 2026-09-22 11:19:24
[22-Sep-2026 11:19:24 America/Mexico_City] Script finalizado - Tiempo de ejecución: 0.049s
[22-Sep-2026 11:21:01 America/Mexico_City] Sistema iniciado - 2026-09-22 11:21:01
[22-Sep-2026 11:21:01 America/Mexico_City] Script finalizado - Tiempo de ejecución: 0.044s
[22-Sep-2026 11:23:02 America/Mexico_City] Sistema iniciado - 2026-09-22 11:23:02
[22-Sep-2026 11:23:02 America/Mexico_City] Script finalizado - Tiempo de ejecución: 0.052s
[22-Sep-2026 11:23:25 America/Mexico_City] Sistema iniciado - 2026-09-22 11:23:25
[22-Sep-2026 11:23:26 America/Mexico_City] Script finalizado - Tiempo de ejecución: 0.041s
[22-Sep-2026 11:23:36 America/Mexico_City] Sistema iniciado - 2026-09-22 11:23:36
[22-Sep-2026 11:23:36 America/Mexico_City] Script finalizado - Tiempo de ejecución: 0.057s
[22-Sep-2026 11:23:41 America/Mexico_City] Sistema iniciado - 2026-09-22 11:23:41
[22-Sep-2026 11:23:41 America/Mexico_City] Script finalizado - Tiempo de ejecución: 0.063s
[22-Sep-2026 11:23:45 America/Mexico_City] Sistema iniciado - 2026-09-22 11:23:45
[22-Sep-2026 11:23:45 America/Mexico_City] Script finalizado - Tiempo de ejecución: 0.037s
[22-Sep-2026 11:28:12 America/Mexico_City] Sistema iniciado - 2026-09-22 11:28:12
[22-Sep-2026 11:28:12 America/Mexico_City] Script finalizado - Tiempo de ejecución: 0.512s
[22-Sep-2026 11:28:12 America/Mexico_City] Sistema iniciado - 2026-09-22 11:28:12
[22-Sep-2026 11:28:12 America/Mexico_City] PHP Notice:  session_start(): Ignoring session_start() because a session is already active in C:\xampp\htdocs\Punto-de-venta\index.php on line 11
[22-Sep-2026 11:28:12 America/Mexico_City] Script finalizado - Tiempo de ejecución: 0.036s
[22-Sep-2026 11:28:12 America/Mexico_City] Sistema iniciado - 2026-09-22 11:28:12
[22-Sep-2026 11:28:12 America/Mexico_City] Script finalizado - Tiempo de ejecución: 0.079s
[22-Sep-2026 11:28:16 America/Mexico_City] Sistema iniciado - 2026-09-22 11:28:16
[22-Sep-2026 11:28:16 America/Mexico_City] Script finalizado - Tiempo de ejecución: 0.04s
[22-Sep-2026 11:31:49 America/Mexico_City] Sistema iniciado - 2026-09-22 11:31:49
[22-Sep-2026 11:31:49 America/Mexico_City] Script finalizado - Tiempo de ejecución: 0.03s
[22-Sep-2026 11:31:53 America/Mexico_City] Sistema iniciado - 2026-09-22 11:31:53
[22-Sep-2026 11:31:53 America/Mexico_City] Script finalizado - Tiempo de ejecución: 0.043s
[22-Sep-2026 11:31:56 America/Mexico_City] Sistema iniciado - 2026-09-22 11:31:56
[22-Sep-2026 11:31:56 America/Mexico_City] Script finalizado - Tiempo de ejecución: 0.042s
[22-Sep-2026 11:32:02 America/Mexico_City] Sistema iniciado - 2026-09-22 11:32:02
[22-Sep-2026 11:32:02 America/Mexico_City] Script finalizado - Tiempo de ejecución: 0.041s
[22-Sep-2026 11:32:16 America/Mexico_City] Sistema iniciado - 2026-09-22 11:32:16
[22-Sep-2026 11:32:17 America/Mexico_City] Script finalizado - Tiempo de ejecución: 0.489s
[22-Sep-2026 11:32:17 America/Mexico_City] Sistema iniciado - 2026-09-22 11:32:17
[22-Sep-2026 11:32:17 America/Mexico_City] PHP Notice:  session_start(): Ignoring session_start() because a session is already active in C:\xampp\htdocs\Punto-de-venta\index.php on line 11
[22-Sep-2026 11:32:17 America/Mexico_City] Script finalizado - Tiempo de ejecución: 0.048s
[22-Sep-2026 11:32:17 America/Mexico_City] Sistema iniciado - 2026-09-22 11:32:17
[22-Sep-2026 11:32:17 America/Mexico_City] Script finalizado - Tiempo de ejecución: 0.054s
[22-Sep-2026 11:32:58 America/Mexico_City] Sistema iniciado - 2026-09-22 11:32:58
[22-Sep-2026 11:32:58 America/Mexico_City] Script finalizado - Tiempo de ejecución: 0.543s
[22-Sep-2026 11:32:58 America/Mexico_City] Sistema iniciado - 2026-09-22 11:32:58
[22-Sep-2026 11:32:58 America/Mexico_City] PHP Notice:  session_start(): Ignoring session_start() because a session is already active in C:\xampp\htdocs\Punto-de-venta\index.php on line 11
[22-Sep-2026 11:32:58 America/Mexico_City] Script finalizado - Tiempo de ejecución: 0.037s
[22-Sep-2026 11:32:58 America/Mexico_City] Sistema iniciado - 2026-09-22 11:32:58
[22-Sep-2026 11:32:58 America/Mexico_City] Script finalizado - Tiempo de ejecución: 0.05s
[22-Sep-2026 11:33:01 America/Mexico_City] Sistema iniciado - 2026-09-22 11:33:01
[22-Sep-2026 11:33:01 America/Mexico_City] Script finalizado - Tiempo de ejecución: 0.049s
[22-Sep-2026 11:33:10 America/Mexico_City] Sistema iniciado - 2026-09-22 11:33:10
[22-Sep-2026 11:33:10 America/Mexico_City] Script finalizado - Tiempo de ejecución: 0.029s
[22-Sep-2026 11:33:12 America/Mexico_City] Sistema iniciado - 2026-09-22 11:33:12
[22-Sep-2026 11:33:12 America/Mexico_City] Script finalizado - Tiempo de ejecución: 0.018s
[22-Sep-2026 11:33:15 America/Mexico_City] Sistema iniciado - 2026-09-22 11:33:15
[22-Sep-2026 11:33:15 America/Mexico_City] Script finalizado - Tiempo de ejecución: 0.04s
[22-Sep-2026 11:33:21 America/Mexico_City] Sistema iniciado - 2026-09-22 11:33:21
[22-Sep-2026 11:33:21 America/Mexico_City] Script finalizado - Tiempo de ejecución: 0.059s
[22-Sep-2026 11:33:23 America/Mexico_City] Sistema iniciado - 2026-09-22 11:33:23
[22-Sep-2026 11:33:23 America/Mexico_City] Script finalizado - Tiempo de ejecución: 0.028s
[22-Sep-2026 11:33:51 America/Mexico_City] Sistema iniciado - 2026-09-22 11:33:51
[22-Sep-2026 11:33:51 America/Mexico_City] Script finalizado - Tiempo de ejecución: 0.052s
[22-Sep-2026 11:33:53 America/Mexico_City] Sistema iniciado - 2026-09-22 11:33:53
[22-Sep-2026 11:33:53 America/Mexico_City] Script finalizado - Tiempo de ejecución: 0.04s
[22-Sep-2026 11:34:00 America/Mexico_City] Sistema iniciado - 2026-09-22 11:34:00
[22-Sep-2026 11:34:00 America/Mexico_City] Script finalizado - Tiempo de ejecución: 0.019s
[22-Sep-2026 11:34:32 America/Mexico_City] Sistema iniciado - 2026-09-22 11:34:32
[22-Sep-2026 11:34:32 America/Mexico_City] Script finalizado - Tiempo de ejecución: 0.028s
[22-Sep-2026 11:36:19 America/Mexico_City] Sistema iniciado - 2026-09-22 11:36:19
[22-Sep-2026 11:36:19 America/Mexico_City] Script finalizado - Tiempo de ejecución: 0.567s
[22-Sep-2026 11:36:20 America/Mexico_City] Sistema iniciado - 2026-09-22 11:36:20
[22-Sep-2026 11:36:20 America/Mexico_City] PHP Notice:  session_start(): Ignoring session_start() because a session is already active in C:\xampp\htdocs\Punto-de-venta\index.php on line 11
[22-Sep-2026 11:36:20 America/Mexico_City] Script finalizado - Tiempo de ejecución: 0.04s
[22-Sep-2026 11:36:20 America/Mexico_City] Sistema iniciado - 2026-09-22 11:36:20
[22-Sep-2026 11:36:20 America/Mexico_City] Script finalizado - Tiempo de ejecución: 0.059s
[22-Sep-2026 11:36:32 America/Mexico_City] Sistema iniciado - 2026-09-22 11:36:32
[22-Sep-2026 11:36:32 America/Mexico_City] Script finalizado - Tiempo de ejecución: 0.042s
[22-Sep-2026 11:38:35 America/Mexico_City] Sistema iniciado - 2026-09-22 11:38:35
[22-Sep-2026 11:38:35 America/Mexico_City] Script finalizado - Tiempo de ejecución: 0.042s
[22-Sep-2026 11:38:42 America/Mexico_City] Sistema iniciado - 2026-09-22 11:38:42
[22-Sep-2026 11:38:42 America/Mexico_City] Script finalizado - Tiempo de ejecución: 0.053s
[22-Sep-2026 11:38:46 America/Mexico_City] Sistema iniciado - 2026-09-22 11:38:46
[22-Sep-2026 11:38:46 America/Mexico_City] Script finalizado - Tiempo de ejecución: 0.036s
[22-Sep-2026 11:38:51 America/Mexico_City] Sistema iniciado - 2026-09-22 11:38:51
[22-Sep-2026 11:38:51 America/Mexico_City] Script finalizado - Tiempo de ejecución: 0.026s
[22-Sep-2026 11:38:53 America/Mexico_City] Sistema iniciado - 2026-09-22 11:38:53
[22-Sep-2026 11:38:53 America/Mexico_City] Script finalizado - Tiempo de ejecución: 0.021s
[22-Sep-2026 11:39:00 America/Mexico_City] Sistema iniciado - 2026-09-22 11:39:00
[22-Sep-2026 11:39:00 America/Mexico_City] Script finalizado - Tiempo de ejecución: 0.024s
[22-Sep-2026 11:39:03 America/Mexico_City] Sistema iniciado - 2026-09-22 11:39:03
[22-Sep-2026 11:39:03 America/Mexico_City] Script finalizado - Tiempo de ejecución: 0.039s
[22-Sep-2026 11:39:18 America/Mexico_City] Sistema iniciado - 2026-09-22 11:39:18
[22-Sep-2026 11:39:18 America/Mexico_City] Script finalizado - Tiempo de ejecución: 0.042s
[22-Sep-2026 11:39:20 America/Mexico_City] Sistema iniciado - 2026-09-22 11:39:20
[22-Sep-2026 11:39:20 America/Mexico_City] Script finalizado - Tiempo de ejecución: 0.029s
[22-Sep-2026 11:39:27 America/Mexico_City] Sistema iniciado - 2026-09-22 11:39:27
[22-Sep-2026 11:39:27 America/Mexico_City] Script finalizado - Tiempo de ejecución: 0.057s
[22-Sep-2026 11:39:29 America/Mexico_City] Sistema iniciado - 2026-09-22 11:39:29
[22-Sep-2026 11:39:29 America/Mexico_City] Script finalizado - Tiempo de ejecución: 0.021s
[22-Sep-2026 11:39:53 America/Mexico_City] Sistema iniciado - 2026-09-22 11:39:53
[22-Sep-2026 11:39:53 America/Mexico_City] Script finalizado - Tiempo de ejecución: 0.039s
[22-Sep-2026 11:40:16 America/Mexico_City] Sistema iniciado - 2026-09-22 11:40:16
[22-Sep-2026 11:40:16 America/Mexico_City] Script finalizado - Tiempo de ejecución: 0.048s
[22-Sep-2026 11:40:17 America/Mexico_City] Sistema iniciado - 2026-09-22 11:40:17
[22-Sep-2026 11:40:17 America/Mexico_City] Script finalizado - Tiempo de ejecución: 0.046s
[22-Sep-2026 11:40:17 America/Mexico_City] Sistema iniciado - 2026-09-22 11:40:17
[22-Sep-2026 11:40:17 America/Mexico_City] Script finalizado - Tiempo de ejecución: 0.024s
[22-Sep-2026 11:40:18 America/Mexico_City] Sistema iniciado - 2026-09-22 11:40:18
[22-Sep-2026 11:40:18 America/Mexico_City] Script finalizado - Tiempo de ejecución: 0.052s
[22-Sep-2026 12:23:53 America/Mexico_City] Sistema iniciado - 2026-09-22 12:23:53
[22-Sep-2026 12:23:53 America/Mexico_City] PHP Notice:  session_start(): Ignoring session_start() because a session is already active in C:\xampp\htdocs\Punto-de-venta\index.php on line 11
[22-Sep-2026 12:23:53 America/Mexico_City] Script finalizado - Tiempo de ejecución: 0.027s
[22-Sep-2026 12:23:53 America/Mexico_City] Sistema iniciado - 2026-09-22 12:23:53
[22-Sep-2026 12:23:53 America/Mexico_City] Script finalizado - Tiempo de ejecución: 0.032s
[22-Sep-2026 12:24:00 America/Mexico_City] Sistema iniciado - 2026-09-22 12:24:00
[22-Sep-2026 12:24:00 America/Mexico_City] Script finalizado - Tiempo de ejecución: 0.027s
[22-Sep-2026 12:41:58 America/Mexico_City] Sistema iniciado - 2026-09-22 12:41:58
[22-Sep-2026 12:41:58 America/Mexico_City] Script finalizado - Tiempo de ejecución: 0.028s
[22-Sep-2026 13:12:08 America/Mexico_City] Sistema iniciado - 2026-09-22 13:12:08
[22-Sep-2026 13:12:08 America/Mexico_City] Script finalizado - Tiempo de ejecución: 0.034s
[22-Sep-2026 13:13:35 America/Mexico_City] Sistema iniciado - 2026-09-22 13:13:35
[22-Sep-2026 13:13:35 America/Mexico_City] Script finalizado - Tiempo de ejecución: 0.039s
[22-Sep-2026 13:15:04 America/Mexico_City] Sistema iniciado - 2026-09-22 13:15:04
[22-Sep-2026 13:15:04 America/Mexico_City] Script finalizado - Tiempo de ejecución: 0.07s
[22-Sep-2026 13:27:50 America/Mexico_City] Sistema iniciado - 2026-09-22 13:27:50
[22-Sep-2026 13:27:50 America/Mexico_City] Script finalizado - Tiempo de ejecución: 0.05s
[22-Sep-2026 13:34:09 America/Mexico_City] Sistema iniciado - 2026-09-22 13:34:09
[22-Sep-2026 13:34:10 America/Mexico_City] Script finalizado - Tiempo de ejecución: 0.628s
[22-Sep-2026 13:34:10 America/Mexico_City] Sistema iniciado - 2026-09-22 13:34:10
[22-Sep-2026 13:34:10 America/Mexico_City] PHP Notice:  session_start(): Ignoring session_start() because a session is already active in C:\xampp\htdocs\Punto-de-venta\index.php on line 11
[22-Sep-2026 13:34:10 America/Mexico_City] Script finalizado - Tiempo de ejecución: 0.035s
[22-Sep-2026 13:34:10 America/Mexico_City] Sistema iniciado - 2026-09-22 13:34:10
[22-Sep-2026 13:34:10 America/Mexico_City] Script finalizado - Tiempo de ejecución: 0.025s
[22-Sep-2026 13:34:36 America/Mexico_City] Sistema iniciado - 2026-09-22 13:34:36
[22-Sep-2026 13:34:36 America/Mexico_City] Script finalizado - Tiempo de ejecución: 0.082s
[22-Sep-2026 13:35:58 America/Mexico_City] Sistema iniciado - 2026-09-22 13:35:58
[22-Sep-2026 13:35:58 America/Mexico_City] Script finalizado - Tiempo de ejecución: 0.027s
[22-Sep-2026 13:36:06 America/Mexico_City] Sistema iniciado - 2026-09-22 13:36:06
[22-Sep-2026 13:36:06 America/Mexico_City] Script finalizado - Tiempo de ejecución: 0.051s
[22-Sep-2026 13:37:33 America/Mexico_City] Sistema iniciado - 2026-09-22 13:37:33
[22-Sep-2026 13:37:33 America/Mexico_City] Script finalizado - Tiempo de ejecución: 0.066s
[22-Sep-2026 13:37:37 America/Mexico_City] Sistema iniciado - 2026-09-22 13:37:37
[22-Sep-2026 13:37:37 America/Mexico_City] Script finalizado - Tiempo de ejecución: 0.036s
[22-Sep-2026 13:37:41 America/Mexico_City] Sistema iniciado - 2026-09-22 13:37:41
[22-Sep-2026 13:37:41 America/Mexico_City] Script finalizado - Tiempo de ejecución: 0.033s
[22-Sep-2026 13:37:42 America/Mexico_City] Sistema iniciado - 2026-09-22 13:37:42
[22-Sep-2026 13:37:42 America/Mexico_City] Script finalizado - Tiempo de ejecución: 0.035s
[22-Sep-2026 13:37:47 America/Mexico_City] Sistema iniciado - 2026-09-22 13:37:47
[22-Sep-2026 13:37:47 America/Mexico_City] Script finalizado - Tiempo de ejecución: 0.045s
[22-Sep-2026 13:37:48 America/Mexico_City] Sistema iniciado - 2026-09-22 13:37:48
[22-Sep-2026 13:37:48 America/Mexico_City] Script finalizado - Tiempo de ejecución: 0.027s
[22-Sep-2026 13:38:26 America/Mexico_City] Sistema iniciado - 2026-09-22 13:38:26
[22-Sep-2026 13:38:26 America/Mexico_City] Script finalizado - Tiempo de ejecución: 0.045s
[22-Sep-2026 13:38:28 America/Mexico_City] Sistema iniciado - 2026-09-22 13:38:28
[22-Sep-2026 13:38:28 America/Mexico_City] Script finalizado - Tiempo de ejecución: 0.027s
[22-Sep-2026 13:38:30 America/Mexico_City] Sistema iniciado - 2026-09-22 13:38:30
[22-Sep-2026 13:38:30 America/Mexico_City] Script finalizado - Tiempo de ejecución: 0.033s
[22-Sep-2026 13:38:39 America/Mexico_City] Sistema iniciado - 2026-09-22 13:38:39
[22-Sep-2026 13:38:39 America/Mexico_City] Script finalizado - Tiempo de ejecución: 0.093s
[22-Sep-2026 13:41:33 America/Mexico_City] Sistema iniciado - 2026-09-22 13:41:33
[22-Sep-2026 13:41:33 America/Mexico_City] Script finalizado - Tiempo de ejecución: 0.071s
[22-Sep-2026 13:42:48 America/Mexico_City] Sistema iniciado - 2026-09-22 13:42:48
[22-Sep-2026 13:42:48 America/Mexico_City] Script finalizado - Tiempo de ejecución: 0.194s
[22-Sep-2026 13:42:50 America/Mexico_City] Sistema iniciado - 2026-09-22 13:42:50
[22-Sep-2026 13:42:50 America/Mexico_City] Script finalizado - Tiempo de ejecución: 0.043s
[22-Sep-2026 13:43:38 America/Mexico_City] Sistema iniciado - 2026-09-22 13:43:38
[22-Sep-2026 13:43:38 America/Mexico_City] Script finalizado - Tiempo de ejecución: 0.058s
[22-Sep-2026 13:43:46 America/Mexico_City] Sistema iniciado - 2026-09-22 13:43:46
[22-Sep-2026 13:43:46 America/Mexico_City] Script finalizado - Tiempo de ejecución: 0.236s
[22-Sep-2026 13:43:48 America/Mexico_City] Sistema iniciado - 2026-09-22 13:43:48
[22-Sep-2026 13:43:48 America/Mexico_City] Script finalizado - Tiempo de ejecución: 0.036s
[22-Sep-2026 13:43:53 America/Mexico_City] Sistema iniciado - 2026-09-22 13:43:53
[22-Sep-2026 13:43:53 America/Mexico_City] Script finalizado - Tiempo de ejecución: 0.055s
[22-Sep-2026 13:43:57 America/Mexico_City] Sistema iniciado - 2026-09-22 13:43:57
[22-Sep-2026 13:43:57 America/Mexico_City] Script finalizado - Tiempo de ejecución: 0.078s
[22-Sep-2026 13:45:14 America/Mexico_City] Sistema iniciado - 2026-09-22 13:45:14
[22-Sep-2026 13:45:14 America/Mexico_City] Script finalizado - Tiempo de ejecución: 0.065s
[22-Sep-2026 13:48:56 America/Mexico_City] Sistema iniciado - 2026-09-22 13:48:56
[22-Sep-2026 13:48:56 America/Mexico_City] Script finalizado - Tiempo de ejecución: 0.045s
[22-Sep-2026 13:50:29 America/Mexico_City] Sistema iniciado - 2026-09-22 13:50:29
[22-Sep-2026 13:50:29 America/Mexico_City] Script finalizado - Tiempo de ejecución: 0.044s
[22-Sep-2026 13:50:31 America/Mexico_City] Sistema iniciado - 2026-09-22 13:50:31
[22-Sep-2026 13:50:32 America/Mexico_City] Script finalizado - Tiempo de ejecución: 0.497s
[22-Sep-2026 13:50:34 America/Mexico_City] Sistema iniciado - 2026-09-22 13:50:34
[22-Sep-2026 13:50:34 America/Mexico_City] Script finalizado - Tiempo de ejecución: 0.069s
[22-Sep-2026 13:50:38 America/Mexico_City] Sistema iniciado - 2026-09-22 13:50:38
[22-Sep-2026 13:50:38 America/Mexico_City] Script finalizado - Tiempo de ejecución: 0.03s
[22-Sep-2026 13:51:12 America/Mexico_City] Sistema iniciado - 2026-09-22 13:51:12
[22-Sep-2026 13:51:12 America/Mexico_City] Script finalizado - Tiempo de ejecución: 0.07s
[22-Sep-2026 13:51:19 America/Mexico_City] Sistema iniciado - 2026-09-22 13:51:19
[22-Sep-2026 13:51:19 America/Mexico_City] Script finalizado - Tiempo de ejecución: 0.076s
[22-Sep-2026 13:51:23 America/Mexico_City] Sistema iniciado - 2026-09-22 13:51:23
[22-Sep-2026 13:51:23 America/Mexico_City] Script finalizado - Tiempo de ejecución: 0.091s
[22-Sep-2026 13:51:26 America/Mexico_City] Sistema iniciado - 2026-09-22 13:51:26
[22-Sep-2026 13:51:26 America/Mexico_City] Script finalizado - Tiempo de ejecución: 0.031s
[22-Sep-2026 13:51:30 America/Mexico_City] Sistema iniciado - 2026-09-22 13:51:30
[22-Sep-2026 13:51:30 America/Mexico_City] Script finalizado - Tiempo de ejecución: 0.031s
[22-Sep-2026 13:51:36 America/Mexico_City] Sistema iniciado - 2026-09-22 13:51:36
[22-Sep-2026 13:51:37 America/Mexico_City] Script finalizado - Tiempo de ejecución: 0.03s
[22-Sep-2026 13:52:00 America/Mexico_City] Sistema iniciado - 2026-09-22 13:52:00
[22-Sep-2026 13:52:00 America/Mexico_City] Script finalizado - Tiempo de ejecución: 0.025s
[22-Sep-2026 13:52:05 America/Mexico_City] Sistema iniciado - 2026-09-22 13:52:05
[22-Sep-2026 13:52:05 America/Mexico_City] Script finalizado - Tiempo de ejecución: 0.049s
[22-Sep-2026 13:53:46 America/Mexico_City] Sistema iniciado - 2026-09-22 13:53:46
[22-Sep-2026 13:53:46 America/Mexico_City] Script finalizado - Tiempo de ejecución: 0.078s
[22-Sep-2026 13:53:47 America/Mexico_City] Sistema iniciado - 2026-09-22 13:53:47
[22-Sep-2026 13:53:47 America/Mexico_City] Script finalizado - Tiempo de ejecución: 0.051s
[22-Sep-2026 13:53:50 America/Mexico_City] Sistema iniciado - 2026-09-22 13:53:50
[22-Sep-2026 13:53:50 America/Mexico_City] Script finalizado - Tiempo de ejecución: 0.025s
[22-Sep-2026 13:53:53 America/Mexico_City] Sistema iniciado - 2026-09-22 13:53:53
[22-Sep-2026 13:53:53 America/Mexico_City] Script finalizado - Tiempo de ejecución: 0.028s
[22-Sep-2026 13:54:02 America/Mexico_City] Sistema iniciado - 2026-09-22 13:54:02
[22-Sep-2026 13:54:02 America/Mexico_City] Script finalizado - Tiempo de ejecución: 0.048s
[22-Sep-2026 13:54:07 America/Mexico_City] Sistema iniciado - 2026-09-22 13:54:07
[22-Sep-2026 13:54:07 America/Mexico_City] Script finalizado - Tiempo de ejecución: 0.06s
[22-Sep-2026 13:55:24 America/Mexico_City] Sistema iniciado - 2026-09-22 13:55:24
[22-Sep-2026 13:55:25 America/Mexico_City] Script finalizado - Tiempo de ejecución: 0.635s
[22-Sep-2026 13:55:25 America/Mexico_City] Sistema iniciado - 2026-09-22 13:55:25
[22-Sep-2026 13:55:25 America/Mexico_City] PHP Notice:  session_start(): Ignoring session_start() because a session is already active in C:\xampp\htdocs\Punto-de-venta\index.php on line 11
[22-Sep-2026 13:55:25 America/Mexico_City] Script finalizado - Tiempo de ejecución: 0.031s
[22-Sep-2026 13:55:25 America/Mexico_City] Sistema iniciado - 2026-09-22 13:55:25
[22-Sep-2026 13:55:25 America/Mexico_City] Script finalizado - Tiempo de ejecución: 0.025s
[22-Sep-2026 13:55:41 America/Mexico_City] Sistema iniciado - 2026-09-22 13:55:41
[22-Sep-2026 13:55:41 America/Mexico_City] Script finalizado - Tiempo de ejecución: 0.027s
[22-Sep-2026 13:55:48 America/Mexico_City] Sistema iniciado - 2026-09-22 13:55:48
[22-Sep-2026 13:55:49 America/Mexico_City] Script finalizado - Tiempo de ejecución: 0.655s
[22-Sep-2026 13:55:51 America/Mexico_City] Sistema iniciado - 2026-09-22 13:55:51
[22-Sep-2026 13:55:51 America/Mexico_City] Script finalizado - Tiempo de ejecución: 0.107s
[22-Sep-2026 13:56:32 America/Mexico_City] Sistema iniciado - 2026-09-22 13:56:32
[22-Sep-2026 13:56:32 America/Mexico_City] Script finalizado - Tiempo de ejecución: 0.065s
[22-Sep-2026 13:56:35 America/Mexico_City] Sistema iniciado - 2026-09-22 13:56:35
[22-Sep-2026 13:56:35 America/Mexico_City] Script finalizado - Tiempo de ejecución: 0.052s
[22-Sep-2026 13:57:06 America/Mexico_City] Sistema iniciado - 2026-09-22 13:57:06
[22-Sep-2026 13:57:06 America/Mexico_City] Script finalizado - Tiempo de ejecución: 0.04s
[22-Sep-2026 13:57:08 America/Mexico_City] Sistema iniciado - 2026-09-22 13:57:08
[22-Sep-2026 13:57:08 America/Mexico_City] Script finalizado - Tiempo de ejecución: 0.024s
[22-Sep-2026 13:57:08 America/Mexico_City] Sistema iniciado - 2026-09-22 13:57:08
[22-Sep-2026 13:57:08 America/Mexico_City] Script finalizado - Tiempo de ejecución: 0.029s
[22-Sep-2026 14:00:06 America/Mexico_City] Sistema iniciado - 2026-09-22 14:00:06
[22-Sep-2026 14:00:06 America/Mexico_City] Script finalizado - Tiempo de ejecución: 0.188s
[22-Sep-2026 14:00:08 America/Mexico_City] Sistema iniciado - 2026-09-22 14:00:08
[22-Sep-2026 14:00:08 America/Mexico_City] Script finalizado - Tiempo de ejecución: 0.035s
[22-Sep-2026 14:00:43 America/Mexico_City] Sistema iniciado - 2026-09-22 14:00:43
[22-Sep-2026 14:00:43 America/Mexico_City] Script finalizado - Tiempo de ejecución: 0.046s
[22-Sep-2026 14:00:51 America/Mexico_City] Sistema iniciado - 2026-09-22 14:00:51
[22-Sep-2026 14:00:52 America/Mexico_City] Script finalizado - Tiempo de ejecución: 0.515s
[22-Sep-2026 14:00:54 America/Mexico_City] Sistema iniciado - 2026-09-22 14:00:54
[22-Sep-2026 14:00:54 America/Mexico_City] Script finalizado - Tiempo de ejecución: 0.094s
[22-Sep-2026 14:01:02 America/Mexico_City] Sistema iniciado - 2026-09-22 14:01:02
[22-Sep-2026 14:01:02 America/Mexico_City] Script finalizado - Tiempo de ejecución: 0.038s
[22-Sep-2026 14:01:04 America/Mexico_City] Sistema iniciado - 2026-09-22 14:01:04
[22-Sep-2026 14:01:04 America/Mexico_City] Script finalizado - Tiempo de ejecución: 0.036s
[22-Sep-2026 15:06:53 America/Mexico_City] Sistema iniciado - 2026-09-22 15:06:53
[22-Sep-2026 15:06:53 America/Mexico_City] Script finalizado - Tiempo de ejecución: 0.062s
[22-Sep-2026 15:06:56 America/Mexico_City] Sistema iniciado - 2026-09-22 15:06:56
[22-Sep-2026 15:06:56 America/Mexico_City] Script finalizado - Tiempo de ejecución: 0.029s
[22-Sep-2026 15:07:30 America/Mexico_City] Sistema iniciado - 2026-09-22 15:07:30
[22-Sep-2026 15:07:30 America/Mexico_City] Script finalizado - Tiempo de ejecución: 0.073s
[22-Sep-2026 15:07:32 America/Mexico_City] Sistema iniciado - 2026-09-22 15:07:32
[22-Sep-2026 15:07:32 America/Mexico_City] Script finalizado - Tiempo de ejecución: 0.032s
[22-Sep-2026 15:07:33 America/Mexico_City] Sistema iniciado - 2026-09-22 15:07:33
[22-Sep-2026 15:07:33 America/Mexico_City] Script finalizado - Tiempo de ejecución: 0.031s
[22-Sep-2026 15:08:28 America/Mexico_City] Sistema iniciado - 2026-09-22 15:08:28
[22-Sep-2026 15:08:28 America/Mexico_City] Script finalizado - Tiempo de ejecución: 0.066s
[22-Sep-2026 15:09:49 America/Mexico_City] Sistema iniciado - 2026-09-22 15:09:49
[22-Sep-2026 15:09:49 America/Mexico_City] Script finalizado - Tiempo de ejecución: 0.053s
[22-Sep-2026 15:11:35 America/Mexico_City] Sistema iniciado - 2026-09-22 15:11:35
[22-Sep-2026 15:11:35 America/Mexico_City] Script finalizado - Tiempo de ejecución: 0.057s
[22-Sep-2026 15:11:36 America/Mexico_City] Sistema iniciado - 2026-09-22 15:11:36
[22-Sep-2026 15:11:36 America/Mexico_City] Script finalizado - Tiempo de ejecución: 0.038s
[22-Sep-2026 15:12:33 America/Mexico_City] Sistema iniciado - 2026-09-22 15:12:33
[22-Sep-2026 15:12:33 America/Mexico_City] Script finalizado - Tiempo de ejecución: 0.059s
[22-Sep-2026 15:30:33 America/Mexico_City] Sistema iniciado - 2026-09-22 15:30:33
[22-Sep-2026 15:30:33 America/Mexico_City] Script finalizado - Tiempo de ejecución: 0.026s
[22-Sep-2026 16:48:00 America/Mexico_City] Sistema iniciado - 2026-09-22 16:48:00
[22-Sep-2026 16:48:00 America/Mexico_City] Script finalizado - Tiempo de ejecución: 0.023s
[22-Sep-2026 16:48:05 America/Mexico_City] Sistema iniciado - 2026-09-22 16:48:05
[22-Sep-2026 16:48:05 America/Mexico_City] Script finalizado - Tiempo de ejecución: 0.027s
[22-Sep-2026 16:48:10 America/Mexico_City] Sistema iniciado - 2026-09-22 16:48:10
[22-Sep-2026 16:48:10 America/Mexico_City] Script finalizado - Tiempo de ejecución: 0.023s
[22-Sep-2026 16:48:17 America/Mexico_City] Sistema iniciado - 2026-09-22 16:48:17
[22-Sep-2026 16:48:17 America/Mexico_City] Script finalizado - Tiempo de ejecución: 0.05s
[22-Sep-2026 16:48:45 America/Mexico_City] Sistema iniciado - 2026-09-22 16:48:45
[22-Sep-2026 16:48:45 America/Mexico_City] Script finalizado - Tiempo de ejecución: 0.03s
[22-Sep-2026 16:48:46 America/Mexico_City] Sistema iniciado - 2026-09-22 16:48:46
[22-Sep-2026 16:48:46 America/Mexico_City] Script finalizado - Tiempo de ejecución: 0.026s
[22-Sep-2026 16:48:49 America/Mexico_City] Sistema iniciado - 2026-09-22 16:48:49
[22-Sep-2026 16:48:49 America/Mexico_City] Script finalizado - Tiempo de ejecución: 0.057s
[22-Sep-2026 16:48:54 America/Mexico_City] Sistema iniciado - 2026-09-22 16:48:54
[22-Sep-2026 16:48:54 America/Mexico_City] Script finalizado - Tiempo de ejecución: 0.039s
[22-Sep-2026 16:49:05 America/Mexico_City] Sistema iniciado - 2026-09-22 16:49:05
[22-Sep-2026 16:49:05 America/Mexico_City] Script finalizado - Tiempo de ejecución: 0.031s
[22-Sep-2026 16:49:07 America/Mexico_City] Sistema iniciado - 2026-09-22 16:49:07
[22-Sep-2026 16:49:07 America/Mexico_City] Script finalizado - Tiempo de ejecución: 0.045s
[22-Sep-2026 16:49:45 America/Mexico_City] Sistema iniciado - 2026-09-22 16:49:45
[22-Sep-2026 16:49:45 America/Mexico_City] Script finalizado - Tiempo de ejecución: 0.053s
[22-Sep-2026 16:49:48 America/Mexico_City] Sistema iniciado - 2026-09-22 16:49:48
[22-Sep-2026 16:49:48 America/Mexico_City] Script finalizado - Tiempo de ejecución: 0.043s
[22-Sep-2026 16:49:53 America/Mexico_City] Sistema iniciado - 2026-09-22 16:49:53
[22-Sep-2026 16:49:53 America/Mexico_City] Script finalizado - Tiempo de ejecución: 0.019s
[22-Sep-2026 16:49:58 America/Mexico_City] Sistema iniciado - 2026-09-22 16:49:58
[22-Sep-2026 16:49:58 America/Mexico_City] Script finalizado - Tiempo de ejecución: 0.045s
[22-Sep-2026 16:50:02 America/Mexico_City] Sistema iniciado - 2026-09-22 16:50:02
[22-Sep-2026 16:50:02 America/Mexico_City] Script finalizado - Tiempo de ejecución: 0.047s
[22-Sep-2026 16:50:15 America/Mexico_City] Sistema iniciado - 2026-09-22 16:50:15
[22-Sep-2026 16:50:15 America/Mexico_City] Script finalizado - Tiempo de ejecución: 0.033s
[22-Sep-2026 16:50:21 America/Mexico_City] Sistema iniciado - 2026-09-22 16:50:21
[22-Sep-2026 16:50:21 America/Mexico_City] Script finalizado - Tiempo de ejecución: 0.03s
[22-Sep-2026 16:50:30 America/Mexico_City] Sistema iniciado - 2026-09-22 16:50:30
[22-Sep-2026 16:50:30 America/Mexico_City] Script finalizado - Tiempo de ejecución: 0.042s
[22-Sep-2026 16:50:36 America/Mexico_City] Sistema iniciado - 2026-09-22 16:50:36
[22-Sep-2026 16:50:36 America/Mexico_City] Script finalizado - Tiempo de ejecución: 0.052s
[22-Sep-2026 16:50:36 America/Mexico_City] Sistema iniciado - 2026-09-22 16:50:36
[22-Sep-2026 16:50:36 America/Mexico_City] Script finalizado - Tiempo de ejecución: 0.038s
[22-Sep-2026 16:50:59 America/Mexico_City] Sistema iniciado - 2026-09-22 16:50:59
[22-Sep-2026 16:50:59 America/Mexico_City] Script finalizado - Tiempo de ejecución: 0.022s
[22-Sep-2026 16:51:06 America/Mexico_City] Sistema iniciado - 2026-09-22 16:51:06
[22-Sep-2026 16:51:06 America/Mexico_City] Script finalizado - Tiempo de ejecución: 0.049s
[22-Sep-2026 16:51:08 America/Mexico_City] Sistema iniciado - 2026-09-22 16:51:08
[22-Sep-2026 16:51:08 America/Mexico_City] Script finalizado - Tiempo de ejecución: 0.045s
[22-Sep-2026 16:51:09 America/Mexico_City] Sistema iniciado - 2026-09-22 16:51:09
[22-Sep-2026 16:51:09 America/Mexico_City] Script finalizado - Tiempo de ejecución: 0.038s
[22-Sep-2026 16:51:24 America/Mexico_City] Sistema iniciado - 2026-09-22 16:51:24
[22-Sep-2026 16:51:24 America/Mexico_City] Script finalizado - Tiempo de ejecución: 0.036s
[22-Sep-2026 16:51:26 America/Mexico_City] Sistema iniciado - 2026-09-22 16:51:26
[22-Sep-2026 16:51:26 America/Mexico_City] Script finalizado - Tiempo de ejecución: 0.048s
[22-Sep-2026 16:51:30 America/Mexico_City] Sistema iniciado - 2026-09-22 16:51:30
[22-Sep-2026 16:51:30 America/Mexico_City] Script finalizado - Tiempo de ejecución: 0.035s
[22-Sep-2026 16:51:38 America/Mexico_City] Sistema iniciado - 2026-09-22 16:51:38
[22-Sep-2026 16:51:38 America/Mexico_City] Script finalizado - Tiempo de ejecución: 0.04s
[22-Sep-2026 16:51:47 America/Mexico_City] Sistema iniciado - 2026-09-22 16:51:47
[22-Sep-2026 16:51:47 America/Mexico_City] Script finalizado - Tiempo de ejecución: 0.035s
[22-Sep-2026 16:51:55 America/Mexico_City] Sistema iniciado - 2026-09-22 16:51:55
[22-Sep-2026 16:51:55 America/Mexico_City] Script finalizado - Tiempo de ejecución: 0.058s
[22-Sep-2026 16:51:57 America/Mexico_City] Sistema iniciado - 2026-09-22 16:51:57
[22-Sep-2026 16:51:57 America/Mexico_City] Script finalizado - Tiempo de ejecución: 0.05s
[22-Sep-2026 16:53:39 America/Mexico_City] Sistema iniciado - 2026-09-22 16:53:39
[22-Sep-2026 16:53:39 America/Mexico_City] Script finalizado - Tiempo de ejecución: 0.058s
[22-Sep-2026 16:53:46 America/Mexico_City] Sistema iniciado - 2026-09-22 16:53:46
[22-Sep-2026 16:53:46 America/Mexico_City] Script finalizado - Tiempo de ejecución: 0.029s
[22-Sep-2026 16:53:52 America/Mexico_City] Sistema iniciado - 2026-09-22 16:53:52
[22-Sep-2026 16:53:52 America/Mexico_City] Script finalizado - Tiempo de ejecución: 0.026s
[22-Sep-2026 16:53:57 America/Mexico_City] Sistema iniciado - 2026-09-22 16:53:57
[22-Sep-2026 16:53:57 America/Mexico_City] Script finalizado - Tiempo de ejecución: 0.036s
[22-Sep-2026 16:54:09 America/Mexico_City] Sistema iniciado - 2026-09-22 16:54:09
[22-Sep-2026 16:54:09 America/Mexico_City] Script finalizado - Tiempo de ejecución: 0.039s
[22-Sep-2026 16:54:14 America/Mexico_City] Sistema iniciado - 2026-09-22 16:54:14
[22-Sep-2026 16:54:14 America/Mexico_City] Script finalizado - Tiempo de ejecución: 0.028s
[22-Sep-2026 16:54:37 America/Mexico_City] Sistema iniciado - 2026-09-22 16:54:37
[22-Sep-2026 16:54:37 America/Mexico_City] Script finalizado - Tiempo de ejecución: 0.038s
[22-Sep-2026 16:54:46 America/Mexico_City] Sistema iniciado - 2026-09-22 16:54:46
[22-Sep-2026 16:54:46 America/Mexico_City] Script finalizado - Tiempo de ejecución: 0.023s
[22-Sep-2026 16:54:51 America/Mexico_City] Sistema iniciado - 2026-09-22 16:54:51
[22-Sep-2026 16:54:51 America/Mexico_City] Script finalizado - Tiempo de ejecución: 0.042s
[22-Sep-2026 16:54:56 America/Mexico_City] Sistema iniciado - 2026-09-22 16:54:56
[22-Sep-2026 16:54:56 America/Mexico_City] Script finalizado - Tiempo de ejecución: 0.037s
[22-Sep-2026 16:55:00 America/Mexico_City] Sistema iniciado - 2026-09-22 16:55:00
[22-Sep-2026 16:55:00 America/Mexico_City] Script finalizado - Tiempo de ejecución: 0.032s
[22-Sep-2026 16:55:06 America/Mexico_City] Sistema iniciado - 2026-09-22 16:55:06
[22-Sep-2026 16:55:06 America/Mexico_City] Script finalizado - Tiempo de ejecución: 0.05s
[22-Sep-2026 17:02:38 America/Mexico_City] Sistema iniciado - 2026-09-22 17:02:38
[22-Sep-2026 17:02:38 America/Mexico_City] Script finalizado - Tiempo de ejecución: 0.026s
[22-Sep-2026 17:02:41 America/Mexico_City] Sistema iniciado - 2026-09-22 17:02:41
[22-Sep-2026 17:02:41 America/Mexico_City] Script finalizado - Tiempo de ejecución: 0.057s
[22-Sep-2026 17:02:42 America/Mexico_City] Sistema iniciado - 2026-09-22 17:02:42
[22-Sep-2026 17:02:42 America/Mexico_City] Script finalizado - Tiempo de ejecución: 0.045s
[23-Sep-2026 09:10:17 America/Mexico_City] Sistema iniciado - 2026-09-23 09:10:17
[23-Sep-2026 09:10:17 America/Mexico_City] Script finalizado - Tiempo de ejecución: 0.5s
[23-Sep-2026 09:10:17 America/Mexico_City] Sistema iniciado - 2026-09-23 09:10:17
[23-Sep-2026 09:10:17 America/Mexico_City] PHP Notice:  session_start(): Ignoring session_start() because a session is already active in C:\xampp\htdocs\Punto-de-venta\index.php on line 11
[23-Sep-2026 09:10:17 America/Mexico_City] Script finalizado - Tiempo de ejecución: 0.036s
[23-Sep-2026 09:10:17 America/Mexico_City] Sistema iniciado - 2026-09-23 09:10:17
[23-Sep-2026 09:10:17 America/Mexico_City] Script finalizado - Tiempo de ejecución: 0.041s
[23-Sep-2026 09:25:05 America/Mexico_City] Sistema iniciado - 2026-09-23 09:25:05
[23-Sep-2026 09:25:05 America/Mexico_City] Script finalizado - Tiempo de ejecución: 0.04s
[23-Sep-2026 09:25:19 America/Mexico_City] Sistema iniciado - 2026-09-23 09:25:19
[23-Sep-2026 09:25:19 America/Mexico_City] Script finalizado - Tiempo de ejecución: 0.068s
[23-Sep-2026 09:25:24 America/Mexico_City] Sistema iniciado - 2026-09-23 09:25:24
[23-Sep-2026 09:25:24 America/Mexico_City] Script finalizado - Tiempo de ejecución: 0.028s
[23-Sep-2026 09:25:28 America/Mexico_City] Sistema iniciado - 2026-09-23 09:25:28
[23-Sep-2026 09:25:28 America/Mexico_City] Script finalizado - Tiempo de ejecución: 0.069s
[23-Sep-2026 09:25:29 America/Mexico_City] Sistema iniciado - 2026-09-23 09:25:29
[23-Sep-2026 09:25:29 America/Mexico_City] Script finalizado - Tiempo de ejecución: 0.048s
[23-Sep-2026 09:25:33 America/Mexico_City] Sistema iniciado - 2026-09-23 09:25:33
[23-Sep-2026 09:25:33 America/Mexico_City] Script finalizado - Tiempo de ejecución: 0.028s
[23-Sep-2026 09:27:59 America/Mexico_City] Sistema iniciado - 2026-09-23 09:27:59
[23-Sep-2026 09:27:59 America/Mexico_City] Script finalizado - Tiempo de ejecución: 0.031s
[23-Sep-2026 09:30:30 America/Mexico_City] Sistema iniciado - 2026-09-23 09:30:30
[23-Sep-2026 09:30:30 America/Mexico_City] Script finalizado - Tiempo de ejecución: 0.059s
[23-Sep-2026 09:30:39 America/Mexico_City] Sistema iniciado - 2026-09-23 09:30:39
[23-Sep-2026 09:30:39 America/Mexico_City] Script finalizado - Tiempo de ejecución: 0.058s
[23-Sep-2026 09:30:56 America/Mexico_City] Sistema iniciado - 2026-09-23 09:30:56
[23-Sep-2026 09:30:56 America/Mexico_City] Script finalizado - Tiempo de ejecución: 0.025s
[23-Sep-2026 09:30:58 America/Mexico_City] Sistema iniciado - 2026-09-23 09:30:58
[23-Sep-2026 09:30:58 America/Mexico_City] Script finalizado - Tiempo de ejecución: 0.063s
[23-Sep-2026 09:31:01 America/Mexico_City] Sistema iniciado - 2026-09-23 09:31:01
[23-Sep-2026 09:31:01 America/Mexico_City] Script finalizado - Tiempo de ejecución: 0.024s
[23-Sep-2026 09:31:06 America/Mexico_City] Sistema iniciado - 2026-09-23 09:31:06
[23-Sep-2026 09:31:06 America/Mexico_City] Script finalizado - Tiempo de ejecución: 0.04s
[23-Sep-2026 09:31:07 America/Mexico_City] Sistema iniciado - 2026-09-23 09:31:07
[23-Sep-2026 09:31:07 America/Mexico_City] Script finalizado - Tiempo de ejecución: 0.02s
[23-Sep-2026 09:31:23 America/Mexico_City] Sistema iniciado - 2026-09-23 09:31:23
[23-Sep-2026 09:31:23 America/Mexico_City] Script finalizado - Tiempo de ejecución: 0.07s
[23-Sep-2026 09:31:24 America/Mexico_City] Sistema iniciado - 2026-09-23 09:31:24
[23-Sep-2026 09:31:24 America/Mexico_City] Script finalizado - Tiempo de ejecución: 0.041s
[23-Sep-2026 09:31:34 America/Mexico_City] Sistema iniciado - 2026-09-23 09:31:34
[23-Sep-2026 09:31:34 America/Mexico_City] Script finalizado - Tiempo de ejecución: 0.028s
[23-Sep-2026 09:31:35 America/Mexico_City] Sistema iniciado - 2026-09-23 09:31:35
[23-Sep-2026 09:31:35 America/Mexico_City] Script finalizado - Tiempo de ejecución: 0.023s
[23-Sep-2026 09:36:07 America/Mexico_City] Sistema iniciado - 2026-09-23 09:36:07
[23-Sep-2026 09:36:07 America/Mexico_City] Script finalizado - Tiempo de ejecución: 0.034s
[23-Sep-2026 09:36:15 America/Mexico_City] Sistema iniciado - 2026-09-23 09:36:15
[23-Sep-2026 09:36:15 America/Mexico_City] Script finalizado - Tiempo de ejecución: 0.05s
[23-Sep-2026 09:38:05 America/Mexico_City] Sistema iniciado - 2026-09-23 09:38:05
[23-Sep-2026 09:38:05 America/Mexico_City] Script finalizado - Tiempo de ejecución: 0.069s
[23-Sep-2026 09:38:07 America/Mexico_City] Sistema iniciado - 2026-09-23 09:38:07
[23-Sep-2026 09:38:07 America/Mexico_City] Script finalizado - Tiempo de ejecución: 0.059s
[23-Sep-2026 09:38:10 America/Mexico_City] Sistema iniciado - 2026-09-23 09:38:10
[23-Sep-2026 09:38:10 America/Mexico_City] Script finalizado - Tiempo de ejecución: 0.042s
[23-Sep-2026 09:38:12 America/Mexico_City] Sistema iniciado - 2026-09-23 09:38:12
[23-Sep-2026 09:38:12 America/Mexico_City] Script finalizado - Tiempo de ejecución: 0.032s
[23-Sep-2026 09:38:16 America/Mexico_City] Sistema iniciado - 2026-09-23 09:38:16
[23-Sep-2026 09:38:16 America/Mexico_City] Script finalizado - Tiempo de ejecución: 0.069s
[23-Sep-2026 09:38:18 America/Mexico_City] Sistema iniciado - 2026-09-23 09:38:18
[23-Sep-2026 09:38:19 America/Mexico_City] Script finalizado - Tiempo de ejecución: 0.025s
[23-Sep-2026 09:38:20 America/Mexico_City] Sistema iniciado - 2026-09-23 09:38:20
[23-Sep-2026 09:38:20 America/Mexico_City] Script finalizado - Tiempo de ejecución: 0.035s
[23-Sep-2026 09:38:25 America/Mexico_City] Sistema iniciado - 2026-09-23 09:38:25
[23-Sep-2026 09:38:25 America/Mexico_City] Script finalizado - Tiempo de ejecución: 0.032s
[23-Sep-2026 09:38:34 America/Mexico_City] Sistema iniciado - 2026-09-23 09:38:34
[23-Sep-2026 09:38:34 America/Mexico_City] Script finalizado - Tiempo de ejecución: 0.599s
[23-Sep-2026 09:38:36 America/Mexico_City] Sistema iniciado - 2026-09-23 09:38:36
[23-Sep-2026 09:38:36 America/Mexico_City] Script finalizado - Tiempo de ejecución: 0.032s
[23-Sep-2026 09:38:45 America/Mexico_City] Sistema iniciado - 2026-09-23 09:38:45
[23-Sep-2026 09:38:45 America/Mexico_City] Script finalizado - Tiempo de ejecución: 0.047s
[23-Sep-2026 09:40:42 America/Mexico_City] Sistema iniciado - 2026-09-23 09:40:42
[23-Sep-2026 09:40:42 America/Mexico_City] Script finalizado - Tiempo de ejecución: 0.042s
[23-Sep-2026 09:40:45 America/Mexico_City] Sistema iniciado - 2026-09-23 09:40:45
[23-Sep-2026 09:40:45 America/Mexico_City] Script finalizado - Tiempo de ejecución: 0.046s
[23-Sep-2026 09:40:46 America/Mexico_City] Sistema iniciado - 2026-09-23 09:40:46
[23-Sep-2026 09:40:46 America/Mexico_City] Script finalizado - Tiempo de ejecución: 0.032s
[23-Sep-2026 09:40:50 America/Mexico_City] Sistema iniciado - 2026-09-23 09:40:50
[23-Sep-2026 09:40:50 America/Mexico_City] Script finalizado - Tiempo de ejecución: 0.026s
[23-Sep-2026 09:40:57 America/Mexico_City] Sistema iniciado - 2026-09-23 09:40:57
[23-Sep-2026 09:40:57 America/Mexico_City] Script finalizado - Tiempo de ejecución: 0.392s
[23-Sep-2026 09:40:59 America/Mexico_City] Sistema iniciado - 2026-09-23 09:40:59
[23-Sep-2026 09:40:59 America/Mexico_City] Script finalizado - Tiempo de ejecución: 0.098s
[23-Sep-2026 09:46:46 America/Mexico_City] Sistema iniciado - 2026-09-23 09:46:46
[23-Sep-2026 09:46:46 America/Mexico_City] Script finalizado - Tiempo de ejecución: 0.027s
[23-Sep-2026 09:46:50 America/Mexico_City] Sistema iniciado - 2026-09-23 09:46:50
[23-Sep-2026 09:46:50 America/Mexico_City] Script finalizado - Tiempo de ejecución: 0.064s
[23-Sep-2026 09:46:52 America/Mexico_City] Sistema iniciado - 2026-09-23 09:46:52
[23-Sep-2026 09:46:52 America/Mexico_City] Script finalizado - Tiempo de ejecución: 0.04s
[23-Sep-2026 09:47:10 America/Mexico_City] Sistema iniciado - 2026-09-23 09:47:10
[23-Sep-2026 09:47:10 America/Mexico_City] Script finalizado - Tiempo de ejecución: 0.049s
[23-Sep-2026 09:47:12 America/Mexico_City] Sistema iniciado - 2026-09-23 09:47:12
[23-Sep-2026 09:47:12 America/Mexico_City] Script finalizado - Tiempo de ejecución: 0.088s
[23-Sep-2026 09:47:14 America/Mexico_City] Sistema iniciado - 2026-09-23 09:47:14
[23-Sep-2026 09:47:14 America/Mexico_City] Script finalizado - Tiempo de ejecución: 0.029s
[23-Sep-2026 09:47:17 America/Mexico_City] Sistema iniciado - 2026-09-23 09:47:17
[23-Sep-2026 09:47:17 America/Mexico_City] Script finalizado - Tiempo de ejecución: 0.049s
[23-Sep-2026 09:47:20 America/Mexico_City] Sistema iniciado - 2026-09-23 09:47:20
[23-Sep-2026 09:47:20 America/Mexico_City] Script finalizado - Tiempo de ejecución: 0.092s
[23-Sep-2026 09:47:22 America/Mexico_City] Sistema iniciado - 2026-09-23 09:47:22
[23-Sep-2026 09:47:22 America/Mexico_City] Script finalizado - Tiempo de ejecución: 0.027s
[23-Sep-2026 09:47:27 America/Mexico_City] Sistema iniciado - 2026-09-23 09:47:27
[23-Sep-2026 09:47:27 America/Mexico_City] Script finalizado - Tiempo de ejecución: 0.029s
[23-Sep-2026 09:47:47 America/Mexico_City] Sistema iniciado - 2026-09-23 09:47:47
[23-Sep-2026 09:47:47 America/Mexico_City] Script finalizado - Tiempo de ejecución: 0.03s
[23-Sep-2026 09:48:01 America/Mexico_City] Sistema iniciado - 2026-09-23 09:48:01
[23-Sep-2026 09:48:01 America/Mexico_City] Script finalizado - Tiempo de ejecución: 0.056s
[23-Sep-2026 12:29:32 America/Mexico_City] Sistema iniciado - 2026-09-23 12:29:32
[23-Sep-2026 12:29:32 America/Mexico_City] Script finalizado - Tiempo de ejecución: 0.032s
[23-Sep-2026 12:29:40 America/Mexico_City] Sistema iniciado - 2026-09-23 12:29:40
[23-Sep-2026 12:29:40 America/Mexico_City] Script finalizado - Tiempo de ejecución: 0.054s
[23-Sep-2026 12:29:51 America/Mexico_City] Sistema iniciado - 2026-09-23 12:29:51
[23-Sep-2026 12:29:51 America/Mexico_City] Script finalizado - Tiempo de ejecución: 0.036s
[23-Sep-2026 12:31:11 America/Mexico_City] Sistema iniciado - 2026-09-23 12:31:11
[23-Sep-2026 12:31:11 America/Mexico_City] Script finalizado - Tiempo de ejecución: 0.054s
[23-Sep-2026 12:31:14 America/Mexico_City] Sistema iniciado - 2026-09-23 12:31:14
[23-Sep-2026 12:31:14 America/Mexico_City] Script finalizado - Tiempo de ejecución: 0.038s
[23-Sep-2026 12:31:17 America/Mexico_City] Sistema iniciado - 2026-09-23 12:31:17
[23-Sep-2026 12:31:17 America/Mexico_City] Script finalizado - Tiempo de ejecución: 0.045s
[23-Sep-2026 12:31:24 America/Mexico_City] Sistema iniciado - 2026-09-23 12:31:24
[23-Sep-2026 12:31:24 America/Mexico_City] Script finalizado - Tiempo de ejecución: 0.048s
[23-Sep-2026 12:31:33 America/Mexico_City] Sistema iniciado - 2026-09-23 12:31:33
[23-Sep-2026 12:31:33 America/Mexico_City] Script finalizado - Tiempo de ejecución: 0.051s
[23-Sep-2026 12:31:40 America/Mexico_City] Sistema iniciado - 2026-09-23 12:31:40
[23-Sep-2026 12:31:40 America/Mexico_City] Script finalizado - Tiempo de ejecución: 0.043s
[23-Sep-2026 12:33:06 America/Mexico_City] Sistema iniciado - 2026-09-23 12:33:06
[23-Sep-2026 12:33:06 America/Mexico_City] Script finalizado - Tiempo de ejecución: 0.049s
[23-Sep-2026 12:37:47 America/Mexico_City] Sistema iniciado - 2026-09-23 12:37:47
[23-Sep-2026 12:37:47 America/Mexico_City] Script finalizado - Tiempo de ejecución: 0.042s
[23-Sep-2026 12:37:50 America/Mexico_City] Sistema iniciado - 2026-09-23 12:37:50
[23-Sep-2026 12:37:50 America/Mexico_City] Script finalizado - Tiempo de ejecución: 0.049s
[23-Sep-2026 17:40:22 America/Mexico_City] Sistema iniciado - 2026-09-23 17:40:22
[23-Sep-2026 17:40:23 America/Mexico_City] Error en login_process.php: Credenciales incorrectas o cuenta inactiva
[23-Sep-2026 17:40:23 America/Mexico_City] Script finalizado - Tiempo de ejecución: 0.51s
[23-Sep-2026 17:40:25 America/Mexico_City] Sistema iniciado - 2026-09-23 17:40:25
[23-Sep-2026 17:40:26 America/Mexico_City] Error en login_process.php: Credenciales incorrectas o cuenta inactiva
[23-Sep-2026 17:40:26 America/Mexico_City] Script finalizado - Tiempo de ejecución: 0.463s
[23-Sep-2026 17:40:31 America/Mexico_City] Sistema iniciado - 2026-09-23 17:40:31
[23-Sep-2026 17:40:32 America/Mexico_City] Error en login_process.php: Credenciales incorrectas o cuenta inactiva
[23-Sep-2026 17:40:32 America/Mexico_City] Script finalizado - Tiempo de ejecución: 0.498s
[23-Sep-2026 17:41:04 America/Mexico_City] Sistema iniciado - 2026-09-23 17:41:04
[23-Sep-2026 17:41:05 America/Mexico_City] Script finalizado - Tiempo de ejecución: 0.498s
[23-Sep-2026 17:41:05 America/Mexico_City] Sistema iniciado - 2026-09-23 17:41:05
[23-Sep-2026 17:41:05 America/Mexico_City] PHP Notice:  session_start(): Ignoring session_start() because a session is already active in C:\xampp\htdocs\Punto-de-venta\index.php on line 11
[23-Sep-2026 17:41:05 America/Mexico_City] Script finalizado - Tiempo de ejecución: 0.033s
[23-Sep-2026 17:41:05 America/Mexico_City] Sistema iniciado - 2026-09-23 17:41:05
[23-Sep-2026 17:41:05 America/Mexico_City] Script finalizado - Tiempo de ejecución: 0.061s
[23-Sep-2026 17:41:19 America/Mexico_City] Sistema iniciado - 2026-09-23 17:41:19
[23-Sep-2026 17:41:19 America/Mexico_City] Script finalizado - Tiempo de ejecución: 0.05s
[23-Sep-2026 17:41:23 America/Mexico_City] Sistema iniciado - 2026-09-23 17:41:23
[23-Sep-2026 17:41:23 America/Mexico_City] Script finalizado - Tiempo de ejecución: 0.023s
[23-Sep-2026 17:41:25 America/Mexico_City] Sistema iniciado - 2026-09-23 17:41:25
[23-Sep-2026 17:41:25 America/Mexico_City] Script finalizado - Tiempo de ejecución: 0.033s
[23-Sep-2026 17:41:29 America/Mexico_City] Sistema iniciado - 2026-09-23 17:41:29
[23-Sep-2026 17:41:29 America/Mexico_City] Script finalizado - Tiempo de ejecución: 0.03s
[23-Sep-2026 17:41:49 America/Mexico_City] Sistema iniciado - 2026-09-23 17:41:49
[23-Sep-2026 17:41:49 America/Mexico_City] Script finalizado - Tiempo de ejecución: 0.048s
[23-Sep-2026 17:41:50 America/Mexico_City] Sistema iniciado - 2026-09-23 17:41:50
[23-Sep-2026 17:41:50 America/Mexico_City] Script finalizado - Tiempo de ejecución: 0.022s
[23-Sep-2026 17:42:01 America/Mexico_City] Sistema iniciado - 2026-09-23 17:42:01
[23-Sep-2026 17:42:01 America/Mexico_City] Script finalizado - Tiempo de ejecución: 0.037s
[23-Sep-2026 17:42:02 America/Mexico_City] Sistema iniciado - 2026-09-23 17:42:02
[23-Sep-2026 17:42:02 America/Mexico_City] Script finalizado - Tiempo de ejecución: 0.047s
[23-Sep-2026 17:42:04 America/Mexico_City] Sistema iniciado - 2026-09-23 17:42:04
[23-Sep-2026 17:42:04 America/Mexico_City] Script finalizado - Tiempo de ejecución: 0.049s
[23-Sep-2026 17:42:11 America/Mexico_City] Sistema iniciado - 2026-09-23 17:42:11
[23-Sep-2026 17:42:11 America/Mexico_City] Script finalizado - Tiempo de ejecución: 0.047s
[23-Sep-2026 17:42:17 America/Mexico_City] Sistema iniciado - 2026-09-23 17:42:17
[23-Sep-2026 17:42:17 America/Mexico_City] Script finalizado - Tiempo de ejecución: 0.05s
[23-Sep-2026 17:42:23 America/Mexico_City] Sistema iniciado - 2026-09-23 17:42:23
[23-Sep-2026 17:42:23 America/Mexico_City] Script finalizado - Tiempo de ejecución: 0.016s
[23-Sep-2026 17:42:39 America/Mexico_City] Sistema iniciado - 2026-09-23 17:42:39
[23-Sep-2026 17:42:39 America/Mexico_City] Script finalizado - Tiempo de ejecución: 0.023s
[23-Sep-2026 17:42:42 America/Mexico_City] Sistema iniciado - 2026-09-23 17:42:42
[23-Sep-2026 17:42:42 America/Mexico_City] Script finalizado - Tiempo de ejecución: 0.037s
[23-Sep-2026 17:42:59 America/Mexico_City] Sistema iniciado - 2026-09-23 17:42:59
[23-Sep-2026 17:42:59 America/Mexico_City] Script finalizado - Tiempo de ejecución: 0.029s
[23-Sep-2026 17:45:46 America/Mexico_City] Sistema iniciado - 2026-09-23 17:45:46
[23-Sep-2026 17:45:46 America/Mexico_City] Script finalizado - Tiempo de ejecución: 0.056s
[23-Sep-2026 17:45:55 America/Mexico_City] Sistema iniciado - 2026-09-23 17:45:55
[23-Sep-2026 17:45:55 America/Mexico_City] Script finalizado - Tiempo de ejecución: 0.021s
[23-Sep-2026 17:45:57 America/Mexico_City] Sistema iniciado - 2026-09-23 17:45:57
[23-Sep-2026 17:45:57 America/Mexico_City] Script finalizado - Tiempo de ejecución: 0.021s
[23-Sep-2026 17:46:57 America/Mexico_City] Sistema iniciado - 2026-09-23 17:46:57
[23-Sep-2026 17:46:57 America/Mexico_City] Script finalizado - Tiempo de ejecución: 0.033s
[23-Sep-2026 17:47:48 America/Mexico_City] Sistema iniciado - 2026-09-23 17:47:48
[23-Sep-2026 17:47:48 America/Mexico_City] Script finalizado - Tiempo de ejecución: 0.052s
[24-Sep-2026 09:20:07 America/Mexico_City] Sistema iniciado - 2026-09-24 09:20:07
[24-Sep-2026 09:20:08 America/Mexico_City] Script finalizado - Tiempo de ejecución: 0.77s
[24-Sep-2026 09:20:08 America/Mexico_City] Sistema iniciado - 2026-09-24 09:20:08
[24-Sep-2026 09:20:08 America/Mexico_City] PHP Notice:  session_start(): Ignoring session_start() because a session is already active in C:\xampp\htdocs\Punto-de-venta\index.php on line 11
[24-Sep-2026 09:20:08 America/Mexico_City] Script finalizado - Tiempo de ejecución: 0.047s
[24-Sep-2026 09:20:08 America/Mexico_City] Sistema iniciado - 2026-09-24 09:20:08
[24-Sep-2026 09:20:08 America/Mexico_City] Script finalizado - Tiempo de ejecución: 0.064s
[24-Sep-2026 09:25:02 America/Mexico_City] Sistema iniciado - 2026-09-24 09:25:02
[24-Sep-2026 09:25:02 America/Mexico_City] Script finalizado - Tiempo de ejecución: 0.04s
[24-Sep-2026 09:25:06 America/Mexico_City] Sistema iniciado - 2026-09-24 09:25:06
[24-Sep-2026 09:25:06 America/Mexico_City] Script finalizado - Tiempo de ejecución: 0.027s
[24-Sep-2026 09:25:10 America/Mexico_City] Sistema iniciado - 2026-09-24 09:25:10
[24-Sep-2026 09:25:10 America/Mexico_City] Script finalizado - Tiempo de ejecución: 0.046s
[24-Sep-2026 09:29:51 America/Mexico_City] Sistema iniciado - 2026-09-24 09:29:51
[24-Sep-2026 09:29:52 America/Mexico_City] Script finalizado - Tiempo de ejecución: 0.696s
[24-Sep-2026 09:29:52 America/Mexico_City] Sistema iniciado - 2026-09-24 09:29:52
[24-Sep-2026 09:29:52 America/Mexico_City] PHP Notice:  session_start(): Ignoring session_start() because a session is already active in C:\xampp\htdocs\Punto-de-venta\index.php on line 11
[24-Sep-2026 09:29:52 America/Mexico_City] Script finalizado - Tiempo de ejecución: 0.058s
[24-Sep-2026 09:29:52 America/Mexico_City] Sistema iniciado - 2026-09-24 09:29:52
[24-Sep-2026 09:29:52 America/Mexico_City] Script finalizado - Tiempo de ejecución: 0.038s
[24-Sep-2026 09:30:19 America/Mexico_City] Sistema iniciado - 2026-09-24 09:30:19
[24-Sep-2026 09:30:19 America/Mexico_City] Script finalizado - Tiempo de ejecución: 0.027s
[24-Sep-2026 09:30:23 America/Mexico_City] Sistema iniciado - 2026-09-24 09:30:23
[24-Sep-2026 09:30:23 America/Mexico_City] Script finalizado - Tiempo de ejecución: 0.03s
[24-Sep-2026 09:30:40 America/Mexico_City] Sistema iniciado - 2026-09-24 09:30:40
[24-Sep-2026 09:30:40 America/Mexico_City] Script finalizado - Tiempo de ejecución: 0.032s
[24-Sep-2026 10:35:42 America/Mexico_City] Sistema iniciado - 2026-09-24 10:35:42
[24-Sep-2026 10:35:42 America/Mexico_City] Script finalizado - Tiempo de ejecución: 0.028s
[24-Sep-2026 10:35:44 America/Mexico_City] Sistema iniciado - 2026-09-24 10:35:44
[24-Sep-2026 10:35:44 America/Mexico_City] Script finalizado - Tiempo de ejecución: 0.03s
[24-Sep-2026 10:35:47 America/Mexico_City] Sistema iniciado - 2026-09-24 10:35:47
[24-Sep-2026 10:35:47 America/Mexico_City] Script finalizado - Tiempo de ejecución: 0.027s
[24-Sep-2026 10:37:25 America/Mexico_City] Sistema iniciado - 2026-09-24 10:37:25
[24-Sep-2026 10:37:26 America/Mexico_City] Error en login_process.php: Credenciales incorrectas o cuenta inactiva
[24-Sep-2026 10:37:26 America/Mexico_City] Script finalizado - Tiempo de ejecución: 0.608s
[24-Sep-2026 10:37:33 America/Mexico_City] Sistema iniciado - 2026-09-24 10:37:33
[24-Sep-2026 10:37:33 America/Mexico_City] Script finalizado - Tiempo de ejecución: 0.645s
[24-Sep-2026 10:37:34 America/Mexico_City] Sistema iniciado - 2026-09-24 10:37:34
[24-Sep-2026 10:37:34 America/Mexico_City] Script finalizado - Tiempo de ejecución: 0.045s
[24-Sep-2026 10:37:34 America/Mexico_City] Sistema iniciado - 2026-09-24 10:37:34
[24-Sep-2026 10:37:34 America/Mexico_City] Script finalizado - Tiempo de ejecución: 0.041s
[25-Sep-2026 08:55:51 America/Mexico_City] Sistema iniciado - 2026-09-25 08:55:51
[25-Sep-2026 08:55:51 America/Mexico_City] Script finalizado - Tiempo de ejecución: 0.499s
[25-Sep-2026 08:55:51 America/Mexico_City] Sistema iniciado - 2026-09-25 08:55:51
[25-Sep-2026 08:55:51 America/Mexico_City] Script finalizado - Tiempo de ejecución: 0.033s
[25-Sep-2026 08:55:51 America/Mexico_City] Sistema iniciado - 2026-09-25 08:55:51
[25-Sep-2026 08:55:51 America/Mexico_City] Script finalizado - Tiempo de ejecución: 0.037s
[25-Sep-2026 15:34:34 America/Mexico_City] Sistema iniciado - 2026-09-25 15:34:34
[25-Sep-2026 15:34:34 America/Mexico_City] Error en login_process.php: Credenciales incorrectas o cuenta inactiva
[25-Sep-2026 15:34:34 America/Mexico_City] Script finalizado - Tiempo de ejecución: 0.574s
[25-Sep-2026 15:34:37 America/Mexico_City] Sistema iniciado - 2026-09-25 15:34:37
[25-Sep-2026 15:34:37 America/Mexico_City] Error en login_process.php: Credenciales incorrectas o cuenta inactiva
[25-Sep-2026 15:34:37 America/Mexico_City] Script finalizado - Tiempo de ejecución: 0.555s
[25-Sep-2026 15:34:45 America/Mexico_City] Sistema iniciado - 2026-09-25 15:34:45
[25-Sep-2026 15:34:46 America/Mexico_City] Error en login_process.php: Credenciales incorrectas o cuenta inactiva
[25-Sep-2026 15:34:46 America/Mexico_City] Script finalizado - Tiempo de ejecución: 0.535s
[25-Sep-2026 15:34:47 America/Mexico_City] Sistema iniciado - 2026-09-25 15:34:47
[25-Sep-2026 15:34:48 America/Mexico_City] Error en login_process.php: Credenciales incorrectas o cuenta inactiva
[25-Sep-2026 15:34:48 America/Mexico_City] Script finalizado - Tiempo de ejecución: 0.516s
[25-Sep-2026 16:02:44 America/Mexico_City] Sistema iniciado - 2026-09-25 16:02:44
[25-Sep-2026 16:02:45 America/Mexico_City] Script finalizado - Tiempo de ejecución: 0.471s
[25-Sep-2026 16:02:45 America/Mexico_City] Sistema iniciado - 2026-09-25 16:02:45
[25-Sep-2026 16:02:45 America/Mexico_City] Script finalizado - Tiempo de ejecución: 0.029s
[25-Sep-2026 16:02:45 America/Mexico_City] Sistema iniciado - 2026-09-25 16:02:45
[25-Sep-2026 16:02:45 America/Mexico_City] Script finalizado - Tiempo de ejecución: 0.054s
